{
  "container_small": {
    "fuel_rate_sea_t_per_h": {
      "median": 0.9802709353398973,
      "p10": 0.679524282391377,
      "p90": 1.3737415542165712
    },
    "sample_size": 2318
  },
  "container_feeder": {
    "fuel_rate_sea_t_per_h": {
      "median": 2.005068782717443,
      "p10": 1.233845253471101,
      "p90": 3.1641593737106124
    },
    "sample_size": 1991
  },
  "container_large": {
    "fuel_rate_sea_t_per_h": {
      "median": 3.7623070049664395,
      "p10": 2.5133717669482283,
      "p90": 5.293332350256327
    },
    "sample_size": 3427
  }
}