{
  "container_small": {
    "fuel_per_nm": {
      "mean": 88.21404659188956,
      "median": 85.34,
      "p10": 66.591,
      "p25": 75.3325,
      "p75": 97.9025,
      "p90": 111.693,
      "min": 0.62,
      "max": 353.16,
      "count": 2318
    },
    "fuel_per_km": {
      "mean": 47.63177461765095,
      "median": 46.07991360691145,
      "p10": 35.95626349892009,
      "p25": 40.67629589632829,
      "p75": 52.863120950323975,
      "p90": 60.30939524838013,
      "min": 0.33477321814254857,
      "max": 190.69114470842334,
      "count": 2318
    },
    "co2_per_nm": {
      "mean": 275.4494521138913,
      "median": 267.15999999999997,
      "p10": 207.91,
      "p25": 236.2175,
      "p75": 306.2675,
      "p90": 349.24800000000005,
      "min": 1.94,
      "max": 1074.74,
      "count": 2318
    },
    "sample_size": 2318
  },
  "container_feeder": {
    "fuel_per_nm": {
      "mean": 154.91347061778,
      "median": 149.15,
      "p10": 109.68,
      "p25": 127.405,
      "p75": 175.605,
      "p90": 210.67,
      "min": 50.95,
      "max": 323.57,
      "count": 1991
    },
    "fuel_per_km": {
      "mean": 83.64658240700865,
      "median": 80.53455723542116,
      "p10": 59.22246220302376,
      "p25": 68.79319654427646,
      "p75": 94.81911447084232,
      "p90": 113.75269978401727,
      "min": 27.510799136069114,
      "max": 174.71382289416846,
      "count": 1991
    },
    "co2_per_nm": {
      "mean": 483.7770668006027,
      "median": 465.75,
      "p10": 342.24,
      "p25": 398.665,
      "p75": 548.495,
      "p90": 659.06,
      "min": 160.83,
      "max": 926.65,
      "count": 1991
    },
    "sample_size": 1991
  },
  "container_large": {
    "fuel_per_nm": {
      "mean": 3999.844785526699,
      "median": 264.54,
      "p10": 189.744,
      "p25": 226.095,
      "p75": 304.6,
      "p90": 339.848,
      "min": 109.97,
      "max": 12790631.58,
      "count": 3427
    },
    "fuel_per_km": {
      "mean": 2159.7434047120414,
      "median": 142.8401727861771,
      "p10": 102.4535637149028,
      "p25": 122.08153347732181,
      "p75": 164.4708423326134,
      "p90": 183.50323974082073,
      "min": 59.379049676025915,
      "max": 6906388.542116631,
      "count": 3427
    },
    "co2_per_nm": {
      "mean": 12563.616655967315,
      "median": 821.8,
      "p10": 590.404,
      "p25": 701.615,
      "p75": 950.315,
      "p90": 1058.998,
      "min": 346.76,
      "max": 40200235.55,
      "count": 3427
    },
    "sample_size": 3427
  }
}