{
  "container_small": {
    "fuel_rate_hoteling_t_per_h": {
      "mean": 0.1398179174468187,
      "median": 0.12148357787549258,
      "trimmed_mean_1pct": 0.1354143926278555,
      "winsorized_mean_1pct": 0.13673680032777127,
      "p0": 0.007735818779558445,
      "p10": 0.08200319431997044,
      "p25": 0.1012241025841051,
      "p50": 0.12148357787549258,
      "p75": 0.15907092950668134,
      "p90": 0.21569256757777872,
      "p99": 0.34948336511682654,
      "p99_5": 0.3979319480733949,
      "p99_9": 0.6035066799767732,
      "min": 0.007735818779558445,
      "max": 5.165942857142858,
      "count": 3172
    },
    "ratio_used": 0.1142857142857143,
    "aux_main_ratio": 0.25,
    "sample_size": 3172
  },
  "container_feeder": {
    "fuel_rate_hoteling_t_per_h": {
      "mean": 0.2807407548301206,
      "median": 0.2671475686216528,
      "trimmed_mean_1pct": 0.27349997234537077,
      "winsorized_mean_1pct": 0.2742138749137786,
      "p0": 0.0009688210781656394,
      "p10": 0.19296225570675213,
      "p25": 0.22489911280219507,
      "p50": 0.2671475686216528,
      "p75": 0.31667723159947664,
      "p90": 0.3593526499110973,
      "p99": 0.5019550815159719,
      "p99_5": 0.5401846103258731,
      "p99_9": 0.735957770279076,
      "min": 0.0009688210781656394,
      "max": 8.940891912320485,
      "count": 1406
    },
    "ratio_used": 0.1142857142857143,
    "aux_main_ratio": 0.25,
    "sample_size": 1406
  },
  "container_large": {
    "fuel_rate_hoteling_t_per_h": {
      "mean": 0.4531738599113518,
      "median": 0.44364531498945914,
      "trimmed_mean_1pct": 0.4522068191750828,
      "winsorized_mean_1pct": 0.4525103193705935,
      "p0": 0.06255437717810994,
      "p10": 0.31746873603930353,
      "p25": 0.3711011736839764,
      "p50": 0.44364531498945914,
      "p75": 0.5291380874749708,
      "p90": 0.6075635751457231,
      "p99": 0.7313043004157069,
      "p99_5": 0.7591927681081739,
      "p99_9": 0.8100007484788498,
      "min": 0.06255437717810994,
      "max": 3.18991228892765,
      "count": 3100
    },
    "ratio_used": 0.1142857142857143,
    "aux_main_ratio": 0.25,
    "sample_size": 3100
  }
}