{
  "container_small": {
    "fuel_per_nm": {
      "mean": 100.60619798234552,
      "median": 93.14500000000001,
      "trimmed_mean_1pct": 99.05401222651223,
      "winsorized_mean_1pct": 99.6164160151324,
      "p0": 5.41,
      "p10": 69.114,
      "p25": 78.65,
      "p50": 93.14500000000001,
      "p75": 115.3175,
      "p90": 140.38899999999998,
      "p99": 201.62839999999997,
      "p99_5": 226.9586999999999,
      "p99_9": 324.7560000000043,
      "min": 5.41,
      "max": 2201.75,
      "count": 3172
    },
    "fuel_per_km": {
      "mean": 54.32300107038095,
      "median": 50.29427645788337,
      "trimmed_mean_1pct": 53.48488781129169,
      "winsorized_mean_1pct": 53.78856156324644,
      "p0": 2.9211663066954645,
      "p10": 37.31857451403887,
      "p25": 42.467602591792655,
      "p50": 50.29427645788337,
      "p75": 62.266468682505405,
      "p90": 75.80399568034557,
      "p99": 108.87062634989198,
      "p99_5": 122.54789416846647,
      "p99_9": 175.35421166306926,
      "min": 2.9211663066954645,
      "max": 1188.8498920086392,
      "count": 3172
    },
    "fuel_g_per_tnm": {
      "mean": 25.569933795712483,
      "median": 12.145,
      "trimmed_mean_1pct": 13.940778385332907,
      "winsorized_mean_1pct": 14.406420050441362,
      "p0": 0.28,
      "p10": 7.13,
      "p25": 8.9075,
      "p50": 12.145,
      "p75": 16.7525,
      "p90": 22.36,
      "p99": 68.51669999999996,
      "p99_5": 159.1458999999993,
      "p99_9": 1206.6993900000064,
      "min": 0.28,
      "max": 13475.58,
      "count": 3172
    },
    "co2_per_nm": {
      "mean": 315.00784047919296,
      "median": 292.45500000000004,
      "trimmed_mean_1pct": 310.29001608751605,
      "winsorized_mean_1pct": 312.0147754098361,
      "p0": 0.0,
      "p10": 217.07399999999998,
      "p25": 246.1875,
      "p50": 292.45500000000004,
      "p75": 361.225,
      "p90": 438.88900000000007,
      "p99": 631.1793,
      "p99_5": 709.5815499999997,
      "p99_9": 1019.8147200000143,
      "min": 0.0,
      "max": 6937.94,
      "count": 3172
    },
    "size_proxy_t": {
      "mean": 8951.386746901735,
      "median": 7740.304775862186,
      "trimmed_mean_1pct": 8925.029713305183,
      "winsorized_mean_1pct": 8955.920652817746,
      "p0": 6.976323097039237,
      "p10": 3430.111295976222,
      "p25": 5022.490041248075,
      "p50": 7740.304775862186,
      "p75": 12580.575029044194,
      "p90": 16756.96500672948,
      "p99": 19648.80802904121,
      "p99_5": 19809.066544988164,
      "p99_9": 19944.883180744273,
      "min": 6.976323097039237,
      "max": 19988.700564971754,
      "count": 3172
    },
    "teu_capacity": 2800.0,
    "sample_size": 3172
  },
  "container_feeder": {
    "fuel_per_nm": {
      "mean": 171.87666429587483,
      "median": 168.78,
      "trimmed_mean_1pct": 171.2414534883721,
      "winsorized_mean_1pct": 171.4335686344239,
      "p0": 0.62,
      "p10": 132.815,
      "p25": 149.43,
      "p50": 168.78,
      "p75": 191.5125,
      "p90": 214.675,
      "p99": 259.50800000000004,
      "p99_5": 276.85724999999985,
      "p99_9": 407.0264500000097,
      "min": 0.62,
      "max": 499.91,
      "count": 1406
    },
    "fuel_per_km": {
      "mean": 92.80597424183306,
      "median": 91.13390928725701,
      "trimmed_mean_1pct": 92.46298784469334,
      "winsorized_mean_1pct": 92.56672172485092,
      "p0": 0.33477321814254857,
      "p10": 71.71436285097192,
      "p25": 80.68574514038876,
      "p50": 91.13390928725701,
      "p75": 103.40847732181425,
      "p90": 115.91522678185746,
      "p99": 140.12311015118794,
      "p99_5": 149.49095572354202,
      "p99_9": 219.7767008639361,
      "min": 0.33477321814254857,
      "max": 269.9298056155508,
      "count": 1406
    },
    "fuel_g_per_tnm": {
      "mean": 6.1936201991465145,
      "median": 6.07,
      "trimmed_mean_1pct": 6.16930283224401,
      "winsorized_mean_1pct": 6.183613086770982,
      "p0": 0.03,
      "p10": 4.635,
      "p25": 5.282500000000001,
      "p50": 6.07,
      "p75": 6.91,
      "p90": 7.91,
      "p99": 9.778,
      "p99_5": 10.883749999999978,
      "p99_9": 12.722850000000262,
      "min": 0.03,
      "max": 16.02,
      "count": 1406
    },
    "co2_per_nm": {
      "mean": 537.8160739687056,
      "median": 528.11,
      "trimmed_mean_1pct": 536.2990334302325,
      "winsorized_mean_1pct": 536.8104409672831,
      "p0": 1.94,
      "p10": 415.205,
      "p25": 467.4175,
      "p50": 528.11,
      "p75": 600.76,
      "p90": 672.0,
      "p99": 815.59,
      "p99_5": 878.5224999999991,
      "p99_9": 1283.4824000000306,
      "min": 1.94,
      "max": 1581.83,
      "count": 1406
    },
    "size_proxy_t": {
      "mean": 28366.01258201417,
      "median": 27467.974918521817,
      "trimmed_mean_1pct": 28333.074359174516,
      "winsorized_mean_1pct": 28364.814328277156,
      "p0": 20000.0,
      "p10": 21357.282246549265,
      "p25": 23459.107643758765,
      "p50": 27467.974918521817,
      "p75": 32929.527040218665,
      "p90": 36502.55834529732,
      "p99": 39427.46594338853,
      "p99_5": 39594.9560609418,
      "p99_9": 39946.0713290333,
      "min": 20000.0,
      "max": 39982.06278026906,
      "count": 1406
    },
    "teu_capacity": 3800.0,
    "sample_size": 1406
  },
  "container_large": {
    "fuel_per_nm": {
      "mean": 4400.381535483871,
      "median": 270.30999999999995,
      "trimmed_mean_1pct": 273.61110599078336,
      "winsorized_mean_1pct": 273.96009587096773,
      "p0": 53.33,
      "p10": 212.304,
      "p25": 236.1125,
      "p50": 270.30999999999995,
      "p75": 307.34499999999997,
      "p90": 340.936,
      "p99": 425.9015999999999,
      "p99_5": 454.3355000000001,
      "p99_9": 608.3436200000252,
      "min": 53.33,
      "max": 12790631.58,
      "count": 3100
    },
    "fuel_per_km": {
      "mean": 2376.0159478854584,
      "median": 145.95572354211663,
      "trimmed_mean_1pct": 147.73817818076859,
      "winsorized_mean_1pct": 147.9266176409113,
      "p0": 28.795896328293733,
      "p10": 114.63498920086393,
      "p25": 127.49055075593952,
      "p50": 145.95572354211663,
      "p75": 165.95302375809933,
      "p90": 184.09071274298054,
      "p99": 229.96846652267814,
      "p99_5": 245.32154427645793,
      "p99_9": 328.479276457897,
      "min": 28.795896328293733,
      "max": 6906388.542116631,
      "count": 3100
    },
    "fuel_g_per_tnm": {
      "mean": 3.375467741935484,
      "median": 3.28,
      "trimmed_mean_1pct": 3.345176044751563,
      "winsorized_mean_1pct": 3.3548860967741936,
      "p0": 0.03,
      "p10": 2.03,
      "p25": 2.44,
      "p50": 3.28,
      "p75": 4.14,
      "p90": 4.7909999999999995,
      "p99": 6.09,
      "p99_5": 6.4252500000000055,
      "p99_9": 11.017540000000453,
      "min": 0.03,
      "max": 38.06,
      "count": 3100
    },
    "co2_per_nm": {
      "mean": 13820.551941935484,
      "median": 841.91,
      "trimmed_mean_1pct": 850.887017774852,
      "winsorized_mean_1pct": 851.550563419355,
      "p0": 58.4,
      "p10": 656.902,
      "p25": 734.6825,
      "p50": 841.91,
      "p75": 958.5575,
      "p90": 1061.838,
      "p99": 1327.6082999999994,
      "p99_5": 1425.3876000000005,
      "p99_9": 1901.02269000008,
      "min": 58.4,
      "max": 40200235.55,
      "count": 3100
    },
    "size_proxy_t": {
      "mean": 200755.80478146873,
      "median": 80470.32547204467,
      "trimmed_mean_1pct": 90900.8335173191,
      "winsorized_mean_1pct": 91305.6010617883,
      "p0": 40018.33568406206,
      "p10": 49451.5996903825,
      "p25": 61868.44890356447,
      "p50": 80470.32547204467,
      "p75": 115946.29742962056,
      "p90": 152061.0441050528,
      "p99": 181246.55389221557,
      "p99_5": 188448.94813864783,
      "p99_9": 249338.97886083674,
      "min": 40018.33568406206,
      "max": 336064939.04361534,
      "count": 3100
    },
    "teu_capacity": 5000.0,
    "sample_size": 3100
  }
}