{
  "container_small": {
    "fuel_rate_hoteling_t_per_h": {
      "median": 0.12148357787549258,
      "p10": 0.08200319431997044,
      "p90": 0.21569256757777872
    },
    "ratio_used": 0.1142857142857143,
    "aux_main_ratio": 0.25,
    "sample_size": 3172
  },
  "container_feeder": {
    "fuel_rate_hoteling_t_per_h": {
      "median": 0.2671475686216528,
      "p10": 0.19296225570675213,
      "p90": 0.3593526499110973
    },
    "ratio_used": 0.1142857142857143,
    "aux_main_ratio": 0.25,
    "sample_size": 1406
  },
  "container_large": {
    "fuel_rate_hoteling_t_per_h": {
      "median": 0.44364531498945914,
      "p10": 0.31746873603930353,
      "p90": 0.6075635751457231
    },
    "ratio_used": 0.1142857142857143,
    "aux_main_ratio": 0.25,
    "sample_size": 3100
  }
}