{
  "container_small": {
    "fuel_rate_sea_t_per_h": {
      "mean": 1.223406777659664,
      "median": 1.06298130641056,
      "trimmed_mean_1pct": 1.1848759354937355,
      "winsorized_mean_1pct": 1.1964470028679985,
      "p0": 0.06768841432113638,
      "p10": 0.7175279502997414,
      "p25": 0.8857108976109195,
      "p50": 1.06298130641056,
      "p75": 1.3918706331834614,
      "p90": 1.8873099663055635,
      "p99": 3.057979444772232,
      "p99_5": 3.481904545642205,
      "p99_9": 5.280683449796765,
      "min": 0.06768841432113638,
      "max": 45.202000000000005,
      "count": 3172
    },
    "sample_size": 3172
  },
  "container_feeder": {
    "fuel_rate_sea_t_per_h": {
      "mean": 2.4564816047635554,
      "median": 2.3375412254394616,
      "trimmed_mean_1pct": 2.3931247580219943,
      "winsorized_mean_1pct": 2.3993714054955624,
      "p0": 0.008477184433949344,
      "p10": 1.688419737434081,
      "p25": 1.9678672370192065,
      "p50": 2.3375412254394616,
      "p75": 2.77092577649542,
      "p90": 3.1443356867221013,
      "p99": 4.392106963264753,
      "p99_5": 4.726615340351388,
      "p99_9": 6.439630489941916,
      "min": 0.008477184433949344,
      "max": 78.23280423280423,
      "count": 1406
    },
    "sample_size": 1406
  },
  "container_large": {
    "fuel_rate_sea_t_per_h": {
      "mean": 3.9652712742243272,
      "median": 3.881896506157767,
      "trimmed_mean_1pct": 3.9568096677819744,
      "winsorized_mean_1pct": 3.959465294492693,
      "p0": 0.547350800308462,
      "p10": 2.777851440343906,
      "p25": 3.247135269734793,
      "p50": 3.881896506157767,
      "p75": 4.629958265405994,
      "p90": 5.316181282525077,
      "p99": 6.398912628637435,
      "p99_5": 6.642936720946521,
      "p99_9": 7.087506549189936,
      "min": 0.547350800308462,
      "max": 27.911732528116932,
      "count": 3100
    },
    "sample_size": 3100
  }
}