{
  "container_small": {
    "fuel_per_nm": {
      "mean": 100.60619798234552,
      "median": 93.14500000000001,
      "p10": 69.114,
      "p25": 78.65,
      "p75": 115.3175,
      "p90": 140.38899999999998,
      "min": 5.41,
      "max": 2201.75,
      "count": 3172
    },
    "fuel_per_km": {
      "mean": 54.32300107038095,
      "median": 50.29427645788337,
      "p10": 37.31857451403887,
      "p25": 42.467602591792655,
      "p75": 62.266468682505405,
      "p90": 75.80399568034557,
      "min": 2.9211663066954645,
      "max": 1188.8498920086392,
      "count": 3172
    },
    "co2_per_nm": {
      "mean": 315.00784047919296,
      "median": 292.45500000000004,
      "p10": 217.07399999999998,
      "p25": 246.1875,
      "p75": 361.225,
      "p90": 438.88900000000007,
      "min": 0.0,
      "max": 6937.94,
      "count": 3172
    },
    "sample_size": 3172
  },
  "container_feeder": {
    "fuel_per_nm": {
      "mean": 171.87666429587483,
      "median": 168.78,
      "p10": 132.815,
      "p25": 149.43,
      "p75": 191.5125,
      "p90": 214.675,
      "min": 0.62,
      "max": 499.91,
      "count": 1406
    },
    "fuel_per_km": {
      "mean": 92.80597424183306,
      "median": 91.13390928725701,
      "p10": 71.71436285097192,
      "p25": 80.68574514038876,
      "p75": 103.40847732181425,
      "p90": 115.91522678185746,
      "min": 0.33477321814254857,
      "max": 269.9298056155508,
      "count": 1406
    },
    "co2_per_nm": {
      "mean": 537.8160739687056,
      "median": 528.11,
      "p10": 415.205,
      "p25": 467.4175,
      "p75": 600.76,
      "p90": 672.0,
      "min": 1.94,
      "max": 1581.83,
      "count": 1406
    },
    "sample_size": 1406
  },
  "container_large": {
    "fuel_per_nm": {
      "mean": 4400.381535483871,
      "median": 270.30999999999995,
      "p10": 212.304,
      "p25": 236.1125,
      "p75": 307.34499999999997,
      "p90": 340.936,
      "min": 53.33,
      "max": 12790631.58,
      "count": 3100
    },
    "fuel_per_km": {
      "mean": 2376.0159478854584,
      "median": 145.95572354211663,
      "p10": 114.63498920086393,
      "p25": 127.49055075593952,
      "p75": 165.95302375809933,
      "p90": 184.09071274298054,
      "min": 28.795896328293733,
      "max": 6906388.542116631,
      "count": 3100
    },
    "co2_per_nm": {
      "mean": 13820.551941935484,
      "median": 841.91,
      "p10": 656.902,
      "p25": 734.6825,
      "p75": 958.5575,
      "p90": 1061.838,
      "min": 58.4,
      "max": 40200235.55,
      "count": 3100
    },
    "sample_size": 3100
  }
}