IDAtracacao;Tipo Navegação;TEU;Natureza da Carga;Carga Geral Acondicionamento;VLPesoCargaBruta;Sentido;Origem;Destino
1618801;Cabotagem;5;Carga Conteinerizada;Conteinerizada;125;Embarcados;BRSSZ;BRMAO
1618801;Cabotagem;614;Carga Conteinerizada;Conteinerizada;7425,21;Embarcados;BRSSZ;BRMAO
1618801;Cabotagem;2;Carga Conteinerizada;Conteinerizada;12,74;Embarcados;BRSSZ;BRCE001
1618801;Cabotagem;30;Carga Conteinerizada;Conteinerizada;366,07;Embarcados;BRSSZ;BRCE001
1618801;Cabotagem;198;Carga Conteinerizada;Conteinerizada;1531,21;Embarcados;BRSSZ;BRSUA
1618801;Cabotagem;16;Carga Conteinerizada;Conteinerizada;400;Embarcados;BRSSZ;BRSUA
1618801;Cabotagem;1;Carga Conteinerizada;Conteinerizada;21,63;Embarcados;BRSSZ;BRMAO
1625119;Cabotagem;6;Carga Conteinerizada;Conteinerizada;122,567;Embarcados;BRSUA;BRMAO
1625119;Cabotagem;1;Carga Conteinerizada;Conteinerizada;15,248;Embarcados;BRSUA;BRMAO
1625119;Cabotagem;2;Carga Conteinerizada;Conteinerizada;44,976;Embarcados;BRSUA;BRMAO
1625119;Cabotagem;6;Carga Conteinerizada;Conteinerizada;122,39;Embarcados;BRSUA;BRCE001
1625119;Cabotagem;6;Carga Conteinerizada;Conteinerizada;157,82;Embarcados;BRSUA;BRCE001
1625119;Cabotagem;6;Carga Conteinerizada;Conteinerizada;144,35;Embarcados;BRSUA;BRCE001
1625119;Cabotagem;44;Carga Conteinerizada;Conteinerizada;1110,735;Embarcados;BRSUA;BRCE001
1625119;Cabotagem;2;Carga Conteinerizada;Conteinerizada;44,09;Embarcados;BRSUA;BRCE001
1625119;Cabotagem;1;Carga Conteinerizada;Conteinerizada;28,335;Desembarcados;BRITJ;BRSUA
1625119;Cabotagem;8;Carga Conteinerizada;Conteinerizada;219,082;Desembarcados;BRPNG;BRSUA
1625119;Cabotagem;5;Carga Conteinerizada;Conteinerizada;119,342;Desembarcados;BRPNG;BRSUA
1625119;Cabotagem;6;Carga Conteinerizada;Conteinerizada;136,65;Desembarcados;BRSSZ;BRSUA
1625119;Cabotagem;16;Carga Conteinerizada;Conteinerizada;436,1;Desembarcados;BRSSZ;BRSUA
1625119;Cabotagem;24;Carga Conteinerizada;Conteinerizada;165,411;Embarcados;BRSUA;BRMAO
1625119;Cabotagem;2;Carga Conteinerizada;Conteinerizada;30,559;Embarcados;BRSUA;BRMAO
1625119;Cabotagem;4;Carga Conteinerizada;Conteinerizada;57,252;Embarcados;BRSUA;BRMAO
1625119;Cabotagem;2;Carga Conteinerizada;Conteinerizada;32,379;Embarcados;BRSUA;BRMAO
1625119;Cabotagem;80;Carga Conteinerizada;Conteinerizada;977,761;Desembarcados;BRITJ;BRSUA
1625119;Cabotagem;2;Carga Conteinerizada;Conteinerizada;6,3;Desembarcados;BRPNG;BRSUA
1625119;Cabotagem;206;Carga Conteinerizada;Conteinerizada;2068,521;Embarcados;BRSUA;BRMAO
1625119;Cabotagem;52;Carga Conteinerizada;Conteinerizada;632,371;Embarcados;BRSUA;BRMAO
1625119;Cabotagem;258;Carga Conteinerizada;Conteinerizada;3767,138;Embarcados;BRSUA;BRMAO
1625119;Cabotagem;2;Carga Conteinerizada;Conteinerizada;24,36;Embarcados;BRSUA;BRMAO
1625119;Cabotagem;70;Carga Conteinerizada;Conteinerizada;1013,582;Embarcados;BRSUA;BRMAO
1625119;Cabotagem;32;Carga Conteinerizada;Conteinerizada;316,109;Embarcados;BRSUA;BRMAO
1625119;Cabotagem;4;Carga Conteinerizada;Conteinerizada;55,513;Embarcados;BRSUA;BRMAO
1625119;Cabotagem;2;Carga Conteinerizada;Conteinerizada;30,357;Embarcados;BRSUA;BRMAO
1625119;Cabotagem;8;Carga Conteinerizada;Conteinerizada;127,36;Embarcados;BRSUA;BRMAO
1625119;Cabotagem;12;Carga Conteinerizada;Conteinerizada;183,909;Embarcados;BRSUA;BRMAO
1625119;Cabotagem;32;Carga Conteinerizada;Conteinerizada;386,474;Embarcados;BRSUA;BRCE001
1625119;Cabotagem;12;Carga Conteinerizada;Conteinerizada;128,131;Embarcados;BRSUA;BRCE001
1625119;Cabotagem;2;Carga Conteinerizada;Conteinerizada;31,12;Desembarcados;BRITJ;BRSUA
1625119;Cabotagem;8;Carga Conteinerizada;Conteinerizada;120,558;Desembarcados;BRPNG;BRSUA
1625119;Cabotagem;2;Carga Conteinerizada;Conteinerizada;28,8;Desembarcados;BRPNG;BRSUA
1625119;Cabotagem;4;Carga Conteinerizada;Conteinerizada;58,5;Desembarcados;BRPNG;BRSUA
1625119;Cabotagem;2;Carga Conteinerizada;Conteinerizada;22,233;Desembarcados;BRPNG;BRSUA
1625119;Cabotagem;64;Carga Conteinerizada;Conteinerizada;456,765;Desembarcados;BRPNG;BRSUA
1625119;Cabotagem;14;Carga Conteinerizada;Conteinerizada;200,455;Desembarcados;BRPNG;BRSUA
1625119;Cabotagem;8;Carga Conteinerizada;Conteinerizada;15,8;Desembarcados;BRPNG;BRSUA
1625119;Cabotagem;92;Carga Conteinerizada;Conteinerizada;1297,11;Desembarcados;BRSSZ;BRSUA
1625119;Cabotagem;246;Carga Conteinerizada;Conteinerizada;1865,25;Desembarcados;BRSSZ;BRSUA
1625119;Cabotagem;16;Carga Conteinerizada;Conteinerizada;102,68;Desembarcados;BRSSZ;BRSUA
1625119;Cabotagem;198;Carga Conteinerizada;Conteinerizada;1531,21;Desembarcados;BRSSZ;BRSUA
1625119;Cabotagem;4;Carga Conteinerizada;Conteinerizada;56,092;Embarcados;BRSUA;BRMAO
1625119;Cabotagem;18;Carga Conteinerizada;Conteinerizada;216,384;Embarcados;BRSUA;BRMAO
1625119;Cabotagem;30;Carga Conteinerizada;Conteinerizada;389,245;Embarcados;BRSUA;BRCE001
1625119;Cabotagem;34;Carga Conteinerizada;Conteinerizada;418,876;Embarcados;BRSUA;BRCE001
1625119;Cabotagem;18;Carga Conteinerizada;Conteinerizada;258,631;Desembarcados;BRITJ;BRSUA
1625119;Cabotagem;2;Carga Conteinerizada;Conteinerizada;12,638;Desembarcados;BRPNG;BRSUA
1625119;Cabotagem;6;Carga Conteinerizada;Conteinerizada;25,59;Desembarcados;BRPNG;BRSUA
1625119;Cabotagem;4;Carga Conteinerizada;Conteinerizada;51,71;Desembarcados;BRPNG;BRSUA
1625546;Cabotagem;23;Carga Conteinerizada;Conteinerizada;745,765;Embarcados;BRCE001;BRMAO
1625546;Cabotagem;1;Carga Conteinerizada;Conteinerizada;23,956;Desembarcados;BRPNG;BRCE001
1625546;Cabotagem;64;Carga Conteinerizada;Conteinerizada;1579,095;Desembarcados;BRSUA;BRCE001
1625546;Cabotagem;2;Carga Conteinerizada;Conteinerizada;61,711;Embarcados;BRCE001;BRMAO
1625546;Cabotagem;3;Carga Conteinerizada;Conteinerizada;57,119;Desembarcados;BRPNG;BRCE001
1625546;Cabotagem;1;Carga Conteinerizada;Conteinerizada;22,811;Desembarcados;BRPNG;BRCE001
1625546;Cabotagem;2;Carga Conteinerizada;Conteinerizada;13,775;Desembarcados;BRSSZ;BRCE001
1625546;Cabotagem;134;Carga Conteinerizada;Conteinerizada;2010,138;Embarcados;BRCE001;BRMAO
1625546;Cabotagem;28;Carga Conteinerizada;Conteinerizada;414,3;Embarcados;BRCE001;BRSSZ
1625546;Cabotagem;10;Carga Conteinerizada;Conteinerizada;123,102;Desembarcados;BRITJ;BRCE001
1625546;Cabotagem;2;Carga Conteinerizada;Conteinerizada;32,119;Desembarcados;BRMAO;BRCE001
1625546;Cabotagem;72;Carga Conteinerizada;Conteinerizada;724,553;Desembarcados;BRPNG;BRCE001
1625546;Cabotagem;118;Carga Conteinerizada;Conteinerizada;1590,081;Desembarcados;BRPNG;BRCE001
1625546;Cabotagem;124;Carga Conteinerizada;Conteinerizada;1596,835;Desembarcados;BRSSZ;BRCE001
1625546;Cabotagem;2;Carga Conteinerizada;Conteinerizada;28,552;Desembarcados;BRSSZ;BRCE001
1625546;Cabotagem;44;Carga Conteinerizada;Conteinerizada;517,057;Desembarcados;BRSUA;BRCE001
1625546;Cabotagem;6;Carga Conteinerizada;Conteinerizada;63,394;Desembarcados;BRSSZ;BRCE001
1625546;Cabotagem;2;Carga Conteinerizada;Conteinerizada;33,6;Desembarcados;BRITJ;BRCE001
1625546;Cabotagem;8;Carga Conteinerizada;Conteinerizada;125,82;Desembarcados;BRITJ;BRCE001
1625546;Cabotagem;16;Carga Conteinerizada;Conteinerizada;255,103;Desembarcados;BRPNG;BRCE001
1625546;Cabotagem;2;Carga Conteinerizada;Conteinerizada;26,336;Desembarcados;BRSSZ;BRCE001
1625546;Cabotagem;64;Carga Conteinerizada;Conteinerizada;811,039;Desembarcados;BRSUA;BRCE001
1620276;Cabotagem;1;Carga Conteinerizada;Conteinerizada;27,11;Desembarcados;BRCE001;BRAM012
1620276;Cabotagem;1;Carga Conteinerizada;Conteinerizada;30;Desembarcados;BRCE001;BRAM012
1620276;Cabotagem;1;Carga Conteinerizada;Conteinerizada;30,1;Desembarcados;BRCE001;BRAM012
1620276;Cabotagem;1;Carga Conteinerizada;Conteinerizada;30,1;Desembarcados;BRCE001;BRAM012
1620276;Cabotagem;1;Carga Conteinerizada;Conteinerizada;30,1;Desembarcados;BRCE001;BRAM012
1620276;Cabotagem;1;Carga Conteinerizada;Conteinerizada;30,1;Desembarcados;BRCE001;BRAM012
1620276;Cabotagem;1;Carga Conteinerizada;Conteinerizada;30,1;Desembarcados;BRCE001;BRAM012
1620276;Cabotagem;1;Carga Conteinerizada;Conteinerizada;30,1;Desembarcados;BRCE001;BRAM012
1620276;Cabotagem;1;Carga Conteinerizada;Conteinerizada;30,1;Desembarcados;BRCE001;BRAM012
1620276;Cabotagem;1;Carga Conteinerizada;Conteinerizada;30,1;Desembarcados;BRCE001;BRAM012
1620276;Cabotagem;1;Carga Conteinerizada;Conteinerizada;30,1;Desembarcados;BRCE001;BRAM012
1620276;Cabotagem;1;Carga Conteinerizada;Conteinerizada;30,11;Desembarcados;BRCE001;BRAM012
1620276;Cabotagem;1;Carga Conteinerizada;Conteinerizada;30,18;Desembarcados;BRCE001;BRAM012
1620276;Cabotagem;1;Carga Conteinerizada;Conteinerizada;30,19;Desembarcados;BRCE001;BRAM012
1620276;Cabotagem;1;Carga Conteinerizada;Conteinerizada;30,2;Desembarcados;BRCE001;BRAM012
1620276;Cabotagem;1;Carga Conteinerizada;Conteinerizada;30,2;Desembarcados;BRCE001;BRAM012
1620276;Cabotagem;1;Carga Conteinerizada;Conteinerizada;30,2;Desembarcados;BRCE001;BRAM012
1620276;Cabotagem;1;Carga Conteinerizada;Conteinerizada;30,2;Desembarcados;BRCE001;BRAM012
1620276;Cabotagem;1;Carga Conteinerizada;Conteinerizada;30,23;Desembarcados;BRCE001;BRAM012
1620276;Cabotagem;1;Carga Conteinerizada;Conteinerizada;30,23;Desembarcados;BRCE001;BRAM012
1620276;Cabotagem;1;Carga Conteinerizada;Conteinerizada;30,23;Desembarcados;BRCE001;BRAM012
1620276;Cabotagem;1;Carga Conteinerizada;Conteinerizada;30,25;Desembarcados;BRCE001;BRAM012
1620276;Cabotagem;1;Carga Conteinerizada;Conteinerizada;30,3;Desembarcados;BRCE001;BRAM012
1620276;Cabotagem;1;Carga Conteinerizada;Conteinerizada;30,35;Desembarcados;BRCE001;BRAM012
1620276;Cabotagem;1;Carga Conteinerizada;Conteinerizada;30,35;Desembarcados;BRCE001;BRAM012
1620276;Cabotagem;1;Carga Conteinerizada;Conteinerizada;8,3;Desembarcados;BRITJ;BRAM012
1620276;Cabotagem;1;Carga Conteinerizada;Conteinerizada;23,8;Desembarcados;BRSSZ;BRAM012
1620276;Cabotagem;1;Carga Conteinerizada;Conteinerizada;23,8;Desembarcados;BRSSZ;BRAM012
1620276;Cabotagem;1;Carga Conteinerizada;Conteinerizada;25,58;Desembarcados;BRSSZ;BRAM012
1620276;Cabotagem;1;Carga Conteinerizada;Conteinerizada;25,84;Desembarcados;BRSSZ;BRAM012
1620276;Cabotagem;1;Carga Conteinerizada;Conteinerizada;27,72;Desembarcados;BRSSZ;BRAM012
1620276;Cabotagem;1;Carga Conteinerizada;Conteinerizada;28,8;Desembarcados;BRSSZ;BRAM012
1620276;Cabotagem;1;Carga Conteinerizada;Conteinerizada;29,69;Desembarcados;BRSSZ;BRAM012
1620276;Cabotagem;1;Carga Conteinerizada;Conteinerizada;29,85;Desembarcados;BRSSZ;BRAM012
1620276;Cabotagem;1;Carga Conteinerizada;Conteinerizada;29,9;Desembarcados;BRSSZ;BRAM012
1620276;Cabotagem;1;Carga Conteinerizada;Conteinerizada;30;Desembarcados;BRSSZ;BRAM012
1620276;Cabotagem;1;Carga Conteinerizada;Conteinerizada;21,63;Desembarcados;BRSSZ;BRAM012
1620276;Cabotagem;2;Carga Conteinerizada;Conteinerizada;12,67;Desembarcados;BRCE001;BRAM012
1620276;Cabotagem;2;Carga Conteinerizada;Conteinerizada;13,44;Desembarcados;BRCE001;BRAM012
1620276;Cabotagem;2;Carga Conteinerizada;Conteinerizada;13,44;Desembarcados;BRCE001;BRAM012
1620276;Cabotagem;2;Carga Conteinerizada;Conteinerizada;13,44;Desembarcados;BRCE001;BRAM012
1620276;Cabotagem;2;Carga Conteinerizada;Conteinerizada;16,92;Desembarcados;BRCE001;BRAM012
1620276;Cabotagem;2;Carga Conteinerizada;Conteinerizada;25,87;Desembarcados;BRCE001;BRAM012
1620276;Cabotagem;2;Carga Conteinerizada;Conteinerizada;26,55;Desembarcados;BRCE001;BRAM012
1620276;Cabotagem;2;Carga Conteinerizada;Conteinerizada;27,86;Desembarcados;BRCE001;BRAM012
1620276;Cabotagem;2;Carga Conteinerizada;Conteinerizada;27,93;Desembarcados;BRCE001;BRAM012
1620276;Cabotagem;2;Carga Conteinerizada;Conteinerizada;28,16;Desembarcados;BRCE001;BRAM012
1620276;Cabotagem;2;Carga Conteinerizada;Conteinerizada;28,28;Desembarcados;BRCE001;BRAM012
1620276;Cabotagem;2;Carga Conteinerizada;Conteinerizada;28,3;Desembarcados;BRCE001;BRAM012
1620276;Cabotagem;2;Carga Conteinerizada;Conteinerizada;28,31;Desembarcados;BRCE001;BRAM012
1620276;Cabotagem;2;Carga Conteinerizada;Conteinerizada;28,44;Desembarcados;BRCE001;BRAM012
1620276;Cabotagem;2;Carga Conteinerizada;Conteinerizada;28,5;Desembarcados;BRCE001;BRAM012
1620276;Cabotagem;2;Carga Conteinerizada;Conteinerizada;28,52;Desembarcados;BRCE001;BRAM012
1620276;Cabotagem;2;Carga Conteinerizada;Conteinerizada;28,74;Desembarcados;BRCE001;BRAM012
1620276;Cabotagem;2;Carga Conteinerizada;Conteinerizada;30,55;Desembarcados;BRCE001;BRAM012
1620276;Cabotagem;2;Carga Conteinerizada;Conteinerizada;30,58;Desembarcados;BRCE001;BRAM012
1620276;Cabotagem;2;Carga Conteinerizada;Conteinerizada;30,75;Desembarcados;BRCE001;BRAM012
1620276;Cabotagem;2;Carga Conteinerizada;Conteinerizada;30,8;Desembarcados;BRCE001;BRAM012
1620276;Cabotagem;2;Carga Conteinerizada;Conteinerizada;30,9;Desembarcados;BRCE001;BRAM012
1620276;Cabotagem;2;Carga Conteinerizada;Conteinerizada;30,92;Desembarcados;BRCE001;BRAM012
1620276;Cabotagem;2;Carga Conteinerizada;Conteinerizada;30,94;Desembarcados;BRCE001;BRAM012
1620276;Cabotagem;2;Carga Conteinerizada;Conteinerizada;31,23;Desembarcados;BRCE001;BRAM012
1620276;Cabotagem;2;Carga Conteinerizada;Conteinerizada;31,36;Desembarcados;BRCE001;BRAM012
1620276;Cabotagem;2;Carga Conteinerizada;Conteinerizada;31,37;Desembarcados;BRCE001;BRAM012
1620276;Cabotagem;2;Carga Conteinerizada;Conteinerizada;31,48;Desembarcados;BRCE001;BRAM012
1620276;Cabotagem;2;Carga Conteinerizada;Conteinerizada;31,7;Desembarcados;BRCE001;BRAM012
1620276;Cabotagem;2;Carga Conteinerizada;Conteinerizada;31,7;Desembarcados;BRCE001;BRAM012
1620276;Cabotagem;2;Carga Conteinerizada;Conteinerizada;31,7;Desembarcados;BRCE001;BRAM012
1620276;Cabotagem;2;Carga Conteinerizada;Conteinerizada;31,7;Desembarcados;BRCE001;BRAM012
1620276;Cabotagem;2;Carga Conteinerizada;Conteinerizada;31,79;Desembarcados;BRCE001;BRAM012
1620276;Cabotagem;2;Carga Conteinerizada;Conteinerizada;31,79;Desembarcados;BRCE001;BRAM012
1620276;Cabotagem;2;Carga Conteinerizada;Conteinerizada;31,81;Desembarcados;BRCE001;BRAM012
1620276;Cabotagem;2;Carga Conteinerizada;Conteinerizada;31,92;Desembarcados;BRCE001;BRAM012
1620276;Cabotagem;2;Carga Conteinerizada;Conteinerizada;31,95;Desembarcados;BRCE001;BRAM012
1620276;Cabotagem;2;Carga Conteinerizada;Conteinerizada;31,97;Desembarcados;BRCE001;BRAM012
1620276;Cabotagem;2;Carga Conteinerizada;Conteinerizada;31,97;Desembarcados;BRCE001;BRAM012
1620276;Cabotagem;2;Carga Conteinerizada;Conteinerizada;31,97;Desembarcados;BRCE001;BRAM012
1620276;Cabotagem;2;Carga Conteinerizada;Conteinerizada;32,01;Desembarcados;BRCE001;BRAM012
1620276;Cabotagem;2;Carga Conteinerizada;Conteinerizada;32,01;Desembarcados;BRCE001;BRAM012
1620276;Cabotagem;2;Carga Conteinerizada;Conteinerizada;32,2;Desembarcados;BRCE001;BRAM012
1620276;Cabotagem;2;Carga Conteinerizada;Conteinerizada;32,28;Desembarcados;BRCE001;BRAM012
1620276;Cabotagem;2;Carga Conteinerizada;Conteinerizada;32,28;Desembarcados;BRCE001;BRAM012
1620276;Cabotagem;2;Carga Conteinerizada;Conteinerizada;32,39;Desembarcados;BRCE001;BRAM012
1620276;Cabotagem;2;Carga Conteinerizada;Conteinerizada;32,4;Desembarcados;BRCE001;BRAM012
1620276;Cabotagem;2;Carga Conteinerizada;Conteinerizada;32,44;Desembarcados;BRCE001;BRAM012
1620276;Cabotagem;2;Carga Conteinerizada;Conteinerizada;32,44;Desembarcados;BRCE001;BRAM012
1620276;Cabotagem;2;Carga Conteinerizada;Conteinerizada;32,44;Desembarcados;BRCE001;BRAM012
1620276;Cabotagem;2;Carga Conteinerizada;Conteinerizada;32,44;Desembarcados;BRCE001;BRAM012
1620276;Cabotagem;2;Carga Conteinerizada;Conteinerizada;32,44;Desembarcados;BRCE001;BRAM012
1620276;Cabotagem;2;Carga Conteinerizada;Conteinerizada;32,44;Desembarcados;BRCE001;BRAM012
1620276;Cabotagem;2;Carga Conteinerizada;Conteinerizada;32,44;Desembarcados;BRCE001;BRAM012
1620276;Cabotagem;2;Carga Conteinerizada;Conteinerizada;32,44;Desembarcados;BRCE001;BRAM012
1620276;Cabotagem;2;Carga Conteinerizada;Conteinerizada;32,44;Desembarcados;BRCE001;BRAM012
1620276;Cabotagem;2;Carga Conteinerizada;Conteinerizada;32,44;Desembarcados;BRCE001;BRAM012
1620276;Cabotagem;2;Carga Conteinerizada;Conteinerizada;32,44;Desembarcados;BRCE001;BRAM012
1620276;Cabotagem;2;Carga Conteinerizada;Conteinerizada;32,59;Desembarcados;BRCE001;BRAM012
1620276;Cabotagem;2;Carga Conteinerizada;Conteinerizada;32,63;Desembarcados;BRCE001;BRAM012
1620276;Cabotagem;2;Carga Conteinerizada;Conteinerizada;32,66;Desembarcados;BRCE001;BRAM012
1620276;Cabotagem;2;Carga Conteinerizada;Conteinerizada;32,68;Desembarcados;BRCE001;BRAM012
1620276;Cabotagem;2;Carga Conteinerizada;Conteinerizada;32,77;Desembarcados;BRCE001;BRAM012
1620276;Cabotagem;2;Carga Conteinerizada;Conteinerizada;4,35;Desembarcados;BRCE001;BRAM012
1620276;Cabotagem;2;Carga Conteinerizada;Conteinerizada;4,36;Desembarcados;BRCE001;BRAM012
1620276;Cabotagem;2;Carga Conteinerizada;Conteinerizada;6,8;Desembarcados;BRCE001;BRAM012
1620276;Cabotagem;2;Carga Conteinerizada;Conteinerizada;7,92;Desembarcados;BRCE001;BRAM012
1620276;Cabotagem;2;Carga Conteinerizada;Conteinerizada;13,19;Desembarcados;BRITJ;BRAM012
1620276;Cabotagem;2;Carga Conteinerizada;Conteinerizada;15,36;Desembarcados;BRITJ;BRAM012
1620276;Cabotagem;2;Carga Conteinerizada;Conteinerizada;20,56;Desembarcados;BRITJ;BRAM012
1620276;Cabotagem;2;Carga Conteinerizada;Conteinerizada;20,71;Desembarcados;BRITJ;BRAM012
1620276;Cabotagem;2;Carga Conteinerizada;Conteinerizada;27,06;Desembarcados;BRITJ;BRAM012
1620276;Cabotagem;2;Carga Conteinerizada;Conteinerizada;27,14;Desembarcados;BRITJ;BRAM012
1620276;Cabotagem;2;Carga Conteinerizada;Conteinerizada;27,15;Desembarcados;BRITJ;BRAM012
1620276;Cabotagem;2;Carga Conteinerizada;Conteinerizada;27,34;Desembarcados;BRITJ;BRAM012
1620276;Cabotagem;2;Carga Conteinerizada;Conteinerizada;27,35;Desembarcados;BRITJ;BRAM012
1620276;Cabotagem;2;Carga Conteinerizada;Conteinerizada;27,42;Desembarcados;BRITJ;BRAM012
1620276;Cabotagem;2;Carga Conteinerizada;Conteinerizada;28,04;Desembarcados;BRITJ;BRAM012
1620276;Cabotagem;2;Carga Conteinerizada;Conteinerizada;28,9;Desembarcados;BRITJ;BRAM012
1620276;Cabotagem;2;Carga Conteinerizada;Conteinerizada;28,9;Desembarcados;BRITJ;BRAM012
1620276;Cabotagem;2;Carga Conteinerizada;Conteinerizada;28,9;Desembarcados;BRITJ;BRAM012
1620276;Cabotagem;2;Carga Conteinerizada;Conteinerizada;29,02;Desembarcados;BRITJ;BRAM012
1620276;Cabotagem;2;Carga Conteinerizada;Conteinerizada;29,18;Desembarcados;BRITJ;BRAM012
1620276;Cabotagem;2;Carga Conteinerizada;Conteinerizada;29,8;Desembarcados;BRITJ;BRAM012
1620276;Cabotagem;2;Carga Conteinerizada;Conteinerizada;30,23;Desembarcados;BRITJ;BRAM012
1620276;Cabotagem;2;Carga Conteinerizada;Conteinerizada;30,98;Desembarcados;BRITJ;BRAM012
1620276;Cabotagem;2;Carga Conteinerizada;Conteinerizada;31,09;Desembarcados;BRITJ;BRAM012
1620276;Cabotagem;2;Carga Conteinerizada;Conteinerizada;31,22;Desembarcados;BRITJ;BRAM012
1620276;Cabotagem;2;Carga Conteinerizada;Conteinerizada;31,52;Desembarcados;BRITJ;BRAM012
1620276;Cabotagem;2;Carga Conteinerizada;Conteinerizada;31,56;Desembarcados;BRITJ;BRAM012
1620276;Cabotagem;2;Carga Conteinerizada;Conteinerizada;31,75;Desembarcados;BRITJ;BRAM012
1620276;Cabotagem;2;Carga Conteinerizada;Conteinerizada;31,84;Desembarcados;BRITJ;BRAM012
1620276;Cabotagem;2;Carga Conteinerizada;Conteinerizada;31,9;Desembarcados;BRITJ;BRAM012
1620276;Cabotagem;2;Carga Conteinerizada;Conteinerizada;31,97;Desembarcados;BRITJ;BRAM012
1620276;Cabotagem;2;Carga Conteinerizada;Conteinerizada;32,02;Desembarcados;BRITJ;BRAM012
1620276;Cabotagem;2;Carga Conteinerizada;Conteinerizada;32,03;Desembarcados;BRITJ;BRAM012
1620276;Cabotagem;2;Carga Conteinerizada;Conteinerizada;32,15;Desembarcados;BRITJ;BRAM012
1620276;Cabotagem;2;Carga Conteinerizada;Conteinerizada;32,4;Desembarcados;BRITJ;BRAM012
1620276;Cabotagem;2;Carga Conteinerizada;Conteinerizada;32,45;Desembarcados;BRITJ;BRAM012
1620276;Cabotagem;2;Carga Conteinerizada;Conteinerizada;6,74;Desembarcados;BRITJ;BRAM012
1620276;Cabotagem;2;Carga Conteinerizada;Conteinerizada;6,76;Desembarcados;BRITJ;BRAM012
1620276;Cabotagem;2;Carga Conteinerizada;Conteinerizada;7,05;Desembarcados;BRITJ;BRAM012
1620276;Cabotagem;2;Carga Conteinerizada;Conteinerizada;7,52;Desembarcados;BRITJ;BRAM012
1620276;Cabotagem;2;Carga Conteinerizada;Conteinerizada;7,96;Desembarcados;BRITJ;BRAM012
1620276;Cabotagem;2;Carga Conteinerizada;Conteinerizada;8,02;Desembarcados;BRITJ;BRAM012
1620276;Cabotagem;2;Carga Conteinerizada;Conteinerizada;8,28;Desembarcados;BRITJ;BRAM012
1620276;Cabotagem;2;Carga Conteinerizada;Conteinerizada;8,53;Desembarcados;BRITJ;BRAM012
1620276;Cabotagem;2;Carga Conteinerizada;Conteinerizada;8,56;Desembarcados;BRITJ;BRAM012
1620276;Cabotagem;2;Carga Conteinerizada;Conteinerizada;8,6;Desembarcados;BRITJ;BRAM012
1620276;Cabotagem;2;Carga Conteinerizada;Conteinerizada;8,64;Desembarcados;BRITJ;BRAM012
1620276;Cabotagem;2;Carga Conteinerizada;Conteinerizada;8,65;Desembarcados;BRITJ;BRAM012
1620276;Cabotagem;2;Carga Conteinerizada;Conteinerizada;8,69;Desembarcados;BRITJ;BRAM012
1620276;Cabotagem;2;Carga Conteinerizada;Conteinerizada;8,75;Desembarcados;BRITJ;BRAM012
1620276;Cabotagem;2;Carga Conteinerizada;Conteinerizada;8,77;Desembarcados;BRITJ;BRAM012
1620276;Cabotagem;2;Carga Conteinerizada;Conteinerizada;8,84;Desembarcados;BRITJ;BRAM012
1620276;Cabotagem;2;Carga Conteinerizada;Conteinerizada;8,84;Desembarcados;BRITJ;BRAM012
1620276;Cabotagem;2;Carga Conteinerizada;Conteinerizada;8,85;Desembarcados;BRITJ;BRAM012
1620276;Cabotagem;2;Carga Conteinerizada;Conteinerizada;8,87;Desembarcados;BRITJ;BRAM012
1620276;Cabotagem;2;Carga Conteinerizada;Conteinerizada;8,9;Desembarcados;BRITJ;BRAM012
1620276;Cabotagem;2;Carga Conteinerizada;Conteinerizada;8,91;Desembarcados;BRITJ;BRAM012
1620276;Cabotagem;2;Carga Conteinerizada;Conteinerizada;8,92;Desembarcados;BRITJ;BRAM012
1620276;Cabotagem;2;Carga Conteinerizada;Conteinerizada;8,92;Desembarcados;BRITJ;BRAM012
1620276;Cabotagem;2;Carga Conteinerizada;Conteinerizada;9;Desembarcados;BRITJ;BRAM012
1620276;Cabotagem;2;Carga Conteinerizada;Conteinerizada;9,46;Desembarcados;BRITJ;BRAM012
1620276;Cabotagem;2;Carga Conteinerizada;Conteinerizada;18,67;Desembarcados;BRPNG;BRAM012
1620276;Cabotagem;2;Carga Conteinerizada;Conteinerizada;27,44;Desembarcados;BRPNG;BRAM012
1620276;Cabotagem;2;Carga Conteinerizada;Conteinerizada;28,7;Desembarcados;BRPNG;BRAM012
1620276;Cabotagem;2;Carga Conteinerizada;Conteinerizada;28,83;Desembarcados;BRPNG;BRAM012
1620276;Cabotagem;2;Carga Conteinerizada;Conteinerizada;28,86;Desembarcados;BRPNG;BRAM012
1620276;Cabotagem;2;Carga Conteinerizada;Conteinerizada;28,9;Desembarcados;BRPNG;BRAM012
1620276;Cabotagem;2;Carga Conteinerizada;Conteinerizada;29,07;Desembarcados;BRPNG;BRAM012
1620276;Cabotagem;2;Carga Conteinerizada;Conteinerizada;29,08;Desembarcados;BRPNG;BRAM012
1620276;Cabotagem;2;Carga Conteinerizada;Conteinerizada;29,17;Desembarcados;BRPNG;BRAM012
1620276;Cabotagem;2;Carga Conteinerizada;Conteinerizada;29,18;Desembarcados;BRPNG;BRAM012
1620276;Cabotagem;2;Carga Conteinerizada;Conteinerizada;29,22;Desembarcados;BRPNG;BRAM012
1620276;Cabotagem;2;Carga Conteinerizada;Conteinerizada;29,31;Desembarcados;BRPNG;BRAM012
1620276;Cabotagem;2;Carga Conteinerizada;Conteinerizada;29,33;Desembarcados;BRPNG;BRAM012
1620276;Cabotagem;2;Carga Conteinerizada;Conteinerizada;29,33;Desembarcados;BRPNG;BRAM012
1620276;Cabotagem;2;Carga Conteinerizada;Conteinerizada;29,33;Desembarcados;BRPNG;BRAM012
1620276;Cabotagem;2;Carga Conteinerizada;Conteinerizada;29,33;Desembarcados;BRPNG;BRAM012
1620276;Cabotagem;2;Carga Conteinerizada;Conteinerizada;29,33;Desembarcados;BRPNG;BRAM012
1620276;Cabotagem;2;Carga Conteinerizada;Conteinerizada;29,33;Desembarcados;BRPNG;BRAM012
1620276;Cabotagem;2;Carga Conteinerizada;Conteinerizada;29,33;Desembarcados;BRPNG;BRAM012
1620276;Cabotagem;2;Carga Conteinerizada;Conteinerizada;29,33;Desembarcados;BRPNG;BRAM012
1620276;Cabotagem;2;Carga Conteinerizada;Conteinerizada;29,33;Desembarcados;BRPNG;BRAM012
1620276;Cabotagem;2;Carga Conteinerizada;Conteinerizada;30,91;Desembarcados;BRPNG;BRAM012
1620276;Cabotagem;2;Carga Conteinerizada;Conteinerizada;30,91;Desembarcados;BRPNG;BRAM012
1620276;Cabotagem;2;Carga Conteinerizada;Conteinerizada;30,91;Desembarcados;BRPNG;BRAM012
1620276;Cabotagem;2;Carga Conteinerizada;Conteinerizada;30,91;Desembarcados;BRPNG;BRAM012
1620276;Cabotagem;2;Carga Conteinerizada;Conteinerizada;31,95;Desembarcados;BRPNG;BRAM012
1620276;Cabotagem;2;Carga Conteinerizada;Conteinerizada;32,03;Desembarcados;BRPNG;BRAM012
1620276;Cabotagem;2;Carga Conteinerizada;Conteinerizada;10,02;Desembarcados;BRSSZ;BRAM012
1620276;Cabotagem;2;Carga Conteinerizada;Conteinerizada;10,58;Desembarcados;BRSSZ;BRAM012
1620276;Cabotagem;2;Carga Conteinerizada;Conteinerizada;10,59;Desembarcados;BRSSZ;BRAM012
1620276;Cabotagem;2;Carga Conteinerizada;Conteinerizada;10,77;Desembarcados;BRSSZ;BRAM012
1620276;Cabotagem;2;Carga Conteinerizada;Conteinerizada;10,92;Desembarcados;BRSSZ;BRAM012
1620276;Cabotagem;2;Carga Conteinerizada;Conteinerizada;11,04;Desembarcados;BRSSZ;BRAM012
1620276;Cabotagem;2;Carga Conteinerizada;Conteinerizada;11,44;Desembarcados;BRSSZ;BRAM012
1620276;Cabotagem;2;Carga Conteinerizada;Conteinerizada;11,52;Desembarcados;BRSSZ;BRAM012
1620276;Cabotagem;2;Carga Conteinerizada;Conteinerizada;11,55;Desembarcados;BRSSZ;BRAM012
1620276;Cabotagem;2;Carga Conteinerizada;Conteinerizada;11,66;Desembarcados;BRSSZ;BRAM012
1620276;Cabotagem;2;Carga Conteinerizada;Conteinerizada;11,9;Desembarcados;BRSSZ;BRAM012
1620276;Cabotagem;2;Carga Conteinerizada;Conteinerizada;11,95;Desembarcados;BRSSZ;BRAM012
1620276;Cabotagem;2;Carga Conteinerizada;Conteinerizada;11,99;Desembarcados;BRSSZ;BRAM012
1620276;Cabotagem;2;Carga Conteinerizada;Conteinerizada;12,19;Desembarcados;BRSSZ;BRAM012
1620276;Cabotagem;2;Carga Conteinerizada;Conteinerizada;12,22;Desembarcados;BRSSZ;BRAM012
1620276;Cabotagem;2;Carga Conteinerizada;Conteinerizada;12,25;Desembarcados;BRSSZ;BRAM012
1620276;Cabotagem;2;Carga Conteinerizada;Conteinerizada;12,51;Desembarcados;BRSSZ;BRAM012
1620276;Cabotagem;2;Carga Conteinerizada;Conteinerizada;12,88;Desembarcados;BRSSZ;BRAM012
1620276;Cabotagem;2;Carga Conteinerizada;Conteinerizada;13,24;Desembarcados;BRSSZ;BRAM012
1620276;Cabotagem;2;Carga Conteinerizada;Conteinerizada;13,86;Desembarcados;BRSSZ;BRAM012
1620276;Cabotagem;2;Carga Conteinerizada;Conteinerizada;14,23;Desembarcados;BRSSZ;BRAM012
1620276;Cabotagem;2;Carga Conteinerizada;Conteinerizada;14,24;Desembarcados;BRSSZ;BRAM012
1620276;Cabotagem;2;Carga Conteinerizada;Conteinerizada;14,32;Desembarcados;BRSSZ;BRAM012
1620276;Cabotagem;2;Carga Conteinerizada;Conteinerizada;14,32;Desembarcados;BRSSZ;BRAM012
1620276;Cabotagem;2;Carga Conteinerizada;Conteinerizada;14,61;Desembarcados;BRSSZ;BRAM012
1620276;Cabotagem;2;Carga Conteinerizada;Conteinerizada;14,83;Desembarcados;BRSSZ;BRAM012
1620276;Cabotagem;2;Carga Conteinerizada;Conteinerizada;14,89;Desembarcados;BRSSZ;BRAM012
1620276;Cabotagem;2;Carga Conteinerizada;Conteinerizada;15,3;Desembarcados;BRSSZ;BRAM012
1620276;Cabotagem;2;Carga Conteinerizada;Conteinerizada;15,42;Desembarcados;BRSSZ;BRAM012
1620276;Cabotagem;2;Carga Conteinerizada;Conteinerizada;15,62;Desembarcados;BRSSZ;BRAM012
1620276;Cabotagem;2;Carga Conteinerizada;Conteinerizada;16,6;Desembarcados;BRSSZ;BRAM012
1620276;Cabotagem;2;Carga Conteinerizada;Conteinerizada;18,27;Desembarcados;BRSSZ;BRAM012
1620276;Cabotagem;2;Carga Conteinerizada;Conteinerizada;18,6;Desembarcados;BRSSZ;BRAM012
1620276;Cabotagem;2;Carga Conteinerizada;Conteinerizada;18,62;Desembarcados;BRSSZ;BRAM012
1620276;Cabotagem;2;Carga Conteinerizada;Conteinerizada;19,24;Desembarcados;BRSSZ;BRAM012
1620276;Cabotagem;2;Carga Conteinerizada;Conteinerizada;19,34;Desembarcados;BRSSZ;BRAM012
1620276;Cabotagem;2;Carga Conteinerizada;Conteinerizada;19,41;Desembarcados;BRSSZ;BRAM012
1620276;Cabotagem;2;Carga Conteinerizada;Conteinerizada;19,71;Desembarcados;BRSSZ;BRAM012
1620276;Cabotagem;2;Carga Conteinerizada;Conteinerizada;19,72;Desembarcados;BRSSZ;BRAM012
1620276;Cabotagem;2;Carga Conteinerizada;Conteinerizada;19,79;Desembarcados;BRSSZ;BRAM012
1620276;Cabotagem;2;Carga Conteinerizada;Conteinerizada;20,03;Desembarcados;BRSSZ;BRAM012
1620276;Cabotagem;2;Carga Conteinerizada;Conteinerizada;20,3;Desembarcados;BRSSZ;BRAM012
1620276;Cabotagem;2;Carga Conteinerizada;Conteinerizada;20,68;Desembarcados;BRSSZ;BRAM012
1620276;Cabotagem;2;Carga Conteinerizada;Conteinerizada;20,87;Desembarcados;BRSSZ;BRAM012
1620276;Cabotagem;2;Carga Conteinerizada;Conteinerizada;21,26;Desembarcados;BRSSZ;BRAM012
1620276;Cabotagem;2;Carga Conteinerizada;Conteinerizada;21,36;Desembarcados;BRSSZ;BRAM012
1620276;Cabotagem;2;Carga Conteinerizada;Conteinerizada;21,45;Desembarcados;BRSSZ;BRAM012
1620276;Cabotagem;2;Carga Conteinerizada;Conteinerizada;21,47;Desembarcados;BRSSZ;BRAM012
1620276;Cabotagem;2;Carga Conteinerizada;Conteinerizada;21,91;Desembarcados;BRSSZ;BRAM012
1620276;Cabotagem;2;Carga Conteinerizada;Conteinerizada;22,23;Desembarcados;BRSSZ;BRAM012
1620276;Cabotagem;2;Carga Conteinerizada;Conteinerizada;22,41;Desembarcados;BRSSZ;BRAM012
1620276;Cabotagem;2;Carga Conteinerizada;Conteinerizada;22,74;Desembarcados;BRSSZ;BRAM012
1620276;Cabotagem;2;Carga Conteinerizada;Conteinerizada;23,18;Desembarcados;BRSSZ;BRAM012
1620276;Cabotagem;2;Carga Conteinerizada;Conteinerizada;23,24;Desembarcados;BRSSZ;BRAM012
1620276;Cabotagem;2;Carga Conteinerizada;Conteinerizada;23,26;Desembarcados;BRSSZ;BRAM012
1620276;Cabotagem;2;Carga Conteinerizada;Conteinerizada;23,44;Desembarcados;BRSSZ;BRAM012
1620276;Cabotagem;2;Carga Conteinerizada;Conteinerizada;23,5;Desembarcados;BRSSZ;BRAM012
1620276;Cabotagem;2;Carga Conteinerizada;Conteinerizada;23,72;Desembarcados;BRSSZ;BRAM012
1620276;Cabotagem;2;Carga Conteinerizada;Conteinerizada;24,51;Desembarcados;BRSSZ;BRAM012
1620276;Cabotagem;2;Carga Conteinerizada;Conteinerizada;24,77;Desembarcados;BRSSZ;BRAM012
1620276;Cabotagem;2;Carga Conteinerizada;Conteinerizada;24,94;Desembarcados;BRSSZ;BRAM012
1620276;Cabotagem;2;Carga Conteinerizada;Conteinerizada;25,44;Desembarcados;BRSSZ;BRAM012
1620276;Cabotagem;2;Carga Conteinerizada;Conteinerizada;25,66;Desembarcados;BRSSZ;BRAM012
1620276;Cabotagem;2;Carga Conteinerizada;Conteinerizada;25,91;Desembarcados;BRSSZ;BRAM012
1620276;Cabotagem;2;Carga Conteinerizada;Conteinerizada;26,02;Desembarcados;BRSSZ;BRAM012
1620276;Cabotagem;2;Carga Conteinerizada;Conteinerizada;26,16;Desembarcados;BRSSZ;BRAM012
1620276;Cabotagem;2;Carga Conteinerizada;Conteinerizada;26,2;Desembarcados;BRSSZ;BRAM012
1620276;Cabotagem;2;Carga Conteinerizada;Conteinerizada;26,62;Desembarcados;BRSSZ;BRAM012
1620276;Cabotagem;2;Carga Conteinerizada;Conteinerizada;26,8;Desembarcados;BRSSZ;BRAM012
1620276;Cabotagem;2;Carga Conteinerizada;Conteinerizada;26,93;Desembarcados;BRSSZ;BRAM012
1620276;Cabotagem;2;Carga Conteinerizada;Conteinerizada;27,14;Desembarcados;BRSSZ;BRAM012
1620276;Cabotagem;2;Carga Conteinerizada;Conteinerizada;27,32;Desembarcados;BRSSZ;BRAM012
1620276;Cabotagem;2;Carga Conteinerizada;Conteinerizada;27,67;Desembarcados;BRSSZ;BRAM012
1620276;Cabotagem;2;Carga Conteinerizada;Conteinerizada;27,76;Desembarcados;BRSSZ;BRAM012
1620276;Cabotagem;2;Carga Conteinerizada;Conteinerizada;27,8;Desembarcados;BRSSZ;BRAM012
1620276;Cabotagem;2;Carga Conteinerizada;Conteinerizada;27,85;Desembarcados;BRSSZ;BRAM012
1620276;Cabotagem;2;Carga Conteinerizada;Conteinerizada;28,01;Desembarcados;BRSSZ;BRAM012
1620276;Cabotagem;2;Carga Conteinerizada;Conteinerizada;28,25;Desembarcados;BRSSZ;BRAM012
1620276;Cabotagem;2;Carga Conteinerizada;Conteinerizada;28,35;Desembarcados;BRSSZ;BRAM012
1620276;Cabotagem;2;Carga Conteinerizada;Conteinerizada;28,56;Desembarcados;BRSSZ;BRAM012
1620276;Cabotagem;2;Carga Conteinerizada;Conteinerizada;28,65;Desembarcados;BRSSZ;BRAM012
1620276;Cabotagem;2;Carga Conteinerizada;Conteinerizada;28,72;Desembarcados;BRSSZ;BRAM012
1620276;Cabotagem;2;Carga Conteinerizada;Conteinerizada;28,74;Desembarcados;BRSSZ;BRAM012
1620276;Cabotagem;2;Carga Conteinerizada;Conteinerizada;28,82;Desembarcados;BRSSZ;BRAM012
1620276;Cabotagem;2;Carga Conteinerizada;Conteinerizada;28,84;Desembarcados;BRSSZ;BRAM012
1620276;Cabotagem;2;Carga Conteinerizada;Conteinerizada;28,92;Desembarcados;BRSSZ;BRAM012
1620276;Cabotagem;2;Carga Conteinerizada;Conteinerizada;28,94;Desembarcados;BRSSZ;BRAM012
1620276;Cabotagem;2;Carga Conteinerizada;Conteinerizada;28,98;Desembarcados;BRSSZ;BRAM012
1620276;Cabotagem;2;Carga Conteinerizada;Conteinerizada;28,99;Desembarcados;BRSSZ;BRAM012
1620276;Cabotagem;2;Carga Conteinerizada;Conteinerizada;29;Desembarcados;BRSSZ;BRAM012
1620276;Cabotagem;2;Carga Conteinerizada;Conteinerizada;29;Desembarcados;BRSSZ;BRAM012
1620276;Cabotagem;2;Carga Conteinerizada;Conteinerizada;29,06;Desembarcados;BRSSZ;BRAM012
1620276;Cabotagem;2;Carga Conteinerizada;Conteinerizada;29,07;Desembarcados;BRSSZ;BRAM012
1620276;Cabotagem;2;Carga Conteinerizada;Conteinerizada;29,08;Desembarcados;BRSSZ;BRAM012
1620276;Cabotagem;2;Carga Conteinerizada;Conteinerizada;29,09;Desembarcados;BRSSZ;BRAM012
1620276;Cabotagem;2;Carga Conteinerizada;Conteinerizada;29,09;Desembarcados;BRSSZ;BRAM012
1620276;Cabotagem;2;Carga Conteinerizada;Conteinerizada;29,09;Desembarcados;BRSSZ;BRAM012
1620276;Cabotagem;2;Carga Conteinerizada;Conteinerizada;29,1;Desembarcados;BRSSZ;BRAM012
1620276;Cabotagem;2;Carga Conteinerizada;Conteinerizada;29,1;Desembarcados;BRSSZ;BRAM012
1620276;Cabotagem;2;Carga Conteinerizada;Conteinerizada;29,12;Desembarcados;BRSSZ;BRAM012
1620276;Cabotagem;2;Carga Conteinerizada;Conteinerizada;29,12;Desembarcados;BRSSZ;BRAM012
1620276;Cabotagem;2;Carga Conteinerizada;Conteinerizada;29,12;Desembarcados;BRSSZ;BRAM012
1620276;Cabotagem;2;Carga Conteinerizada;Conteinerizada;29,12;Desembarcados;BRSSZ;BRAM012
1620276;Cabotagem;2;Carga Conteinerizada;Conteinerizada;29,13;Desembarcados;BRSSZ;BRAM012
1620276;Cabotagem;2;Carga Conteinerizada;Conteinerizada;29,14;Desembarcados;BRSSZ;BRAM012
1620276;Cabotagem;2;Carga Conteinerizada;Conteinerizada;29,15;Desembarcados;BRSSZ;BRAM012
1620276;Cabotagem;2;Carga Conteinerizada;Conteinerizada;29,15;Desembarcados;BRSSZ;BRAM012
1620276;Cabotagem;2;Carga Conteinerizada;Conteinerizada;29,15;Desembarcados;BRSSZ;BRAM012
1620276;Cabotagem;2;Carga Conteinerizada;Conteinerizada;29,15;Desembarcados;BRSSZ;BRAM012
1620276;Cabotagem;2;Carga Conteinerizada;Conteinerizada;29,15;Desembarcados;BRSSZ;BRAM012
1620276;Cabotagem;2;Carga Conteinerizada;Conteinerizada;29,16;Desembarcados;BRSSZ;BRAM012
1620276;Cabotagem;2;Carga Conteinerizada;Conteinerizada;29,16;Desembarcados;BRSSZ;BRAM012
1620276;Cabotagem;2;Carga Conteinerizada;Conteinerizada;29,16;Desembarcados;BRSSZ;BRAM012
1620276;Cabotagem;2;Carga Conteinerizada;Conteinerizada;29,17;Desembarcados;BRSSZ;BRAM012
1620276;Cabotagem;2;Carga Conteinerizada;Conteinerizada;29,18;Desembarcados;BRSSZ;BRAM012
1620276;Cabotagem;2;Carga Conteinerizada;Conteinerizada;29,19;Desembarcados;BRSSZ;BRAM012
1620276;Cabotagem;2;Carga Conteinerizada;Conteinerizada;29,19;Desembarcados;BRSSZ;BRAM012
1620276;Cabotagem;2;Carga Conteinerizada;Conteinerizada;29,2;Desembarcados;BRSSZ;BRAM012
1620276;Cabotagem;2;Carga Conteinerizada;Conteinerizada;29,22;Desembarcados;BRSSZ;BRAM012
1620276;Cabotagem;2;Carga Conteinerizada;Conteinerizada;29,24;Desembarcados;BRSSZ;BRAM012
1620276;Cabotagem;2;Carga Conteinerizada;Conteinerizada;29,24;Desembarcados;BRSSZ;BRAM012
1620276;Cabotagem;2;Carga Conteinerizada;Conteinerizada;29,24;Desembarcados;BRSSZ;BRAM012
1620276;Cabotagem;2;Carga Conteinerizada;Conteinerizada;29,27;Desembarcados;BRSSZ;BRAM012
1620276;Cabotagem;2;Carga Conteinerizada;Conteinerizada;29,27;Desembarcados;BRSSZ;BRAM012
1620276;Cabotagem;2;Carga Conteinerizada;Conteinerizada;29,27;Desembarcados;BRSSZ;BRAM012
1620276;Cabotagem;2;Carga Conteinerizada;Conteinerizada;29,28;Desembarcados;BRSSZ;BRAM012
1620276;Cabotagem;2;Carga Conteinerizada;Conteinerizada;29,29;Desembarcados;BRSSZ;BRAM012
1620276;Cabotagem;2;Carga Conteinerizada;Conteinerizada;29,29;Desembarcados;BRSSZ;BRAM012
1620276;Cabotagem;2;Carga Conteinerizada;Conteinerizada;29,3;Desembarcados;BRSSZ;BRAM012
1620276;Cabotagem;2;Carga Conteinerizada;Conteinerizada;29,3;Desembarcados;BRSSZ;BRAM012
1620276;Cabotagem;2;Carga Conteinerizada;Conteinerizada;29,3;Desembarcados;BRSSZ;BRAM012
1620276;Cabotagem;2;Carga Conteinerizada;Conteinerizada;29,32;Desembarcados;BRSSZ;BRAM012
1620276;Cabotagem;2;Carga Conteinerizada;Conteinerizada;29,34;Desembarcados;BRSSZ;BRAM012
1620276;Cabotagem;2;Carga Conteinerizada;Conteinerizada;29,35;Desembarcados;BRSSZ;BRAM012
1620276;Cabotagem;2;Carga Conteinerizada;Conteinerizada;29,36;Desembarcados;BRSSZ;BRAM012
1620276;Cabotagem;2;Carga Conteinerizada;Conteinerizada;29,36;Desembarcados;BRSSZ;BRAM012
1620276;Cabotagem;2;Carga Conteinerizada;Conteinerizada;29,37;Desembarcados;BRSSZ;BRAM012
1620276;Cabotagem;2;Carga Conteinerizada;Conteinerizada;29,39;Desembarcados;BRSSZ;BRAM012
1620276;Cabotagem;2;Carga Conteinerizada;Conteinerizada;29,4;Desembarcados;BRSSZ;BRAM012
1620276;Cabotagem;2;Carga Conteinerizada;Conteinerizada;29,4;Desembarcados;BRSSZ;BRAM012
1620276;Cabotagem;2;Carga Conteinerizada;Conteinerizada;29,41;Desembarcados;BRSSZ;BRAM012
1620276;Cabotagem;2;Carga Conteinerizada;Conteinerizada;29,41;Desembarcados;BRSSZ;BRAM012
1620276;Cabotagem;2;Carga Conteinerizada;Conteinerizada;29,41;Desembarcados;BRSSZ;BRAM012
1620276;Cabotagem;2;Carga Conteinerizada;Conteinerizada;29,42;Desembarcados;BRSSZ;BRAM012
1620276;Cabotagem;2;Carga Conteinerizada;Conteinerizada;29,43;Desembarcados;BRSSZ;BRAM012
1620276;Cabotagem;2;Carga Conteinerizada;Conteinerizada;29,43;Desembarcados;BRSSZ;BRAM012
1620276;Cabotagem;2;Carga Conteinerizada;Conteinerizada;29,45;Desembarcados;BRSSZ;BRAM012
1620276;Cabotagem;2;Carga Conteinerizada;Conteinerizada;29,47;Desembarcados;BRSSZ;BRAM012
1620276;Cabotagem;2;Carga Conteinerizada;Conteinerizada;29,52;Desembarcados;BRSSZ;BRAM012
1620276;Cabotagem;2;Carga Conteinerizada;Conteinerizada;29,52;Desembarcados;BRSSZ;BRAM012
1620276;Cabotagem;2;Carga Conteinerizada;Conteinerizada;29,53;Desembarcados;BRSSZ;BRAM012
1620276;Cabotagem;2;Carga Conteinerizada;Conteinerizada;29,53;Desembarcados;BRSSZ;BRAM012
1620276;Cabotagem;2;Carga Conteinerizada;Conteinerizada;29,53;Desembarcados;BRSSZ;BRAM012
1620276;Cabotagem;2;Carga Conteinerizada;Conteinerizada;29,54;Desembarcados;BRSSZ;BRAM012
1620276;Cabotagem;2;Carga Conteinerizada;Conteinerizada;29,55;Desembarcados;BRSSZ;BRAM012
1620276;Cabotagem;2;Carga Conteinerizada;Conteinerizada;29,55;Desembarcados;BRSSZ;BRAM012
1620276;Cabotagem;2;Carga Conteinerizada;Conteinerizada;29,55;Desembarcados;BRSSZ;BRAM012
1620276;Cabotagem;2;Carga Conteinerizada;Conteinerizada;29,55;Desembarcados;BRSSZ;BRAM012
1620276;Cabotagem;2;Carga Conteinerizada;Conteinerizada;29,57;Desembarcados;BRSSZ;BRAM012
1620276;Cabotagem;2;Carga Conteinerizada;Conteinerizada;29,59;Desembarcados;BRSSZ;BRAM012
1620276;Cabotagem;2;Carga Conteinerizada;Conteinerizada;29,61;Desembarcados;BRSSZ;BRAM012
1620276;Cabotagem;2;Carga Conteinerizada;Conteinerizada;29,63;Desembarcados;BRSSZ;BRAM012
1620276;Cabotagem;2;Carga Conteinerizada;Conteinerizada;29,68;Desembarcados;BRSSZ;BRAM012
1620276;Cabotagem;2;Carga Conteinerizada;Conteinerizada;29,68;Desembarcados;BRSSZ;BRAM012
1620276;Cabotagem;2;Carga Conteinerizada;Conteinerizada;29,69;Desembarcados;BRSSZ;BRAM012
1620276;Cabotagem;2;Carga Conteinerizada;Conteinerizada;29,72;Desembarcados;BRSSZ;BRAM012
1620276;Cabotagem;2;Carga Conteinerizada;Conteinerizada;29,76;Desembarcados;BRSSZ;BRAM012
1620276;Cabotagem;2;Carga Conteinerizada;Conteinerizada;29,78;Desembarcados;BRSSZ;BRAM012
1620276;Cabotagem;2;Carga Conteinerizada;Conteinerizada;29,79;Desembarcados;BRSSZ;BRAM012
1620276;Cabotagem;2;Carga Conteinerizada;Conteinerizada;29,79;Desembarcados;BRSSZ;BRAM012
1620276;Cabotagem;2;Carga Conteinerizada;Conteinerizada;29,84;Desembarcados;BRSSZ;BRAM012
1620276;Cabotagem;2;Carga Conteinerizada;Conteinerizada;29,85;Desembarcados;BRSSZ;BRAM012
1620276;Cabotagem;2;Carga Conteinerizada;Conteinerizada;29,86;Desembarcados;BRSSZ;BRAM012
1620276;Cabotagem;2;Carga Conteinerizada;Conteinerizada;29,86;Desembarcados;BRSSZ;BRAM012
1620276;Cabotagem;2;Carga Conteinerizada;Conteinerizada;29,86;Desembarcados;BRSSZ;BRAM012
1620276;Cabotagem;2;Carga Conteinerizada;Conteinerizada;29,87;Desembarcados;BRSSZ;BRAM012
1620276;Cabotagem;2;Carga Conteinerizada;Conteinerizada;29,89;Desembarcados;BRSSZ;BRAM012
1620276;Cabotagem;2;Carga Conteinerizada;Conteinerizada;29,92;Desembarcados;BRSSZ;BRAM012
1620276;Cabotagem;2;Carga Conteinerizada;Conteinerizada;29,92;Desembarcados;BRSSZ;BRAM012
1620276;Cabotagem;2;Carga Conteinerizada;Conteinerizada;29,93;Desembarcados;BRSSZ;BRAM012
1620276;Cabotagem;2;Carga Conteinerizada;Conteinerizada;29,93;Desembarcados;BRSSZ;BRAM012
1620276;Cabotagem;2;Carga Conteinerizada;Conteinerizada;29,95;Desembarcados;BRSSZ;BRAM012
1620276;Cabotagem;2;Carga Conteinerizada;Conteinerizada;30;Desembarcados;BRSSZ;BRAM012
1620276;Cabotagem;2;Carga Conteinerizada;Conteinerizada;30,04;Desembarcados;BRSSZ;BRAM012
1620276;Cabotagem;2;Carga Conteinerizada;Conteinerizada;30,05;Desembarcados;BRSSZ;BRAM012
1620276;Cabotagem;2;Carga Conteinerizada;Conteinerizada;30,1;Desembarcados;BRSSZ;BRAM012
1620276;Cabotagem;2;Carga Conteinerizada;Conteinerizada;30,11;Desembarcados;BRSSZ;BRAM012
1620276;Cabotagem;2;Carga Conteinerizada;Conteinerizada;30,13;Desembarcados;BRSSZ;BRAM012
1620276;Cabotagem;2;Carga Conteinerizada;Conteinerizada;30,14;Desembarcados;BRSSZ;BRAM012
1620276;Cabotagem;2;Carga Conteinerizada;Conteinerizada;30,14;Desembarcados;BRSSZ;BRAM012
1620276;Cabotagem;2;Carga Conteinerizada;Conteinerizada;30,18;Desembarcados;BRSSZ;BRAM012
1620276;Cabotagem;2;Carga Conteinerizada;Conteinerizada;30,18;Desembarcados;BRSSZ;BRAM012
1620276;Cabotagem;2;Carga Conteinerizada;Conteinerizada;30,18;Desembarcados;BRSSZ;BRAM012
1620276;Cabotagem;2;Carga Conteinerizada;Conteinerizada;30,18;Desembarcados;BRSSZ;BRAM012
1620276;Cabotagem;2;Carga Conteinerizada;Conteinerizada;30,19;Desembarcados;BRSSZ;BRAM012
1620276;Cabotagem;2;Carga Conteinerizada;Conteinerizada;30,19;Desembarcados;BRSSZ;BRAM012
1620276;Cabotagem;2;Carga Conteinerizada;Conteinerizada;30,19;Desembarcados;BRSSZ;BRAM012
1620276;Cabotagem;2;Carga Conteinerizada;Conteinerizada;30,21;Desembarcados;BRSSZ;BRAM012
1620276;Cabotagem;2;Carga Conteinerizada;Conteinerizada;30,21;Desembarcados;BRSSZ;BRAM012
1620276;Cabotagem;2;Carga Conteinerizada;Conteinerizada;30,22;Desembarcados;BRSSZ;BRAM012
1620276;Cabotagem;2;Carga Conteinerizada;Conteinerizada;30,24;Desembarcados;BRSSZ;BRAM012
1620276;Cabotagem;2;Carga Conteinerizada;Conteinerizada;30,25;Desembarcados;BRSSZ;BRAM012
1620276;Cabotagem;2;Carga Conteinerizada;Conteinerizada;30,26;Desembarcados;BRSSZ;BRAM012
1620276;Cabotagem;2;Carga Conteinerizada;Conteinerizada;30,29;Desembarcados;BRSSZ;BRAM012
1620276;Cabotagem;2;Carga Conteinerizada;Conteinerizada;30,3;Desembarcados;BRSSZ;BRAM012
1620276;Cabotagem;2;Carga Conteinerizada;Conteinerizada;30,32;Desembarcados;BRSSZ;BRAM012
1620276;Cabotagem;2;Carga Conteinerizada;Conteinerizada;30,33;Desembarcados;BRSSZ;BRAM012
1620276;Cabotagem;2;Carga Conteinerizada;Conteinerizada;30,34;Desembarcados;BRSSZ;BRAM012
1620276;Cabotagem;2;Carga Conteinerizada;Conteinerizada;30,35;Desembarcados;BRSSZ;BRAM012
1620276;Cabotagem;2;Carga Conteinerizada;Conteinerizada;30,36;Desembarcados;BRSSZ;BRAM012
1620276;Cabotagem;2;Carga Conteinerizada;Conteinerizada;30,36;Desembarcados;BRSSZ;BRAM012
1620276;Cabotagem;2;Carga Conteinerizada;Conteinerizada;30,37;Desembarcados;BRSSZ;BRAM012
1620276;Cabotagem;2;Carga Conteinerizada;Conteinerizada;30,39;Desembarcados;BRSSZ;BRAM012
1620276;Cabotagem;2;Carga Conteinerizada;Conteinerizada;30,39;Desembarcados;BRSSZ;BRAM012
1620276;Cabotagem;2;Carga Conteinerizada;Conteinerizada;30,4;Desembarcados;BRSSZ;BRAM012
1620276;Cabotagem;2;Carga Conteinerizada;Conteinerizada;30,44;Desembarcados;BRSSZ;BRAM012
1620276;Cabotagem;2;Carga Conteinerizada;Conteinerizada;30,45;Desembarcados;BRSSZ;BRAM012
1620276;Cabotagem;2;Carga Conteinerizada;Conteinerizada;30,46;Desembarcados;BRSSZ;BRAM012
1620276;Cabotagem;2;Carga Conteinerizada;Conteinerizada;30,47;Desembarcados;BRSSZ;BRAM012
1620276;Cabotagem;2;Carga Conteinerizada;Conteinerizada;30,47;Desembarcados;BRSSZ;BRAM012
1620276;Cabotagem;2;Carga Conteinerizada;Conteinerizada;30,47;Desembarcados;BRSSZ;BRAM012
1620276;Cabotagem;2;Carga Conteinerizada;Conteinerizada;30,48;Desembarcados;BRSSZ;BRAM012
1620276;Cabotagem;2;Carga Conteinerizada;Conteinerizada;30,49;Desembarcados;BRSSZ;BRAM012
1620276;Cabotagem;2;Carga Conteinerizada;Conteinerizada;30,49;Desembarcados;BRSSZ;BRAM012
1620276;Cabotagem;2;Carga Conteinerizada;Conteinerizada;30,49;Desembarcados;BRSSZ;BRAM012
1620276;Cabotagem;2;Carga Conteinerizada;Conteinerizada;30,57;Desembarcados;BRSSZ;BRAM012
1620276;Cabotagem;2;Carga Conteinerizada;Conteinerizada;30,57;Desembarcados;BRSSZ;BRAM012
1620276;Cabotagem;2;Carga Conteinerizada;Conteinerizada;30,58;Desembarcados;BRSSZ;BRAM012
1620276;Cabotagem;2;Carga Conteinerizada;Conteinerizada;30,59;Desembarcados;BRSSZ;BRAM012
1620276;Cabotagem;2;Carga Conteinerizada;Conteinerizada;30,59;Desembarcados;BRSSZ;BRAM012
1620276;Cabotagem;2;Carga Conteinerizada;Conteinerizada;30,6;Desembarcados;BRSSZ;BRAM012
1620276;Cabotagem;2;Carga Conteinerizada;Conteinerizada;30,61;Desembarcados;BRSSZ;BRAM012
1620276;Cabotagem;2;Carga Conteinerizada;Conteinerizada;30,62;Desembarcados;BRSSZ;BRAM012
1620276;Cabotagem;2;Carga Conteinerizada;Conteinerizada;30,63;Desembarcados;BRSSZ;BRAM012
1620276;Cabotagem;2;Carga Conteinerizada;Conteinerizada;30,63;Desembarcados;BRSSZ;BRAM012
1620276;Cabotagem;2;Carga Conteinerizada;Conteinerizada;30,63;Desembarcados;BRSSZ;BRAM012
1620276;Cabotagem;2;Carga Conteinerizada;Conteinerizada;30,63;Desembarcados;BRSSZ;BRAM012
1620276;Cabotagem;2;Carga Conteinerizada;Conteinerizada;30,64;Desembarcados;BRSSZ;BRAM012
1620276;Cabotagem;2;Carga Conteinerizada;Conteinerizada;30,66;Desembarcados;BRSSZ;BRAM012
1620276;Cabotagem;2;Carga Conteinerizada;Conteinerizada;30,66;Desembarcados;BRSSZ;BRAM012
1620276;Cabotagem;2;Carga Conteinerizada;Conteinerizada;30,66;Desembarcados;BRSSZ;BRAM012
1620276;Cabotagem;2;Carga Conteinerizada;Conteinerizada;30,67;Desembarcados;BRSSZ;BRAM012
1620276;Cabotagem;2;Carga Conteinerizada;Conteinerizada;30,69;Desembarcados;BRSSZ;BRAM012
1620276;Cabotagem;2;Carga Conteinerizada;Conteinerizada;30,7;Desembarcados;BRSSZ;BRAM012
1620276;Cabotagem;2;Carga Conteinerizada;Conteinerizada;30,72;Desembarcados;BRSSZ;BRAM012
1620276;Cabotagem;2;Carga Conteinerizada;Conteinerizada;30,74;Desembarcados;BRSSZ;BRAM012
1620276;Cabotagem;2;Carga Conteinerizada;Conteinerizada;30,74;Desembarcados;BRSSZ;BRAM012
1620276;Cabotagem;2;Carga Conteinerizada;Conteinerizada;30,76;Desembarcados;BRSSZ;BRAM012
1620276;Cabotagem;2;Carga Conteinerizada;Conteinerizada;30,77;Desembarcados;BRSSZ;BRAM012
1620276;Cabotagem;2;Carga Conteinerizada;Conteinerizada;30,77;Desembarcados;BRSSZ;BRAM012
1620276;Cabotagem;2;Carga Conteinerizada;Conteinerizada;30,78;Desembarcados;BRSSZ;BRAM012
1620276;Cabotagem;2;Carga Conteinerizada;Conteinerizada;30,78;Desembarcados;BRSSZ;BRAM012
1620276;Cabotagem;2;Carga Conteinerizada;Conteinerizada;30,79;Desembarcados;BRSSZ;BRAM012
1620276;Cabotagem;2;Carga Conteinerizada;Conteinerizada;30,79;Desembarcados;BRSSZ;BRAM012
1620276;Cabotagem;2;Carga Conteinerizada;Conteinerizada;30,8;Desembarcados;BRSSZ;BRAM012
1620276;Cabotagem;2;Carga Conteinerizada;Conteinerizada;30,83;Desembarcados;BRSSZ;BRAM012
1620276;Cabotagem;2;Carga Conteinerizada;Conteinerizada;30,84;Desembarcados;BRSSZ;BRAM012
1620276;Cabotagem;2;Carga Conteinerizada;Conteinerizada;30,87;Desembarcados;BRSSZ;BRAM012
1620276;Cabotagem;2;Carga Conteinerizada;Conteinerizada;30,88;Desembarcados;BRSSZ;BRAM012
1620276;Cabotagem;2;Carga Conteinerizada;Conteinerizada;30,89;Desembarcados;BRSSZ;BRAM012
1620276;Cabotagem;2;Carga Conteinerizada;Conteinerizada;30,9;Desembarcados;BRSSZ;BRAM012
1620276;Cabotagem;2;Carga Conteinerizada;Conteinerizada;30,9;Desembarcados;BRSSZ;BRAM012
1620276;Cabotagem;2;Carga Conteinerizada;Conteinerizada;30,9;Desembarcados;BRSSZ;BRAM012
1620276;Cabotagem;2;Carga Conteinerizada;Conteinerizada;30,9;Desembarcados;BRSSZ;BRAM012
1620276;Cabotagem;2;Carga Conteinerizada;Conteinerizada;30,92;Desembarcados;BRSSZ;BRAM012
1620276;Cabotagem;2;Carga Conteinerizada;Conteinerizada;30,93;Desembarcados;BRSSZ;BRAM012
1620276;Cabotagem;2;Carga Conteinerizada;Conteinerizada;30,93;Desembarcados;BRSSZ;BRAM012
1620276;Cabotagem;2;Carga Conteinerizada;Conteinerizada;30,93;Desembarcados;BRSSZ;BRAM012
1620276;Cabotagem;2;Carga Conteinerizada;Conteinerizada;30,94;Desembarcados;BRSSZ;BRAM012
1620276;Cabotagem;2;Carga Conteinerizada;Conteinerizada;30,95;Desembarcados;BRSSZ;BRAM012
1620276;Cabotagem;2;Carga Conteinerizada;Conteinerizada;30,96;Desembarcados;BRSSZ;BRAM012
1620276;Cabotagem;2;Carga Conteinerizada;Conteinerizada;30,96;Desembarcados;BRSSZ;BRAM012
1620276;Cabotagem;2;Carga Conteinerizada;Conteinerizada;30,98;Desembarcados;BRSSZ;BRAM012
1620276;Cabotagem;2;Carga Conteinerizada;Conteinerizada;31;Desembarcados;BRSSZ;BRAM012
1620276;Cabotagem;2;Carga Conteinerizada;Conteinerizada;31;Desembarcados;BRSSZ;BRAM012
1620276;Cabotagem;2;Carga Conteinerizada;Conteinerizada;31,01;Desembarcados;BRSSZ;BRAM012
1620276;Cabotagem;2;Carga Conteinerizada;Conteinerizada;31,03;Desembarcados;BRSSZ;BRAM012
1620276;Cabotagem;2;Carga Conteinerizada;Conteinerizada;31,03;Desembarcados;BRSSZ;BRAM012
1620276;Cabotagem;2;Carga Conteinerizada;Conteinerizada;31,03;Desembarcados;BRSSZ;BRAM012
1620276;Cabotagem;2;Carga Conteinerizada;Conteinerizada;31,03;Desembarcados;BRSSZ;BRAM012
1620276;Cabotagem;2;Carga Conteinerizada;Conteinerizada;31,03;Desembarcados;BRSSZ;BRAM012
1620276;Cabotagem;2;Carga Conteinerizada;Conteinerizada;31,06;Desembarcados;BRSSZ;BRAM012
1620276;Cabotagem;2;Carga Conteinerizada;Conteinerizada;31,08;Desembarcados;BRSSZ;BRAM012
1620276;Cabotagem;2;Carga Conteinerizada;Conteinerizada;31,08;Desembarcados;BRSSZ;BRAM012
1620276;Cabotagem;2;Carga Conteinerizada;Conteinerizada;31,08;Desembarcados;BRSSZ;BRAM012
1620276;Cabotagem;2;Carga Conteinerizada;Conteinerizada;31,08;Desembarcados;BRSSZ;BRAM012
1620276;Cabotagem;2;Carga Conteinerizada;Conteinerizada;31,09;Desembarcados;BRSSZ;BRAM012
1620276;Cabotagem;2;Carga Conteinerizada;Conteinerizada;31,1;Desembarcados;BRSSZ;BRAM012
1620276;Cabotagem;2;Carga Conteinerizada;Conteinerizada;31,1;Desembarcados;BRSSZ;BRAM012
1620276;Cabotagem;2;Carga Conteinerizada;Conteinerizada;31,1;Desembarcados;BRSSZ;BRAM012
1620276;Cabotagem;2;Carga Conteinerizada;Conteinerizada;31,1;Desembarcados;BRSSZ;BRAM012
1620276;Cabotagem;2;Carga Conteinerizada;Conteinerizada;31,11;Desembarcados;BRSSZ;BRAM012
1620276;Cabotagem;2;Carga Conteinerizada;Conteinerizada;31,11;Desembarcados;BRSSZ;BRAM012
1620276;Cabotagem;2;Carga Conteinerizada;Conteinerizada;31,12;Desembarcados;BRSSZ;BRAM012
1620276;Cabotagem;2;Carga Conteinerizada;Conteinerizada;31,12;Desembarcados;BRSSZ;BRAM012
1620276;Cabotagem;2;Carga Conteinerizada;Conteinerizada;31,14;Desembarcados;BRSSZ;BRAM012
1620276;Cabotagem;2;Carga Conteinerizada;Conteinerizada;31,15;Desembarcados;BRSSZ;BRAM012
1620276;Cabotagem;2;Carga Conteinerizada;Conteinerizada;31,15;Desembarcados;BRSSZ;BRAM012
1620276;Cabotagem;2;Carga Conteinerizada;Conteinerizada;31,16;Desembarcados;BRSSZ;BRAM012
1620276;Cabotagem;2;Carga Conteinerizada;Conteinerizada;31,19;Desembarcados;BRSSZ;BRAM012
1620276;Cabotagem;2;Carga Conteinerizada;Conteinerizada;31,2;Desembarcados;BRSSZ;BRAM012
1620276;Cabotagem;2;Carga Conteinerizada;Conteinerizada;31,21;Desembarcados;BRSSZ;BRAM012
1620276;Cabotagem;2;Carga Conteinerizada;Conteinerizada;31,21;Desembarcados;BRSSZ;BRAM012
1620276;Cabotagem;2;Carga Conteinerizada;Conteinerizada;31,21;Desembarcados;BRSSZ;BRAM012
1620276;Cabotagem;2;Carga Conteinerizada;Conteinerizada;31,21;Desembarcados;BRSSZ;BRAM012
1620276;Cabotagem;2;Carga Conteinerizada;Conteinerizada;31,21;Desembarcados;BRSSZ;BRAM012
1620276;Cabotagem;2;Carga Conteinerizada;Conteinerizada;31,22;Desembarcados;BRSSZ;BRAM012
1620276;Cabotagem;2;Carga Conteinerizada;Conteinerizada;31,22;Desembarcados;BRSSZ;BRAM012
1620276;Cabotagem;2;Carga Conteinerizada;Conteinerizada;31,23;Desembarcados;BRSSZ;BRAM012
1620276;Cabotagem;2;Carga Conteinerizada;Conteinerizada;31,23;Desembarcados;BRSSZ;BRAM012
1620276;Cabotagem;2;Carga Conteinerizada;Conteinerizada;31,23;Desembarcados;BRSSZ;BRAM012
1620276;Cabotagem;2;Carga Conteinerizada;Conteinerizada;31,23;Desembarcados;BRSSZ;BRAM012
1620276;Cabotagem;2;Carga Conteinerizada;Conteinerizada;31,24;Desembarcados;BRSSZ;BRAM012
1620276;Cabotagem;2;Carga Conteinerizada;Conteinerizada;31,24;Desembarcados;BRSSZ;BRAM012
1620276;Cabotagem;2;Carga Conteinerizada;Conteinerizada;31,24;Desembarcados;BRSSZ;BRAM012
1620276;Cabotagem;2;Carga Conteinerizada;Conteinerizada;31,24;Desembarcados;BRSSZ;BRAM012
1620276;Cabotagem;2;Carga Conteinerizada;Conteinerizada;31,26;Desembarcados;BRSSZ;BRAM012
1620276;Cabotagem;2;Carga Conteinerizada;Conteinerizada;31,26;Desembarcados;BRSSZ;BRAM012
1620276;Cabotagem;2;Carga Conteinerizada;Conteinerizada;31,27;Desembarcados;BRSSZ;BRAM012
1620276;Cabotagem;2;Carga Conteinerizada;Conteinerizada;31,27;Desembarcados;BRSSZ;BRAM012
1620276;Cabotagem;2;Carga Conteinerizada;Conteinerizada;31,27;Desembarcados;BRSSZ;BRAM012
1620276;Cabotagem;2;Carga Conteinerizada;Conteinerizada;31,3;Desembarcados;BRSSZ;BRAM012
1620276;Cabotagem;2;Carga Conteinerizada;Conteinerizada;31,31;Desembarcados;BRSSZ;BRAM012
1620276;Cabotagem;2;Carga Conteinerizada;Conteinerizada;31,31;Desembarcados;BRSSZ;BRAM012
1620276;Cabotagem;2;Carga Conteinerizada;Conteinerizada;31,32;Desembarcados;BRSSZ;BRAM012
1620276;Cabotagem;2;Carga Conteinerizada;Conteinerizada;31,34;Desembarcados;BRSSZ;BRAM012
1620276;Cabotagem;2;Carga Conteinerizada;Conteinerizada;31,34;Desembarcados;BRSSZ;BRAM012
1620276;Cabotagem;2;Carga Conteinerizada;Conteinerizada;31,35;Desembarcados;BRSSZ;BRAM012
1620276;Cabotagem;2;Carga Conteinerizada;Conteinerizada;31,36;Desembarcados;BRSSZ;BRAM012
1620276;Cabotagem;2;Carga Conteinerizada;Conteinerizada;31,37;Desembarcados;BRSSZ;BRAM012
1620276;Cabotagem;2;Carga Conteinerizada;Conteinerizada;31,43;Desembarcados;BRSSZ;BRAM012
1620276;Cabotagem;2;Carga Conteinerizada;Conteinerizada;31,43;Desembarcados;BRSSZ;BRAM012
1620276;Cabotagem;2;Carga Conteinerizada;Conteinerizada;31,43;Desembarcados;BRSSZ;BRAM012
1620276;Cabotagem;2;Carga Conteinerizada;Conteinerizada;31,44;Desembarcados;BRSSZ;BRAM012
1620276;Cabotagem;2;Carga Conteinerizada;Conteinerizada;31,44;Desembarcados;BRSSZ;BRAM012
1620276;Cabotagem;2;Carga Conteinerizada;Conteinerizada;31,46;Desembarcados;BRSSZ;BRAM012
1620276;Cabotagem;2;Carga Conteinerizada;Conteinerizada;31,46;Desembarcados;BRSSZ;BRAM012
1620276;Cabotagem;2;Carga Conteinerizada;Conteinerizada;31,46;Desembarcados;BRSSZ;BRAM012
1620276;Cabotagem;2;Carga Conteinerizada;Conteinerizada;31,47;Desembarcados;BRSSZ;BRAM012
1620276;Cabotagem;2;Carga Conteinerizada;Conteinerizada;31,48;Desembarcados;BRSSZ;BRAM012
1620276;Cabotagem;2;Carga Conteinerizada;Conteinerizada;31,53;Desembarcados;BRSSZ;BRAM012
1620276;Cabotagem;2;Carga Conteinerizada;Conteinerizada;31,53;Desembarcados;BRSSZ;BRAM012
1620276;Cabotagem;2;Carga Conteinerizada;Conteinerizada;31,56;Desembarcados;BRSSZ;BRAM012
1620276;Cabotagem;2;Carga Conteinerizada;Conteinerizada;31,57;Desembarcados;BRSSZ;BRAM012
1620276;Cabotagem;2;Carga Conteinerizada;Conteinerizada;31,57;Desembarcados;BRSSZ;BRAM012
1620276;Cabotagem;2;Carga Conteinerizada;Conteinerizada;31,57;Desembarcados;BRSSZ;BRAM012
1620276;Cabotagem;2;Carga Conteinerizada;Conteinerizada;31,6;Desembarcados;BRSSZ;BRAM012
1620276;Cabotagem;2;Carga Conteinerizada;Conteinerizada;31,6;Desembarcados;BRSSZ;BRAM012
1620276;Cabotagem;2;Carga Conteinerizada;Conteinerizada;31,61;Desembarcados;BRSSZ;BRAM012
1620276;Cabotagem;2;Carga Conteinerizada;Conteinerizada;31,61;Desembarcados;BRSSZ;BRAM012
1620276;Cabotagem;2;Carga Conteinerizada;Conteinerizada;31,63;Desembarcados;BRSSZ;BRAM012
1620276;Cabotagem;2;Carga Conteinerizada;Conteinerizada;31,64;Desembarcados;BRSSZ;BRAM012
1620276;Cabotagem;2;Carga Conteinerizada;Conteinerizada;31,65;Desembarcados;BRSSZ;BRAM012
1620276;Cabotagem;2;Carga Conteinerizada;Conteinerizada;31,65;Desembarcados;BRSSZ;BRAM012
1620276;Cabotagem;2;Carga Conteinerizada;Conteinerizada;31,66;Desembarcados;BRSSZ;BRAM012
1620276;Cabotagem;2;Carga Conteinerizada;Conteinerizada;31,67;Desembarcados;BRSSZ;BRAM012
1620276;Cabotagem;2;Carga Conteinerizada;Conteinerizada;31,68;Desembarcados;BRSSZ;BRAM012
1620276;Cabotagem;2;Carga Conteinerizada;Conteinerizada;31,69;Desembarcados;BRSSZ;BRAM012
1620276;Cabotagem;2;Carga Conteinerizada;Conteinerizada;31,72;Desembarcados;BRSSZ;BRAM012
1620276;Cabotagem;2;Carga Conteinerizada;Conteinerizada;31,74;Desembarcados;BRSSZ;BRAM012
1620276;Cabotagem;2;Carga Conteinerizada;Conteinerizada;31,74;Desembarcados;BRSSZ;BRAM012
1620276;Cabotagem;2;Carga Conteinerizada;Conteinerizada;31,76;Desembarcados;BRSSZ;BRAM012
1620276;Cabotagem;2;Carga Conteinerizada;Conteinerizada;31,76;Desembarcados;BRSSZ;BRAM012
1620276;Cabotagem;2;Carga Conteinerizada;Conteinerizada;31,76;Desembarcados;BRSSZ;BRAM012
1620276;Cabotagem;2;Carga Conteinerizada;Conteinerizada;31,78;Desembarcados;BRSSZ;BRAM012
1620276;Cabotagem;2;Carga Conteinerizada;Conteinerizada;31,8;Desembarcados;BRSSZ;BRAM012
1620276;Cabotagem;2;Carga Conteinerizada;Conteinerizada;31,81;Desembarcados;BRSSZ;BRAM012
1620276;Cabotagem;2;Carga Conteinerizada;Conteinerizada;31,81;Desembarcados;BRSSZ;BRAM012
1620276;Cabotagem;2;Carga Conteinerizada;Conteinerizada;31,81;Desembarcados;BRSSZ;BRAM012
1620276;Cabotagem;2;Carga Conteinerizada;Conteinerizada;31,81;Desembarcados;BRSSZ;BRAM012
1620276;Cabotagem;2;Carga Conteinerizada;Conteinerizada;31,83;Desembarcados;BRSSZ;BRAM012
1620276;Cabotagem;2;Carga Conteinerizada;Conteinerizada;31,84;Desembarcados;BRSSZ;BRAM012
1620276;Cabotagem;2;Carga Conteinerizada;Conteinerizada;31,85;Desembarcados;BRSSZ;BRAM012
1620276;Cabotagem;2;Carga Conteinerizada;Conteinerizada;31,86;Desembarcados;BRSSZ;BRAM012
1620276;Cabotagem;2;Carga Conteinerizada;Conteinerizada;31,87;Desembarcados;BRSSZ;BRAM012
1620276;Cabotagem;2;Carga Conteinerizada;Conteinerizada;31,88;Desembarcados;BRSSZ;BRAM012
1620276;Cabotagem;2;Carga Conteinerizada;Conteinerizada;31,89;Desembarcados;BRSSZ;BRAM012
1620276;Cabotagem;2;Carga Conteinerizada;Conteinerizada;31,89;Desembarcados;BRSSZ;BRAM012
1620276;Cabotagem;2;Carga Conteinerizada;Conteinerizada;31,9;Desembarcados;BRSSZ;BRAM012
1620276;Cabotagem;2;Carga Conteinerizada;Conteinerizada;31,9;Desembarcados;BRSSZ;BRAM012
1620276;Cabotagem;2;Carga Conteinerizada;Conteinerizada;31,93;Desembarcados;BRSSZ;BRAM012
1620276;Cabotagem;2;Carga Conteinerizada;Conteinerizada;31,94;Desembarcados;BRSSZ;BRAM012
1620276;Cabotagem;2;Carga Conteinerizada;Conteinerizada;31,95;Desembarcados;BRSSZ;BRAM012
1620276;Cabotagem;2;Carga Conteinerizada;Conteinerizada;31,97;Desembarcados;BRSSZ;BRAM012
1620276;Cabotagem;2;Carga Conteinerizada;Conteinerizada;31,98;Desembarcados;BRSSZ;BRAM012
1620276;Cabotagem;2;Carga Conteinerizada;Conteinerizada;32,05;Desembarcados;BRSSZ;BRAM012
1620276;Cabotagem;2;Carga Conteinerizada;Conteinerizada;32,05;Desembarcados;BRSSZ;BRAM012
1620276;Cabotagem;2;Carga Conteinerizada;Conteinerizada;32,05;Desembarcados;BRSSZ;BRAM012
1620276;Cabotagem;2;Carga Conteinerizada;Conteinerizada;32,1;Desembarcados;BRSSZ;BRAM012
1620276;Cabotagem;2;Carga Conteinerizada;Conteinerizada;32,25;Desembarcados;BRSSZ;BRAM012
1620276;Cabotagem;2;Carga Conteinerizada;Conteinerizada;32,25;Desembarcados;BRSSZ;BRAM012
1620276;Cabotagem;2;Carga Conteinerizada;Conteinerizada;32,28;Desembarcados;BRSSZ;BRAM012
1620276;Cabotagem;2;Carga Conteinerizada;Conteinerizada;32,32;Desembarcados;BRSSZ;BRAM012
1620276;Cabotagem;2;Carga Conteinerizada;Conteinerizada;32,89;Desembarcados;BRSSZ;BRAM012
1620276;Cabotagem;2;Carga Conteinerizada;Conteinerizada;4,11;Desembarcados;BRSSZ;BRAM012
1620276;Cabotagem;2;Carga Conteinerizada;Conteinerizada;4,85;Desembarcados;BRSSZ;BRAM012
1620276;Cabotagem;2;Carga Conteinerizada;Conteinerizada;4,92;Desembarcados;BRSSZ;BRAM012
1620276;Cabotagem;2;Carga Conteinerizada;Conteinerizada;5,09;Desembarcados;BRSSZ;BRAM012
1620276;Cabotagem;2;Carga Conteinerizada;Conteinerizada;5,22;Desembarcados;BRSSZ;BRAM012
1620276;Cabotagem;2;Carga Conteinerizada;Conteinerizada;5,24;Desembarcados;BRSSZ;BRAM012
1620276;Cabotagem;2;Carga Conteinerizada;Conteinerizada;5,25;Desembarcados;BRSSZ;BRAM012
1620276;Cabotagem;2;Carga Conteinerizada;Conteinerizada;5,3;Desembarcados;BRSSZ;BRAM012
1620276;Cabotagem;2;Carga Conteinerizada;Conteinerizada;5,36;Desembarcados;BRSSZ;BRAM012
1620276;Cabotagem;2;Carga Conteinerizada;Conteinerizada;5,37;Desembarcados;BRSSZ;BRAM012
1620276;Cabotagem;2;Carga Conteinerizada;Conteinerizada;5,38;Desembarcados;BRSSZ;BRAM012
1620276;Cabotagem;2;Carga Conteinerizada;Conteinerizada;5,38;Desembarcados;BRSSZ;BRAM012
1620276;Cabotagem;2;Carga Conteinerizada;Conteinerizada;5,39;Desembarcados;BRSSZ;BRAM012
1620276;Cabotagem;2;Carga Conteinerizada;Conteinerizada;5,4;Desembarcados;BRSSZ;BRAM012
1620276;Cabotagem;2;Carga Conteinerizada;Conteinerizada;5,4;Desembarcados;BRSSZ;BRAM012
1620276;Cabotagem;2;Carga Conteinerizada;Conteinerizada;5,4;Desembarcados;BRSSZ;BRAM012
1620276;Cabotagem;2;Carga Conteinerizada;Conteinerizada;5,41;Desembarcados;BRSSZ;BRAM012
1620276;Cabotagem;2;Carga Conteinerizada;Conteinerizada;5,42;Desembarcados;BRSSZ;BRAM012
1620276;Cabotagem;2;Carga Conteinerizada;Conteinerizada;5,43;Desembarcados;BRSSZ;BRAM012
1620276;Cabotagem;2;Carga Conteinerizada;Conteinerizada;5,45;Desembarcados;BRSSZ;BRAM012
1620276;Cabotagem;2;Carga Conteinerizada;Conteinerizada;5,46;Desembarcados;BRSSZ;BRAM012
1620276;Cabotagem;2;Carga Conteinerizada;Conteinerizada;5,46;Desembarcados;BRSSZ;BRAM012
1620276;Cabotagem;2;Carga Conteinerizada;Conteinerizada;5,46;Desembarcados;BRSSZ;BRAM012
1620276;Cabotagem;2;Carga Conteinerizada;Conteinerizada;5,47;Desembarcados;BRSSZ;BRAM012
1620276;Cabotagem;2;Carga Conteinerizada;Conteinerizada;5,48;Desembarcados;BRSSZ;BRAM012
1620276;Cabotagem;2;Carga Conteinerizada;Conteinerizada;5,49;Desembarcados;BRSSZ;BRAM012
1620276;Cabotagem;2;Carga Conteinerizada;Conteinerizada;5,5;Desembarcados;BRSSZ;BRAM012
1620276;Cabotagem;2;Carga Conteinerizada;Conteinerizada;5,5;Desembarcados;BRSSZ;BRAM012
1620276;Cabotagem;2;Carga Conteinerizada;Conteinerizada;5,51;Desembarcados;BRSSZ;BRAM012
1620276;Cabotagem;2;Carga Conteinerizada;Conteinerizada;5,52;Desembarcados;BRSSZ;BRAM012
1620276;Cabotagem;2;Carga Conteinerizada;Conteinerizada;5,53;Desembarcados;BRSSZ;BRAM012
1620276;Cabotagem;2;Carga Conteinerizada;Conteinerizada;5,54;Desembarcados;BRSSZ;BRAM012
1620276;Cabotagem;2;Carga Conteinerizada;Conteinerizada;5,54;Desembarcados;BRSSZ;BRAM012
1620276;Cabotagem;2;Carga Conteinerizada;Conteinerizada;5,55;Desembarcados;BRSSZ;BRAM012
1620276;Cabotagem;2;Carga Conteinerizada;Conteinerizada;5,55;Desembarcados;BRSSZ;BRAM012
1620276;Cabotagem;2;Carga Conteinerizada;Conteinerizada;5,56;Desembarcados;BRSSZ;BRAM012
1620276;Cabotagem;2;Carga Conteinerizada;Conteinerizada;5,56;Desembarcados;BRSSZ;BRAM012
1620276;Cabotagem;2;Carga Conteinerizada;Conteinerizada;5,56;Desembarcados;BRSSZ;BRAM012
1620276;Cabotagem;2;Carga Conteinerizada;Conteinerizada;5,57;Desembarcados;BRSSZ;BRAM012
1620276;Cabotagem;2;Carga Conteinerizada;Conteinerizada;5,57;Desembarcados;BRSSZ;BRAM012
1620276;Cabotagem;2;Carga Conteinerizada;Conteinerizada;5,58;Desembarcados;BRSSZ;BRAM012
1620276;Cabotagem;2;Carga Conteinerizada;Conteinerizada;5,58;Desembarcados;BRSSZ;BRAM012
1620276;Cabotagem;2;Carga Conteinerizada;Conteinerizada;5,62;Desembarcados;BRSSZ;BRAM012
1620276;Cabotagem;2;Carga Conteinerizada;Conteinerizada;5,62;Desembarcados;BRSSZ;BRAM012
1620276;Cabotagem;2;Carga Conteinerizada;Conteinerizada;5,62;Desembarcados;BRSSZ;BRAM012
1620276;Cabotagem;2;Carga Conteinerizada;Conteinerizada;5,62;Desembarcados;BRSSZ;BRAM012
1620276;Cabotagem;2;Carga Conteinerizada;Conteinerizada;5,62;Desembarcados;BRSSZ;BRAM012
1620276;Cabotagem;2;Carga Conteinerizada;Conteinerizada;5,62;Desembarcados;BRSSZ;BRAM012
1620276;Cabotagem;2;Carga Conteinerizada;Conteinerizada;5,62;Desembarcados;BRSSZ;BRAM012
1620276;Cabotagem;2;Carga Conteinerizada;Conteinerizada;5,64;Desembarcados;BRSSZ;BRAM012
1620276;Cabotagem;2;Carga Conteinerizada;Conteinerizada;5,64;Desembarcados;BRSSZ;BRAM012
1620276;Cabotagem;2;Carga Conteinerizada;Conteinerizada;5,68;Desembarcados;BRSSZ;BRAM012
1620276;Cabotagem;2;Carga Conteinerizada;Conteinerizada;5,68;Desembarcados;BRSSZ;BRAM012
1620276;Cabotagem;2;Carga Conteinerizada;Conteinerizada;5,69;Desembarcados;BRSSZ;BRAM012
1620276;Cabotagem;2;Carga Conteinerizada;Conteinerizada;5,69;Desembarcados;BRSSZ;BRAM012
1620276;Cabotagem;2;Carga Conteinerizada;Conteinerizada;5,71;Desembarcados;BRSSZ;BRAM012
1620276;Cabotagem;2;Carga Conteinerizada;Conteinerizada;5,71;Desembarcados;BRSSZ;BRAM012
1620276;Cabotagem;2;Carga Conteinerizada;Conteinerizada;5,72;Desembarcados;BRSSZ;BRAM012
1620276;Cabotagem;2;Carga Conteinerizada;Conteinerizada;5,73;Desembarcados;BRSSZ;BRAM012
1620276;Cabotagem;2;Carga Conteinerizada;Conteinerizada;5,75;Desembarcados;BRSSZ;BRAM012
1620276;Cabotagem;2;Carga Conteinerizada;Conteinerizada;5,76;Desembarcados;BRSSZ;BRAM012
1620276;Cabotagem;2;Carga Conteinerizada;Conteinerizada;5,79;Desembarcados;BRSSZ;BRAM012
1620276;Cabotagem;2;Carga Conteinerizada;Conteinerizada;5,86;Desembarcados;BRSSZ;BRAM012
1620276;Cabotagem;2;Carga Conteinerizada;Conteinerizada;6,66;Desembarcados;BRSSZ;BRAM012
1620276;Cabotagem;2;Carga Conteinerizada;Conteinerizada;6,71;Desembarcados;BRSSZ;BRAM012
1620276;Cabotagem;2;Carga Conteinerizada;Conteinerizada;6,97;Desembarcados;BRSSZ;BRAM012
1620276;Cabotagem;2;Carga Conteinerizada;Conteinerizada;7,02;Desembarcados;BRSSZ;BRAM012
1620276;Cabotagem;2;Carga Conteinerizada;Conteinerizada;7,09;Desembarcados;BRSSZ;BRAM012
1620276;Cabotagem;2;Carga Conteinerizada;Conteinerizada;7,15;Desembarcados;BRSSZ;BRAM012
1620276;Cabotagem;2;Carga Conteinerizada;Conteinerizada;7,15;Desembarcados;BRSSZ;BRAM012
1620276;Cabotagem;2;Carga Conteinerizada;Conteinerizada;7,32;Desembarcados;BRSSZ;BRAM012
1620276;Cabotagem;2;Carga Conteinerizada;Conteinerizada;7,4;Desembarcados;BRSSZ;BRAM012
1620276;Cabotagem;2;Carga Conteinerizada;Conteinerizada;7,41;Desembarcados;BRSSZ;BRAM012
1620276;Cabotagem;2;Carga Conteinerizada;Conteinerizada;7,42;Desembarcados;BRSSZ;BRAM012
1620276;Cabotagem;2;Carga Conteinerizada;Conteinerizada;7,48;Desembarcados;BRSSZ;BRAM012
1620276;Cabotagem;2;Carga Conteinerizada;Conteinerizada;7,52;Desembarcados;BRSSZ;BRAM012
1620276;Cabotagem;2;Carga Conteinerizada;Conteinerizada;7,58;Desembarcados;BRSSZ;BRAM012
1620276;Cabotagem;2;Carga Conteinerizada;Conteinerizada;7,59;Desembarcados;BRSSZ;BRAM012
1620276;Cabotagem;2;Carga Conteinerizada;Conteinerizada;7,64;Desembarcados;BRSSZ;BRAM012
1620276;Cabotagem;2;Carga Conteinerizada;Conteinerizada;7,75;Desembarcados;BRSSZ;BRAM012
1620276;Cabotagem;2;Carga Conteinerizada;Conteinerizada;7,77;Desembarcados;BRSSZ;BRAM012
1620276;Cabotagem;2;Carga Conteinerizada;Conteinerizada;7,88;Desembarcados;BRSSZ;BRAM012
1620276;Cabotagem;2;Carga Conteinerizada;Conteinerizada;7,91;Desembarcados;BRSSZ;BRAM012
1620276;Cabotagem;2;Carga Conteinerizada;Conteinerizada;8;Desembarcados;BRSSZ;BRAM012
1620276;Cabotagem;2;Carga Conteinerizada;Conteinerizada;8;Desembarcados;BRSSZ;BRAM012
1620276;Cabotagem;2;Carga Conteinerizada;Conteinerizada;8;Desembarcados;BRSSZ;BRAM012
1620276;Cabotagem;2;Carga Conteinerizada;Conteinerizada;8,06;Desembarcados;BRSSZ;BRAM012
1620276;Cabotagem;2;Carga Conteinerizada;Conteinerizada;8,07;Desembarcados;BRSSZ;BRAM012
1620276;Cabotagem;2;Carga Conteinerizada;Conteinerizada;8,07;Desembarcados;BRSSZ;BRAM012
1620276;Cabotagem;2;Carga Conteinerizada;Conteinerizada;8,09;Desembarcados;BRSSZ;BRAM012
1620276;Cabotagem;2;Carga Conteinerizada;Conteinerizada;8,13;Desembarcados;BRSSZ;BRAM012
1620276;Cabotagem;2;Carga Conteinerizada;Conteinerizada;8,15;Desembarcados;BRSSZ;BRAM012
1620276;Cabotagem;2;Carga Conteinerizada;Conteinerizada;8,17;Desembarcados;BRSSZ;BRAM012
1620276;Cabotagem;2;Carga Conteinerizada;Conteinerizada;8,18;Desembarcados;BRSSZ;BRAM012
1620276;Cabotagem;2;Carga Conteinerizada;Conteinerizada;8,32;Desembarcados;BRSSZ;BRAM012
1620276;Cabotagem;2;Carga Conteinerizada;Conteinerizada;8,32;Desembarcados;BRSSZ;BRAM012
1620276;Cabotagem;2;Carga Conteinerizada;Conteinerizada;8,43;Desembarcados;BRSSZ;BRAM012
1620276;Cabotagem;2;Carga Conteinerizada;Conteinerizada;8,46;Desembarcados;BRSSZ;BRAM012
1620276;Cabotagem;2;Carga Conteinerizada;Conteinerizada;8,48;Desembarcados;BRSSZ;BRAM012
1620276;Cabotagem;2;Carga Conteinerizada;Conteinerizada;8,59;Desembarcados;BRSSZ;BRAM012
1620276;Cabotagem;2;Carga Conteinerizada;Conteinerizada;8,6;Desembarcados;BRSSZ;BRAM012
1620276;Cabotagem;2;Carga Conteinerizada;Conteinerizada;8,86;Desembarcados;BRSSZ;BRAM012
1620276;Cabotagem;2;Carga Conteinerizada;Conteinerizada;10,02;Desembarcados;BRSUA;BRAM012
1620276;Cabotagem;2;Carga Conteinerizada;Conteinerizada;10,13;Desembarcados;BRSUA;BRAM012
1620276;Cabotagem;2;Carga Conteinerizada;Conteinerizada;10,27;Desembarcados;BRSUA;BRAM012
1620276;Cabotagem;2;Carga Conteinerizada;Conteinerizada;10,57;Desembarcados;BRSUA;BRAM012
1620276;Cabotagem;2;Carga Conteinerizada;Conteinerizada;10,72;Desembarcados;BRSUA;BRAM012
1620276;Cabotagem;2;Carga Conteinerizada;Conteinerizada;12,65;Desembarcados;BRSUA;BRAM012
1620276;Cabotagem;2;Carga Conteinerizada;Conteinerizada;13,02;Desembarcados;BRSUA;BRAM012
1620276;Cabotagem;2;Carga Conteinerizada;Conteinerizada;13,11;Desembarcados;BRSUA;BRAM012
1620276;Cabotagem;2;Carga Conteinerizada;Conteinerizada;15,34;Desembarcados;BRSUA;BRAM012
1620276;Cabotagem;2;Carga Conteinerizada;Conteinerizada;19,94;Desembarcados;BRSUA;BRAM012
1620276;Cabotagem;2;Carga Conteinerizada;Conteinerizada;20,88;Desembarcados;BRSUA;BRAM012
1620276;Cabotagem;2;Carga Conteinerizada;Conteinerizada;22,11;Desembarcados;BRSUA;BRAM012
1620276;Cabotagem;2;Carga Conteinerizada;Conteinerizada;22,38;Desembarcados;BRSUA;BRAM012
1620276;Cabotagem;2;Carga Conteinerizada;Conteinerizada;24,56;Desembarcados;BRSUA;BRAM012
1620276;Cabotagem;2;Carga Conteinerizada;Conteinerizada;25,21;Desembarcados;BRSUA;BRAM012
1620276;Cabotagem;2;Carga Conteinerizada;Conteinerizada;25,29;Desembarcados;BRSUA;BRAM012
1620276;Cabotagem;2;Carga Conteinerizada;Conteinerizada;25,74;Desembarcados;BRSUA;BRAM012
1620276;Cabotagem;2;Carga Conteinerizada;Conteinerizada;25,75;Desembarcados;BRSUA;BRAM012
1620276;Cabotagem;2;Carga Conteinerizada;Conteinerizada;26,15;Desembarcados;BRSUA;BRAM012
1620276;Cabotagem;2;Carga Conteinerizada;Conteinerizada;27,07;Desembarcados;BRSUA;BRAM012
1620276;Cabotagem;2;Carga Conteinerizada;Conteinerizada;27,64;Desembarcados;BRSUA;BRAM012
1620276;Cabotagem;2;Carga Conteinerizada;Conteinerizada;27,65;Desembarcados;BRSUA;BRAM012
1620276;Cabotagem;2;Carga Conteinerizada;Conteinerizada;27,78;Desembarcados;BRSUA;BRAM012
1620276;Cabotagem;2;Carga Conteinerizada;Conteinerizada;27,97;Desembarcados;BRSUA;BRAM012
1620276;Cabotagem;2;Carga Conteinerizada;Conteinerizada;28,03;Desembarcados;BRSUA;BRAM012
1620276;Cabotagem;2;Carga Conteinerizada;Conteinerizada;28,07;Desembarcados;BRSUA;BRAM012
1620276;Cabotagem;2;Carga Conteinerizada;Conteinerizada;28,1;Desembarcados;BRSUA;BRAM012
1620276;Cabotagem;2;Carga Conteinerizada;Conteinerizada;28,12;Desembarcados;BRSUA;BRAM012
1620276;Cabotagem;2;Carga Conteinerizada;Conteinerizada;28,14;Desembarcados;BRSUA;BRAM012
1620276;Cabotagem;2;Carga Conteinerizada;Conteinerizada;28,18;Desembarcados;BRSUA;BRAM012
1620276;Cabotagem;2;Carga Conteinerizada;Conteinerizada;28,31;Desembarcados;BRSUA;BRAM012
1620276;Cabotagem;2;Carga Conteinerizada;Conteinerizada;28,46;Desembarcados;BRSUA;BRAM012
1620276;Cabotagem;2;Carga Conteinerizada;Conteinerizada;28,51;Desembarcados;BRSUA;BRAM012
1620276;Cabotagem;2;Carga Conteinerizada;Conteinerizada;28,62;Desembarcados;BRSUA;BRAM012
1620276;Cabotagem;2;Carga Conteinerizada;Conteinerizada;29,2;Desembarcados;BRSUA;BRAM012
1620276;Cabotagem;2;Carga Conteinerizada;Conteinerizada;29,39;Desembarcados;BRSUA;BRAM012
1620276;Cabotagem;2;Carga Conteinerizada;Conteinerizada;29,39;Desembarcados;BRSUA;BRAM012
1620276;Cabotagem;2;Carga Conteinerizada;Conteinerizada;29,47;Desembarcados;BRSUA;BRAM012
1620276;Cabotagem;2;Carga Conteinerizada;Conteinerizada;29,47;Desembarcados;BRSUA;BRAM012
1620276;Cabotagem;2;Carga Conteinerizada;Conteinerizada;29,47;Desembarcados;BRSUA;BRAM012
1620276;Cabotagem;2;Carga Conteinerizada;Conteinerizada;29,57;Desembarcados;BRSUA;BRAM012
1620276;Cabotagem;2;Carga Conteinerizada;Conteinerizada;29,57;Desembarcados;BRSUA;BRAM012
1620276;Cabotagem;2;Carga Conteinerizada;Conteinerizada;29,57;Desembarcados;BRSUA;BRAM012
1620276;Cabotagem;2;Carga Conteinerizada;Conteinerizada;29,57;Desembarcados;BRSUA;BRAM012
1620276;Cabotagem;2;Carga Conteinerizada;Conteinerizada;29,83;Desembarcados;BRSUA;BRAM012
1620276;Cabotagem;2;Carga Conteinerizada;Conteinerizada;29,86;Desembarcados;BRSUA;BRAM012
1620276;Cabotagem;2;Carga Conteinerizada;Conteinerizada;29,94;Desembarcados;BRSUA;BRAM012
1620276;Cabotagem;2;Carga Conteinerizada;Conteinerizada;29,97;Desembarcados;BRSUA;BRAM012
1620276;Cabotagem;2;Carga Conteinerizada;Conteinerizada;29,99;Desembarcados;BRSUA;BRAM012
1620276;Cabotagem;2;Carga Conteinerizada;Conteinerizada;30,34;Desembarcados;BRSUA;BRAM012
1620276;Cabotagem;2;Carga Conteinerizada;Conteinerizada;30,4;Desembarcados;BRSUA;BRAM012
1620276;Cabotagem;2;Carga Conteinerizada;Conteinerizada;30,5;Desembarcados;BRSUA;BRAM012
1620276;Cabotagem;2;Carga Conteinerizada;Conteinerizada;30,62;Desembarcados;BRSUA;BRAM012
1620276;Cabotagem;2;Carga Conteinerizada;Conteinerizada;30,71;Desembarcados;BRSUA;BRAM012
1620276;Cabotagem;2;Carga Conteinerizada;Conteinerizada;30,84;Desembarcados;BRSUA;BRAM012
1620276;Cabotagem;2;Carga Conteinerizada;Conteinerizada;30,94;Desembarcados;BRSUA;BRAM012
1620276;Cabotagem;2;Carga Conteinerizada;Conteinerizada;30,95;Desembarcados;BRSUA;BRAM012
1620276;Cabotagem;2;Carga Conteinerizada;Conteinerizada;30,96;Desembarcados;BRSUA;BRAM012
1620276;Cabotagem;2;Carga Conteinerizada;Conteinerizada;30,99;Desembarcados;BRSUA;BRAM012
1620276;Cabotagem;2;Carga Conteinerizada;Conteinerizada;30,99;Desembarcados;BRSUA;BRAM012
1620276;Cabotagem;2;Carga Conteinerizada;Conteinerizada;31,07;Desembarcados;BRSUA;BRAM012
1620276;Cabotagem;2;Carga Conteinerizada;Conteinerizada;31,24;Desembarcados;BRSUA;BRAM012
1620276;Cabotagem;2;Carga Conteinerizada;Conteinerizada;31,36;Desembarcados;BRSUA;BRAM012
1620276;Cabotagem;2;Carga Conteinerizada;Conteinerizada;31,95;Desembarcados;BRSUA;BRAM012
1620276;Cabotagem;2;Carga Conteinerizada;Conteinerizada;31,95;Desembarcados;BRSUA;BRAM012
1620276;Cabotagem;2;Carga Conteinerizada;Conteinerizada;32;Desembarcados;BRSUA;BRAM012
1620276;Cabotagem;2;Carga Conteinerizada;Conteinerizada;32;Desembarcados;BRSUA;BRAM012
1620276;Cabotagem;2;Carga Conteinerizada;Conteinerizada;32;Desembarcados;BRSUA;BRAM012
1620276;Cabotagem;2;Carga Conteinerizada;Conteinerizada;32;Desembarcados;BRSUA;BRAM012
1620276;Cabotagem;2;Carga Conteinerizada;Conteinerizada;32;Desembarcados;BRSUA;BRAM012
1620276;Cabotagem;2;Carga Conteinerizada;Conteinerizada;32;Desembarcados;BRSUA;BRAM012
1620276;Cabotagem;2;Carga Conteinerizada;Conteinerizada;32;Desembarcados;BRSUA;BRAM012
1620276;Cabotagem;2;Carga Conteinerizada;Conteinerizada;32;Desembarcados;BRSUA;BRAM012
1620276;Cabotagem;2;Carga Conteinerizada;Conteinerizada;32;Desembarcados;BRSUA;BRAM012
1620276;Cabotagem;2;Carga Conteinerizada;Conteinerizada;32;Desembarcados;BRSUA;BRAM012
1620276;Cabotagem;2;Carga Conteinerizada;Conteinerizada;32,15;Desembarcados;BRSUA;BRAM012
1620276;Cabotagem;2;Carga Conteinerizada;Conteinerizada;32,22;Desembarcados;BRSUA;BRAM012
1620276;Cabotagem;2;Carga Conteinerizada;Conteinerizada;32,34;Desembarcados;BRSUA;BRAM012
1620276;Cabotagem;2;Carga Conteinerizada;Conteinerizada;32,38;Desembarcados;BRSUA;BRAM012
1620276;Cabotagem;2;Carga Conteinerizada;Conteinerizada;4,71;Desembarcados;BRSUA;BRAM012
1620276;Cabotagem;2;Carga Conteinerizada;Conteinerizada;4,72;Desembarcados;BRSUA;BRAM012
1620276;Cabotagem;2;Carga Conteinerizada;Conteinerizada;4,75;Desembarcados;BRSUA;BRAM012
1620276;Cabotagem;2;Carga Conteinerizada;Conteinerizada;4,8;Desembarcados;BRSUA;BRAM012
1620276;Cabotagem;2;Carga Conteinerizada;Conteinerizada;4,86;Desembarcados;BRSUA;BRAM012
1620276;Cabotagem;2;Carga Conteinerizada;Conteinerizada;5,42;Desembarcados;BRSUA;BRAM012
1620276;Cabotagem;2;Carga Conteinerizada;Conteinerizada;5,49;Desembarcados;BRSUA;BRAM012
1620276;Cabotagem;2;Carga Conteinerizada;Conteinerizada;5,49;Desembarcados;BRSUA;BRAM012
1620276;Cabotagem;2;Carga Conteinerizada;Conteinerizada;5,83;Desembarcados;BRSUA;BRAM012
1620276;Cabotagem;2;Carga Conteinerizada;Conteinerizada;5,83;Desembarcados;BRSUA;BRAM012
1620276;Cabotagem;2;Carga Conteinerizada;Conteinerizada;5,83;Desembarcados;BRSUA;BRAM012
1620276;Cabotagem;2;Carga Conteinerizada;Conteinerizada;5,83;Desembarcados;BRSUA;BRAM012
1620276;Cabotagem;2;Carga Conteinerizada;Conteinerizada;5,83;Desembarcados;BRSUA;BRAM012
1620276;Cabotagem;2;Carga Conteinerizada;Conteinerizada;5,83;Desembarcados;BRSUA;BRAM012
1620276;Cabotagem;2;Carga Conteinerizada;Conteinerizada;5,99;Desembarcados;BRSUA;BRAM012
1620276;Cabotagem;2;Carga Conteinerizada;Conteinerizada;5,99;Desembarcados;BRSUA;BRAM012
1620276;Cabotagem;2;Carga Conteinerizada;Conteinerizada;5,99;Desembarcados;BRSUA;BRAM012
1620276;Cabotagem;2;Carga Conteinerizada;Conteinerizada;5,99;Desembarcados;BRSUA;BRAM012
1620276;Cabotagem;2;Carga Conteinerizada;Conteinerizada;5,99;Desembarcados;BRSUA;BRAM012
1620276;Cabotagem;2;Carga Conteinerizada;Conteinerizada;5,99;Desembarcados;BRSUA;BRAM012
1620276;Cabotagem;2;Carga Conteinerizada;Conteinerizada;5,99;Desembarcados;BRSUA;BRAM012
1620276;Cabotagem;2;Carga Conteinerizada;Conteinerizada;5,99;Desembarcados;BRSUA;BRAM012
1620276;Cabotagem;2;Carga Conteinerizada;Conteinerizada;5,99;Desembarcados;BRSUA;BRAM012
1620276;Cabotagem;2;Carga Conteinerizada;Conteinerizada;8,09;Desembarcados;BRSUA;BRAM012
1620276;Cabotagem;2;Carga Conteinerizada;Conteinerizada;8,37;Desembarcados;BRSUA;BRAM012
1620276;Cabotagem;2;Carga Conteinerizada;Conteinerizada;8,41;Desembarcados;BRSUA;BRAM012
1620276;Cabotagem;2;Carga Conteinerizada;Conteinerizada;8,45;Desembarcados;BRSUA;BRAM012
1620276;Cabotagem;2;Carga Conteinerizada;Conteinerizada;8,47;Desembarcados;BRSUA;BRAM012
1620276;Cabotagem;2;Carga Conteinerizada;Conteinerizada;8,5;Desembarcados;BRSUA;BRAM012
1620276;Cabotagem;2;Carga Conteinerizada;Conteinerizada;8,5;Desembarcados;BRSUA;BRAM012
1620276;Cabotagem;2;Carga Conteinerizada;Conteinerizada;8,57;Desembarcados;BRSUA;BRAM012
1620276;Cabotagem;2;Carga Conteinerizada;Conteinerizada;8,6;Desembarcados;BRSUA;BRAM012
1620276;Cabotagem;2;Carga Conteinerizada;Conteinerizada;8,63;Desembarcados;BRSUA;BRAM012
1620276;Cabotagem;2;Carga Conteinerizada;Conteinerizada;8,68;Desembarcados;BRSUA;BRAM012
1620276;Cabotagem;2;Carga Conteinerizada;Conteinerizada;8,69;Desembarcados;BRSUA;BRAM012
1620276;Cabotagem;2;Carga Conteinerizada;Conteinerizada;9,43;Desembarcados;BRSUA;BRAM012
1620276;Cabotagem;2;Carga Conteinerizada;Conteinerizada;9,57;Desembarcados;BRSUA;BRAM012
1620276;Cabotagem;2;Carga Conteinerizada;Conteinerizada;9,83;Desembarcados;BRSUA;BRAM012
1620276;Cabotagem;2;Carga Conteinerizada;Conteinerizada;9,83;Desembarcados;BRSUA;BRAM012
1620276;Cabotagem;2;Carga Conteinerizada;Conteinerizada;9,83;Desembarcados;BRSUA;BRAM012
1620276;Cabotagem;2;Carga Conteinerizada;Conteinerizada;9,83;Desembarcados;BRSUA;BRAM012
1620276;Cabotagem;2;Carga Conteinerizada;Conteinerizada;9,83;Desembarcados;BRSUA;BRAM012
1620276;Cabotagem;2;Carga Conteinerizada;Conteinerizada;9,9;Desembarcados;BRSUA;BRAM012
1620276;Cabotagem;2;Carga Conteinerizada;Conteinerizada;33,87;Desembarcados;BRPNG;BRAM012
1620276;Cabotagem;2;Carga Conteinerizada;Conteinerizada;33,9;Desembarcados;BRPNG;BRAM012
1620276;Cabotagem;2;Carga Conteinerizada;Conteinerizada;15,28;Desembarcados;BRSSZ;BRAM012
1620276;Cabotagem;2;Carga Conteinerizada;Conteinerizada;15,38;Desembarcados;BRSSZ;BRAM012
1620276;Cabotagem;2;Carga Conteinerizada;Conteinerizada;16,07;Desembarcados;BRSSZ;BRAM012
1620276;Cabotagem;2;Carga Conteinerizada;Conteinerizada;17;Desembarcados;BRSSZ;BRAM012
1620276;Cabotagem;2;Carga Conteinerizada;Conteinerizada;17,21;Desembarcados;BRSSZ;BRAM012
1620276;Cabotagem;2;Carga Conteinerizada;Conteinerizada;17,43;Desembarcados;BRSSZ;BRAM012
1620276;Cabotagem;2;Carga Conteinerizada;Conteinerizada;18,12;Desembarcados;BRSSZ;BRAM012
1620276;Cabotagem;2;Carga Conteinerizada;Conteinerizada;18,41;Desembarcados;BRSSZ;BRAM012
1620276;Cabotagem;2;Carga Conteinerizada;Conteinerizada;18,79;Desembarcados;BRSSZ;BRAM012
1620276;Cabotagem;2;Carga Conteinerizada;Conteinerizada;18,84;Desembarcados;BRSSZ;BRAM012
1620276;Cabotagem;2;Carga Conteinerizada;Conteinerizada;19,28;Desembarcados;BRSSZ;BRAM012
1620276;Cabotagem;2;Carga Conteinerizada;Conteinerizada;19,73;Desembarcados;BRSSZ;BRAM012
1620276;Cabotagem;2;Carga Conteinerizada;Conteinerizada;20,28;Desembarcados;BRSSZ;BRAM012
1620276;Cabotagem;2;Carga Conteinerizada;Conteinerizada;33,22;Desembarcados;BRSSZ;BRAM012
1620276;Cabotagem;2;Carga Conteinerizada;Conteinerizada;33,42;Desembarcados;BRSSZ;BRAM012
1620276;Cabotagem;2;Carga Conteinerizada;Conteinerizada;33,56;Desembarcados;BRSSZ;BRAM012
1620276;Cabotagem;2;Carga Conteinerizada;Conteinerizada;33,61;Desembarcados;BRSSZ;BRAM012
1620276;Cabotagem;2;Carga Conteinerizada;Conteinerizada;33,74;Desembarcados;BRSSZ;BRAM012
1620276;Cabotagem;2;Carga Conteinerizada;Conteinerizada;33,99;Desembarcados;BRSSZ;BRAM012
1620276;Cabotagem;2;Carga Conteinerizada;Conteinerizada;17,59;Desembarcados;BRSUA;BRAM012
1620276;Cabotagem;2;Carga Conteinerizada;Conteinerizada;22,02;Desembarcados;BRSUA;BRAM012
1620276;Cabotagem;2;Carga Conteinerizada;Conteinerizada;23,37;Desembarcados;BRSUA;BRAM012
1620276;Cabotagem;2;Carga Conteinerizada;Conteinerizada;24,33;Desembarcados;BRSUA;BRAM012
1620276;Cabotagem;2;Carga Conteinerizada;Conteinerizada;25,73;Desembarcados;BRSUA;BRAM012
1620276;Cabotagem;2;Carga Conteinerizada;Conteinerizada;25,8;Desembarcados;BRSUA;BRAM012
1620276;Cabotagem;2;Carga Conteinerizada;Conteinerizada;26,29;Desembarcados;BRSUA;BRAM012
1620276;Cabotagem;2;Carga Conteinerizada;Conteinerizada;27,24;Desembarcados;BRSUA;BRAM012
1620276;Cabotagem;2;Carga Conteinerizada;Conteinerizada;27,72;Desembarcados;BRSUA;BRAM012
1620276;Cabotagem;2;Carga Conteinerizada;Conteinerizada;28,65;Desembarcados;BRSUA;BRAM012
1620276;Cabotagem;2;Carga Conteinerizada;Conteinerizada;28,65;Desembarcados;BRSUA;BRAM012
1620276;Cabotagem;1;Carga Conteinerizada;Conteinerizada;29;Embarcados;BRAM012;BRSSZ
1620276;Cabotagem;1;Carga Conteinerizada;Conteinerizada;14,84;Embarcados;BRAM012;BRSSZ
1620276;Cabotagem;1;Carga Conteinerizada;Conteinerizada;15,99;Embarcados;BRAM012;BRSSZ
1620276;Cabotagem;1;Carga Conteinerizada;Conteinerizada;23,1;Embarcados;BRAM012;BRSSZ
1620276;Cabotagem;1;Carga Conteinerizada;Conteinerizada;3,64;Embarcados;BRAM012;BRSSZ
1620276;Cabotagem;2;Carga Conteinerizada;Conteinerizada;31,75;Embarcados;BRAM012;BRCE001
1620276;Cabotagem;2;Carga Conteinerizada;Conteinerizada;31,75;Embarcados;BRAM012;BRCE001
1620276;Cabotagem;2;Carga Conteinerizada;Conteinerizada;31,01;Embarcados;BRAM012;BRCE001
1620276;Cabotagem;2;Carga Conteinerizada;Conteinerizada;12,35;Embarcados;BRAM012;BRITJ
1620276;Cabotagem;2;Carga Conteinerizada;Conteinerizada;12,45;Embarcados;BRAM012;BRITJ
1620276;Cabotagem;2;Carga Conteinerizada;Conteinerizada;12,47;Embarcados;BRAM012;BRITJ
1620276;Cabotagem;2;Carga Conteinerizada;Conteinerizada;12,5;Embarcados;BRAM012;BRITJ
1620276;Cabotagem;2;Carga Conteinerizada;Conteinerizada;12,65;Embarcados;BRAM012;BRITJ
1620276;Cabotagem;2;Carga Conteinerizada;Conteinerizada;12,65;Embarcados;BRAM012;BRITJ
1620276;Cabotagem;2;Carga Conteinerizada;Conteinerizada;12,96;Embarcados;BRAM012;BRITJ
1620276;Cabotagem;2;Carga Conteinerizada;Conteinerizada;15,11;Embarcados;BRAM012;BRITJ
1620276;Cabotagem;2;Carga Conteinerizada;Conteinerizada;23,81;Embarcados;BRAM012;BRITJ
1620276;Cabotagem;2;Carga Conteinerizada;Conteinerizada;24,45;Embarcados;BRAM012;BRITJ
1620276;Cabotagem;2;Carga Conteinerizada;Conteinerizada;26,83;Embarcados;BRAM012;BRITJ
1620276;Cabotagem;2;Carga Conteinerizada;Conteinerizada;27,25;Embarcados;BRAM012;BRITJ
1620276;Cabotagem;2;Carga Conteinerizada;Conteinerizada;27,51;Embarcados;BRAM012;BRITJ
1620276;Cabotagem;2;Carga Conteinerizada;Conteinerizada;27,53;Embarcados;BRAM012;BRITJ
1620276;Cabotagem;2;Carga Conteinerizada;Conteinerizada;27,53;Embarcados;BRAM012;BRITJ
1620276;Cabotagem;2;Carga Conteinerizada;Conteinerizada;27,82;Embarcados;BRAM012;BRITJ
1620276;Cabotagem;2;Carga Conteinerizada;Conteinerizada;28,43;Embarcados;BRAM012;BRITJ
1620276;Cabotagem;2;Carga Conteinerizada;Conteinerizada;29,2;Embarcados;BRAM012;BRITJ
1620276;Cabotagem;2;Carga Conteinerizada;Conteinerizada;30,94;Embarcados;BRAM012;BRITJ
1620276;Cabotagem;2;Carga Conteinerizada;Conteinerizada;30,99;Embarcados;BRAM012;BRITJ
1620276;Cabotagem;2;Carga Conteinerizada;Conteinerizada;31;Embarcados;BRAM012;BRITJ
1620276;Cabotagem;2;Carga Conteinerizada;Conteinerizada;31,04;Embarcados;BRAM012;BRITJ
1620276;Cabotagem;2;Carga Conteinerizada;Conteinerizada;31,12;Embarcados;BRAM012;BRITJ
1620276;Cabotagem;2;Carga Conteinerizada;Conteinerizada;31,32;Embarcados;BRAM012;BRITJ
1620276;Cabotagem;2;Carga Conteinerizada;Conteinerizada;31,36;Embarcados;BRAM012;BRITJ
1620276;Cabotagem;2;Carga Conteinerizada;Conteinerizada;31,37;Embarcados;BRAM012;BRITJ
1620276;Cabotagem;2;Carga Conteinerizada;Conteinerizada;31,39;Embarcados;BRAM012;BRITJ
1620276;Cabotagem;2;Carga Conteinerizada;Conteinerizada;31,41;Embarcados;BRAM012;BRITJ
1620276;Cabotagem;2;Carga Conteinerizada;Conteinerizada;31,43;Embarcados;BRAM012;BRITJ
1620276;Cabotagem;2;Carga Conteinerizada;Conteinerizada;31,45;Embarcados;BRAM012;BRITJ
1620276;Cabotagem;2;Carga Conteinerizada;Conteinerizada;31,49;Embarcados;BRAM012;BRITJ
1620276;Cabotagem;2;Carga Conteinerizada;Conteinerizada;31,51;Embarcados;BRAM012;BRITJ
1620276;Cabotagem;2;Carga Conteinerizada;Conteinerizada;31,56;Embarcados;BRAM012;BRITJ
1620276;Cabotagem;2;Carga Conteinerizada;Conteinerizada;31,59;Embarcados;BRAM012;BRITJ
1620276;Cabotagem;2;Carga Conteinerizada;Conteinerizada;31,72;Embarcados;BRAM012;BRITJ
1620276;Cabotagem;2;Carga Conteinerizada;Conteinerizada;31,73;Embarcados;BRAM012;BRITJ
1620276;Cabotagem;2;Carga Conteinerizada;Conteinerizada;31,79;Embarcados;BRAM012;BRITJ
1620276;Cabotagem;2;Carga Conteinerizada;Conteinerizada;31,97;Embarcados;BRAM012;BRITJ
1620276;Cabotagem;2;Carga Conteinerizada;Conteinerizada;31,98;Embarcados;BRAM012;BRITJ
1620276;Cabotagem;2;Carga Conteinerizada;Conteinerizada;31,99;Embarcados;BRAM012;BRITJ
1620276;Cabotagem;2;Carga Conteinerizada;Conteinerizada;32,17;Embarcados;BRAM012;BRITJ
1620276;Cabotagem;2;Carga Conteinerizada;Conteinerizada;32,26;Embarcados;BRAM012;BRITJ
1620276;Cabotagem;2;Carga Conteinerizada;Conteinerizada;15,53;Embarcados;BRAM012;BRPNG
1620276;Cabotagem;2;Carga Conteinerizada;Conteinerizada;19,58;Embarcados;BRAM012;BRPNG
1620276;Cabotagem;2;Carga Conteinerizada;Conteinerizada;21,43;Embarcados;BRAM012;BRPNG
1620276;Cabotagem;2;Carga Conteinerizada;Conteinerizada;23,65;Embarcados;BRAM012;BRPNG
1620276;Cabotagem;2;Carga Conteinerizada;Conteinerizada;26,1;Embarcados;BRAM012;BRPNG
1620276;Cabotagem;2;Carga Conteinerizada;Conteinerizada;26,72;Embarcados;BRAM012;BRPNG
1620276;Cabotagem;2;Carga Conteinerizada;Conteinerizada;28,08;Embarcados;BRAM012;BRPNG
1620276;Cabotagem;2;Carga Conteinerizada;Conteinerizada;29,99;Embarcados;BRAM012;BRPNG
1620276;Cabotagem;2;Carga Conteinerizada;Conteinerizada;30,67;Embarcados;BRAM012;BRPNG
1620276;Cabotagem;2;Carga Conteinerizada;Conteinerizada;31,53;Embarcados;BRAM012;BRPNG
1620276;Cabotagem;2;Carga Conteinerizada;Conteinerizada;31,75;Embarcados;BRAM012;BRPNG
1620276;Cabotagem;2;Carga Conteinerizada;Conteinerizada;31,81;Embarcados;BRAM012;BRPNG
1620276;Cabotagem;2;Carga Conteinerizada;Conteinerizada;31,86;Embarcados;BRAM012;BRPNG
1620276;Cabotagem;2;Carga Conteinerizada;Conteinerizada;31,93;Embarcados;BRAM012;BRPNG
1620276;Cabotagem;2;Carga Conteinerizada;Conteinerizada;32;Embarcados;BRAM012;BRPNG
1620276;Cabotagem;2;Carga Conteinerizada;Conteinerizada;32,08;Embarcados;BRAM012;BRPNG
1620276;Cabotagem;2;Carga Conteinerizada;Conteinerizada;32,18;Embarcados;BRAM012;BRPNG
1620276;Cabotagem;2;Carga Conteinerizada;Conteinerizada;32,23;Embarcados;BRAM012;BRPNG
1620276;Cabotagem;2;Carga Conteinerizada;Conteinerizada;32,32;Embarcados;BRAM012;BRPNG
1620276;Cabotagem;2;Carga Conteinerizada;Conteinerizada;10,15;Embarcados;BRAM012;BRSSZ
1620276;Cabotagem;2;Carga Conteinerizada;Conteinerizada;10,2;Embarcados;BRAM012;BRSSZ
1620276;Cabotagem;2;Carga Conteinerizada;Conteinerizada;10,2;Embarcados;BRAM012;BRSSZ
1620276;Cabotagem;2;Carga Conteinerizada;Conteinerizada;10,28;Embarcados;BRAM012;BRSSZ
1620276;Cabotagem;2;Carga Conteinerizada;Conteinerizada;10,32;Embarcados;BRAM012;BRSSZ
1620276;Cabotagem;2;Carga Conteinerizada;Conteinerizada;10,32;Embarcados;BRAM012;BRSSZ
1620276;Cabotagem;2;Carga Conteinerizada;Conteinerizada;10,32;Embarcados;BRAM012;BRSSZ
1620276;Cabotagem;2;Carga Conteinerizada;Conteinerizada;10,33;Embarcados;BRAM012;BRSSZ
1620276;Cabotagem;2;Carga Conteinerizada;Conteinerizada;10,34;Embarcados;BRAM012;BRSSZ
1620276;Cabotagem;2;Carga Conteinerizada;Conteinerizada;10,34;Embarcados;BRAM012;BRSSZ
1620276;Cabotagem;2;Carga Conteinerizada;Conteinerizada;10,35;Embarcados;BRAM012;BRSSZ
1620276;Cabotagem;2;Carga Conteinerizada;Conteinerizada;10,48;Embarcados;BRAM012;BRSSZ
1620276;Cabotagem;2;Carga Conteinerizada;Conteinerizada;10,71;Embarcados;BRAM012;BRSSZ
1620276;Cabotagem;2;Carga Conteinerizada;Conteinerizada;11,22;Embarcados;BRAM012;BRSSZ
1620276;Cabotagem;2;Carga Conteinerizada;Conteinerizada;11,22;Embarcados;BRAM012;BRSSZ
1620276;Cabotagem;2;Carga Conteinerizada;Conteinerizada;11,3;Embarcados;BRAM012;BRSSZ
1620276;Cabotagem;2;Carga Conteinerizada;Conteinerizada;11,31;Embarcados;BRAM012;BRSSZ
1620276;Cabotagem;2;Carga Conteinerizada;Conteinerizada;11,33;Embarcados;BRAM012;BRSSZ
1620276;Cabotagem;2;Carga Conteinerizada;Conteinerizada;11,44;Embarcados;BRAM012;BRSSZ
1620276;Cabotagem;2;Carga Conteinerizada;Conteinerizada;11,88;Embarcados;BRAM012;BRSSZ
1620276;Cabotagem;2;Carga Conteinerizada;Conteinerizada;12,02;Embarcados;BRAM012;BRSSZ
1620276;Cabotagem;2;Carga Conteinerizada;Conteinerizada;12,31;Embarcados;BRAM012;BRSSZ
1620276;Cabotagem;2;Carga Conteinerizada;Conteinerizada;12,35;Embarcados;BRAM012;BRSSZ
1620276;Cabotagem;2;Carga Conteinerizada;Conteinerizada;12,49;Embarcados;BRAM012;BRSSZ
1620276;Cabotagem;2;Carga Conteinerizada;Conteinerizada;12,97;Embarcados;BRAM012;BRSSZ
1620276;Cabotagem;2;Carga Conteinerizada;Conteinerizada;12,99;Embarcados;BRAM012;BRSSZ
1620276;Cabotagem;2;Carga Conteinerizada;Conteinerizada;13,09;Embarcados;BRAM012;BRSSZ
1620276;Cabotagem;2;Carga Conteinerizada;Conteinerizada;13,17;Embarcados;BRAM012;BRSSZ
1620276;Cabotagem;2;Carga Conteinerizada;Conteinerizada;13,17;Embarcados;BRAM012;BRSSZ
1620276;Cabotagem;2;Carga Conteinerizada;Conteinerizada;13,19;Embarcados;BRAM012;BRSSZ
1620276;Cabotagem;2;Carga Conteinerizada;Conteinerizada;13,21;Embarcados;BRAM012;BRSSZ
1620276;Cabotagem;2;Carga Conteinerizada;Conteinerizada;13,23;Embarcados;BRAM012;BRSSZ
1620276;Cabotagem;2;Carga Conteinerizada;Conteinerizada;13,23;Embarcados;BRAM012;BRSSZ
1620276;Cabotagem;2;Carga Conteinerizada;Conteinerizada;13,23;Embarcados;BRAM012;BRSSZ
1620276;Cabotagem;2;Carga Conteinerizada;Conteinerizada;13,23;Embarcados;BRAM012;BRSSZ
1620276;Cabotagem;2;Carga Conteinerizada;Conteinerizada;13,24;Embarcados;BRAM012;BRSSZ
1620276;Cabotagem;2;Carga Conteinerizada;Conteinerizada;13,38;Embarcados;BRAM012;BRSSZ
1620276;Cabotagem;2;Carga Conteinerizada;Conteinerizada;13,67;Embarcados;BRAM012;BRSSZ
1620276;Cabotagem;2;Carga Conteinerizada;Conteinerizada;13,7;Embarcados;BRAM012;BRSSZ
1620276;Cabotagem;2;Carga Conteinerizada;Conteinerizada;13,8;Embarcados;BRAM012;BRSSZ
1620276;Cabotagem;2;Carga Conteinerizada;Conteinerizada;13,82;Embarcados;BRAM012;BRSSZ
1620276;Cabotagem;2;Carga Conteinerizada;Conteinerizada;13,86;Embarcados;BRAM012;BRSSZ
1620276;Cabotagem;2;Carga Conteinerizada;Conteinerizada;13,96;Embarcados;BRAM012;BRSSZ
1620276;Cabotagem;2;Carga Conteinerizada;Conteinerizada;13,96;Embarcados;BRAM012;BRSSZ
1620276;Cabotagem;2;Carga Conteinerizada;Conteinerizada;13,97;Embarcados;BRAM012;BRSSZ
1620276;Cabotagem;2;Carga Conteinerizada;Conteinerizada;13,99;Embarcados;BRAM012;BRSSZ
1620276;Cabotagem;2;Carga Conteinerizada;Conteinerizada;14,23;Embarcados;BRAM012;BRSSZ
1620276;Cabotagem;2;Carga Conteinerizada;Conteinerizada;14,43;Embarcados;BRAM012;BRSSZ
1620276;Cabotagem;2;Carga Conteinerizada;Conteinerizada;14,46;Embarcados;BRAM012;BRSSZ
1620276;Cabotagem;2;Carga Conteinerizada;Conteinerizada;14,49;Embarcados;BRAM012;BRSSZ
1620276;Cabotagem;2;Carga Conteinerizada;Conteinerizada;14,49;Embarcados;BRAM012;BRSSZ
1620276;Cabotagem;2;Carga Conteinerizada;Conteinerizada;14,51;Embarcados;BRAM012;BRSSZ
1620276;Cabotagem;2;Carga Conteinerizada;Conteinerizada;15,53;Embarcados;BRAM012;BRSSZ
1620276;Cabotagem;2;Carga Conteinerizada;Conteinerizada;15,91;Embarcados;BRAM012;BRSSZ
1620276;Cabotagem;2;Carga Conteinerizada;Conteinerizada;16,01;Embarcados;BRAM012;BRSSZ
1620276;Cabotagem;2;Carga Conteinerizada;Conteinerizada;17,91;Embarcados;BRAM012;BRSSZ
1620276;Cabotagem;2;Carga Conteinerizada;Conteinerizada;18,86;Embarcados;BRAM012;BRSSZ
1620276;Cabotagem;2;Carga Conteinerizada;Conteinerizada;18,88;Embarcados;BRAM012;BRSSZ
1620276;Cabotagem;2;Carga Conteinerizada;Conteinerizada;19,54;Embarcados;BRAM012;BRSSZ
1620276;Cabotagem;2;Carga Conteinerizada;Conteinerizada;19,56;Embarcados;BRAM012;BRSSZ
1620276;Cabotagem;2;Carga Conteinerizada;Conteinerizada;19,56;Embarcados;BRAM012;BRSSZ
1620276;Cabotagem;2;Carga Conteinerizada;Conteinerizada;19,56;Embarcados;BRAM012;BRSSZ
1620276;Cabotagem;2;Carga Conteinerizada;Conteinerizada;19,56;Embarcados;BRAM012;BRSSZ
1620276;Cabotagem;2;Carga Conteinerizada;Conteinerizada;19,66;Embarcados;BRAM012;BRSSZ
1620276;Cabotagem;2;Carga Conteinerizada;Conteinerizada;19,7;Embarcados;BRAM012;BRSSZ
1620276;Cabotagem;2;Carga Conteinerizada;Conteinerizada;19,71;Embarcados;BRAM012;BRSSZ
1620276;Cabotagem;2;Carga Conteinerizada;Conteinerizada;19,72;Embarcados;BRAM012;BRSSZ
1620276;Cabotagem;2;Carga Conteinerizada;Conteinerizada;19,75;Embarcados;BRAM012;BRSSZ
1620276;Cabotagem;2;Carga Conteinerizada;Conteinerizada;19,76;Embarcados;BRAM012;BRSSZ
1620276;Cabotagem;2;Carga Conteinerizada;Conteinerizada;19,76;Embarcados;BRAM012;BRSSZ
1620276;Cabotagem;2;Carga Conteinerizada;Conteinerizada;19,77;Embarcados;BRAM012;BRSSZ
1620276;Cabotagem;2;Carga Conteinerizada;Conteinerizada;19,77;Embarcados;BRAM012;BRSSZ
1620276;Cabotagem;2;Carga Conteinerizada;Conteinerizada;19,84;Embarcados;BRAM012;BRSSZ
1620276;Cabotagem;2;Carga Conteinerizada;Conteinerizada;19,98;Embarcados;BRAM012;BRSSZ
1620276;Cabotagem;2;Carga Conteinerizada;Conteinerizada;20,19;Embarcados;BRAM012;BRSSZ
1620276;Cabotagem;2;Carga Conteinerizada;Conteinerizada;21,05;Embarcados;BRAM012;BRSSZ
1620276;Cabotagem;2;Carga Conteinerizada;Conteinerizada;22,12;Embarcados;BRAM012;BRSSZ
1620276;Cabotagem;2;Carga Conteinerizada;Conteinerizada;22,41;Embarcados;BRAM012;BRSSZ
1620276;Cabotagem;2;Carga Conteinerizada;Conteinerizada;22,7;Embarcados;BRAM012;BRSSZ
1620276;Cabotagem;2;Carga Conteinerizada;Conteinerizada;23,65;Embarcados;BRAM012;BRSSZ
1620276;Cabotagem;2;Carga Conteinerizada;Conteinerizada;23,69;Embarcados;BRAM012;BRSSZ
1620276;Cabotagem;2;Carga Conteinerizada;Conteinerizada;23,8;Embarcados;BRAM012;BRSSZ
1620276;Cabotagem;2;Carga Conteinerizada;Conteinerizada;23,8;Embarcados;BRAM012;BRSSZ
1620276;Cabotagem;2;Carga Conteinerizada;Conteinerizada;23,9;Embarcados;BRAM012;BRSSZ
1620276;Cabotagem;2;Carga Conteinerizada;Conteinerizada;23,94;Embarcados;BRAM012;BRSSZ
1620276;Cabotagem;2;Carga Conteinerizada;Conteinerizada;23,94;Embarcados;BRAM012;BRSSZ
1620276;Cabotagem;2;Carga Conteinerizada;Conteinerizada;23,94;Embarcados;BRAM012;BRSSZ
1620276;Cabotagem;2;Carga Conteinerizada;Conteinerizada;23,97;Embarcados;BRAM012;BRSSZ
1620276;Cabotagem;2;Carga Conteinerizada;Conteinerizada;24,09;Embarcados;BRAM012;BRSSZ
1620276;Cabotagem;2;Carga Conteinerizada;Conteinerizada;24,12;Embarcados;BRAM012;BRSSZ
1620276;Cabotagem;2;Carga Conteinerizada;Conteinerizada;24,16;Embarcados;BRAM012;BRSSZ
1620276;Cabotagem;2;Carga Conteinerizada;Conteinerizada;24,16;Embarcados;BRAM012;BRSSZ
1620276;Cabotagem;2;Carga Conteinerizada;Conteinerizada;24,33;Embarcados;BRAM012;BRSSZ
1620276;Cabotagem;2;Carga Conteinerizada;Conteinerizada;24,44;Embarcados;BRAM012;BRSSZ
1620276;Cabotagem;2;Carga Conteinerizada;Conteinerizada;24,62;Embarcados;BRAM012;BRSSZ
1620276;Cabotagem;2;Carga Conteinerizada;Conteinerizada;25,58;Embarcados;BRAM012;BRSSZ
1620276;Cabotagem;2;Carga Conteinerizada;Conteinerizada;25,58;Embarcados;BRAM012;BRSSZ
1620276;Cabotagem;2;Carga Conteinerizada;Conteinerizada;25,66;Embarcados;BRAM012;BRSSZ
1620276;Cabotagem;2;Carga Conteinerizada;Conteinerizada;26,44;Embarcados;BRAM012;BRSSZ
1620276;Cabotagem;2;Carga Conteinerizada;Conteinerizada;27,12;Embarcados;BRAM012;BRSSZ
1620276;Cabotagem;2;Carga Conteinerizada;Conteinerizada;27,16;Embarcados;BRAM012;BRSSZ
1620276;Cabotagem;2;Carga Conteinerizada;Conteinerizada;27,26;Embarcados;BRAM012;BRSSZ
1620276;Cabotagem;2;Carga Conteinerizada;Conteinerizada;27,35;Embarcados;BRAM012;BRSSZ
1620276;Cabotagem;2;Carga Conteinerizada;Conteinerizada;27,46;Embarcados;BRAM012;BRSSZ
1620276;Cabotagem;2;Carga Conteinerizada;Conteinerizada;28,12;Embarcados;BRAM012;BRSSZ
1620276;Cabotagem;2;Carga Conteinerizada;Conteinerizada;28,21;Embarcados;BRAM012;BRSSZ
1620276;Cabotagem;2;Carga Conteinerizada;Conteinerizada;28,21;Embarcados;BRAM012;BRSSZ
1620276;Cabotagem;2;Carga Conteinerizada;Conteinerizada;28,29;Embarcados;BRAM012;BRSSZ
1620276;Cabotagem;2;Carga Conteinerizada;Conteinerizada;28,65;Embarcados;BRAM012;BRSSZ
1620276;Cabotagem;2;Carga Conteinerizada;Conteinerizada;28,81;Embarcados;BRAM012;BRSSZ
1620276;Cabotagem;2;Carga Conteinerizada;Conteinerizada;28,85;Embarcados;BRAM012;BRSSZ
1620276;Cabotagem;2;Carga Conteinerizada;Conteinerizada;28,9;Embarcados;BRAM012;BRSSZ
1620276;Cabotagem;2;Carga Conteinerizada;Conteinerizada;28,93;Embarcados;BRAM012;BRSSZ
1620276;Cabotagem;2;Carga Conteinerizada;Conteinerizada;28,95;Embarcados;BRAM012;BRSSZ
1620276;Cabotagem;2;Carga Conteinerizada;Conteinerizada;29,03;Embarcados;BRAM012;BRSSZ
1620276;Cabotagem;2;Carga Conteinerizada;Conteinerizada;29,15;Embarcados;BRAM012;BRSSZ
1620276;Cabotagem;2;Carga Conteinerizada;Conteinerizada;29,2;Embarcados;BRAM012;BRSSZ
1620276;Cabotagem;2;Carga Conteinerizada;Conteinerizada;29,2;Embarcados;BRAM012;BRSSZ
1620276;Cabotagem;2;Carga Conteinerizada;Conteinerizada;29,2;Embarcados;BRAM012;BRSSZ
1620276;Cabotagem;2;Carga Conteinerizada;Conteinerizada;29,2;Embarcados;BRAM012;BRSSZ
1620276;Cabotagem;2;Carga Conteinerizada;Conteinerizada;29,2;Embarcados;BRAM012;BRSSZ
1620276;Cabotagem;2;Carga Conteinerizada;Conteinerizada;29,27;Embarcados;BRAM012;BRSSZ
1620276;Cabotagem;2;Carga Conteinerizada;Conteinerizada;29,32;Embarcados;BRAM012;BRSSZ
1620276;Cabotagem;2;Carga Conteinerizada;Conteinerizada;29,32;Embarcados;BRAM012;BRSSZ
1620276;Cabotagem;2;Carga Conteinerizada;Conteinerizada;29,34;Embarcados;BRAM012;BRSSZ
1620276;Cabotagem;2;Carga Conteinerizada;Conteinerizada;29,34;Embarcados;BRAM012;BRSSZ
1620276;Cabotagem;2;Carga Conteinerizada;Conteinerizada;29,47;Embarcados;BRAM012;BRSSZ
1620276;Cabotagem;2;Carga Conteinerizada;Conteinerizada;29,93;Embarcados;BRAM012;BRSSZ
1620276;Cabotagem;2;Carga Conteinerizada;Conteinerizada;30,16;Embarcados;BRAM012;BRSSZ
1620276;Cabotagem;2;Carga Conteinerizada;Conteinerizada;30,19;Embarcados;BRAM012;BRSSZ
1620276;Cabotagem;2;Carga Conteinerizada;Conteinerizada;30,2;Embarcados;BRAM012;BRSSZ
1620276;Cabotagem;2;Carga Conteinerizada;Conteinerizada;30,21;Embarcados;BRAM012;BRSSZ
1620276;Cabotagem;2;Carga Conteinerizada;Conteinerizada;30,21;Embarcados;BRAM012;BRSSZ
1620276;Cabotagem;2;Carga Conteinerizada;Conteinerizada;30,21;Embarcados;BRAM012;BRSSZ
1620276;Cabotagem;2;Carga Conteinerizada;Conteinerizada;30,21;Embarcados;BRAM012;BRSSZ
1620276;Cabotagem;2;Carga Conteinerizada;Conteinerizada;30,22;Embarcados;BRAM012;BRSSZ
1620276;Cabotagem;2;Carga Conteinerizada;Conteinerizada;30,34;Embarcados;BRAM012;BRSSZ
1620276;Cabotagem;2;Carga Conteinerizada;Conteinerizada;30,35;Embarcados;BRAM012;BRSSZ
1620276;Cabotagem;2;Carga Conteinerizada;Conteinerizada;30,4;Embarcados;BRAM012;BRSSZ
1620276;Cabotagem;2;Carga Conteinerizada;Conteinerizada;30,41;Embarcados;BRAM012;BRSSZ
1620276;Cabotagem;2;Carga Conteinerizada;Conteinerizada;30,41;Embarcados;BRAM012;BRSSZ
1620276;Cabotagem;2;Carga Conteinerizada;Conteinerizada;30,41;Embarcados;BRAM012;BRSSZ
1620276;Cabotagem;2;Carga Conteinerizada;Conteinerizada;30,46;Embarcados;BRAM012;BRSSZ
1620276;Cabotagem;2;Carga Conteinerizada;Conteinerizada;30,46;Embarcados;BRAM012;BRSSZ
1620276;Cabotagem;2;Carga Conteinerizada;Conteinerizada;30,5;Embarcados;BRAM012;BRSSZ
1620276;Cabotagem;2;Carga Conteinerizada;Conteinerizada;30,55;Embarcados;BRAM012;BRSSZ
1620276;Cabotagem;2;Carga Conteinerizada;Conteinerizada;30,68;Embarcados;BRAM012;BRSSZ
1620276;Cabotagem;2;Carga Conteinerizada;Conteinerizada;30,71;Embarcados;BRAM012;BRSSZ
1620276;Cabotagem;2;Carga Conteinerizada;Conteinerizada;30,78;Embarcados;BRAM012;BRSSZ
1620276;Cabotagem;2;Carga Conteinerizada;Conteinerizada;30,78;Embarcados;BRAM012;BRSSZ
1620276;Cabotagem;2;Carga Conteinerizada;Conteinerizada;30,82;Embarcados;BRAM012;BRSSZ
1620276;Cabotagem;2;Carga Conteinerizada;Conteinerizada;30,85;Embarcados;BRAM012;BRSSZ
1620276;Cabotagem;2;Carga Conteinerizada;Conteinerizada;30,86;Embarcados;BRAM012;BRSSZ
1620276;Cabotagem;2;Carga Conteinerizada;Conteinerizada;30,86;Embarcados;BRAM012;BRSSZ
1620276;Cabotagem;2;Carga Conteinerizada;Conteinerizada;30,89;Embarcados;BRAM012;BRSSZ
1620276;Cabotagem;2;Carga Conteinerizada;Conteinerizada;30,9;Embarcados;BRAM012;BRSSZ
1620276;Cabotagem;2;Carga Conteinerizada;Conteinerizada;30,93;Embarcados;BRAM012;BRSSZ
1620276;Cabotagem;2;Carga Conteinerizada;Conteinerizada;31,05;Embarcados;BRAM012;BRSSZ
1620276;Cabotagem;2;Carga Conteinerizada;Conteinerizada;31,1;Embarcados;BRAM012;BRSSZ
1620276;Cabotagem;2;Carga Conteinerizada;Conteinerizada;31,13;Embarcados;BRAM012;BRSSZ
1620276;Cabotagem;2;Carga Conteinerizada;Conteinerizada;31,14;Embarcados;BRAM012;BRSSZ
1620276;Cabotagem;2;Carga Conteinerizada;Conteinerizada;31,16;Embarcados;BRAM012;BRSSZ
1620276;Cabotagem;2;Carga Conteinerizada;Conteinerizada;31,16;Embarcados;BRAM012;BRSSZ
1620276;Cabotagem;2;Carga Conteinerizada;Conteinerizada;31,18;Embarcados;BRAM012;BRSSZ
1620276;Cabotagem;2;Carga Conteinerizada;Conteinerizada;31,23;Embarcados;BRAM012;BRSSZ
1620276;Cabotagem;2;Carga Conteinerizada;Conteinerizada;31,26;Embarcados;BRAM012;BRSSZ
1620276;Cabotagem;2;Carga Conteinerizada;Conteinerizada;31,28;Embarcados;BRAM012;BRSSZ
1620276;Cabotagem;2;Carga Conteinerizada;Conteinerizada;31,29;Embarcados;BRAM012;BRSSZ
1620276;Cabotagem;2;Carga Conteinerizada;Conteinerizada;31,29;Embarcados;BRAM012;BRSSZ
1620276;Cabotagem;2;Carga Conteinerizada;Conteinerizada;31,3;Embarcados;BRAM012;BRSSZ
1620276;Cabotagem;2;Carga Conteinerizada;Conteinerizada;31,3;Embarcados;BRAM012;BRSSZ
1620276;Cabotagem;2;Carga Conteinerizada;Conteinerizada;31,31;Embarcados;BRAM012;BRSSZ
1620276;Cabotagem;2;Carga Conteinerizada;Conteinerizada;31,31;Embarcados;BRAM012;BRSSZ
1620276;Cabotagem;2;Carga Conteinerizada;Conteinerizada;31,32;Embarcados;BRAM012;BRSSZ
1620276;Cabotagem;2;Carga Conteinerizada;Conteinerizada;31,32;Embarcados;BRAM012;BRSSZ
1620276;Cabotagem;2;Carga Conteinerizada;Conteinerizada;31,35;Embarcados;BRAM012;BRSSZ
1620276;Cabotagem;2;Carga Conteinerizada;Conteinerizada;31,35;Embarcados;BRAM012;BRSSZ
1620276;Cabotagem;2;Carga Conteinerizada;Conteinerizada;31,37;Embarcados;BRAM012;BRSSZ
1620276;Cabotagem;2;Carga Conteinerizada;Conteinerizada;31,4;Embarcados;BRAM012;BRSSZ
1620276;Cabotagem;2;Carga Conteinerizada;Conteinerizada;31,45;Embarcados;BRAM012;BRSSZ
1620276;Cabotagem;2;Carga Conteinerizada;Conteinerizada;31,45;Embarcados;BRAM012;BRSSZ
1620276;Cabotagem;2;Carga Conteinerizada;Conteinerizada;31,45;Embarcados;BRAM012;BRSSZ
1620276;Cabotagem;2;Carga Conteinerizada;Conteinerizada;31,45;Embarcados;BRAM012;BRSSZ
1620276;Cabotagem;2;Carga Conteinerizada;Conteinerizada;31,47;Embarcados;BRAM012;BRSSZ
1620276;Cabotagem;2;Carga Conteinerizada;Conteinerizada;31,5;Embarcados;BRAM012;BRSSZ
1620276;Cabotagem;2;Carga Conteinerizada;Conteinerizada;31,55;Embarcados;BRAM012;BRSSZ
1620276;Cabotagem;2;Carga Conteinerizada;Conteinerizada;31,57;Embarcados;BRAM012;BRSSZ
1620276;Cabotagem;2;Carga Conteinerizada;Conteinerizada;31,6;Embarcados;BRAM012;BRSSZ
1620276;Cabotagem;2;Carga Conteinerizada;Conteinerizada;31,65;Embarcados;BRAM012;BRSSZ
1620276;Cabotagem;2;Carga Conteinerizada;Conteinerizada;31,65;Embarcados;BRAM012;BRSSZ
1620276;Cabotagem;2;Carga Conteinerizada;Conteinerizada;31,68;Embarcados;BRAM012;BRSSZ
1620276;Cabotagem;2;Carga Conteinerizada;Conteinerizada;31,72;Embarcados;BRAM012;BRSSZ
1620276;Cabotagem;2;Carga Conteinerizada;Conteinerizada;31,77;Embarcados;BRAM012;BRSSZ
1620276;Cabotagem;2;Carga Conteinerizada;Conteinerizada;31,78;Embarcados;BRAM012;BRSSZ
1620276;Cabotagem;2;Carga Conteinerizada;Conteinerizada;31,78;Embarcados;BRAM012;BRSSZ
1620276;Cabotagem;2;Carga Conteinerizada;Conteinerizada;31,8;Embarcados;BRAM012;BRSSZ
1620276;Cabotagem;2;Carga Conteinerizada;Conteinerizada;31,85;Embarcados;BRAM012;BRSSZ
1620276;Cabotagem;2;Carga Conteinerizada;Conteinerizada;31,86;Embarcados;BRAM012;BRSSZ
1620276;Cabotagem;2;Carga Conteinerizada;Conteinerizada;31,86;Embarcados;BRAM012;BRSSZ
1620276;Cabotagem;2;Carga Conteinerizada;Conteinerizada;31,88;Embarcados;BRAM012;BRSSZ
1620276;Cabotagem;2;Carga Conteinerizada;Conteinerizada;31,91;Embarcados;BRAM012;BRSSZ
1620276;Cabotagem;2;Carga Conteinerizada;Conteinerizada;31,94;Embarcados;BRAM012;BRSSZ
1620276;Cabotagem;2;Carga Conteinerizada;Conteinerizada;31,96;Embarcados;BRAM012;BRSSZ
1620276;Cabotagem;2;Carga Conteinerizada;Conteinerizada;31,97;Embarcados;BRAM012;BRSSZ
1620276;Cabotagem;2;Carga Conteinerizada;Conteinerizada;31,97;Embarcados;BRAM012;BRSSZ
1620276;Cabotagem;2;Carga Conteinerizada;Conteinerizada;31,98;Embarcados;BRAM012;BRSSZ
1620276;Cabotagem;2;Carga Conteinerizada;Conteinerizada;32,03;Embarcados;BRAM012;BRSSZ
1620276;Cabotagem;2;Carga Conteinerizada;Conteinerizada;32,04;Embarcados;BRAM012;BRSSZ
1620276;Cabotagem;2;Carga Conteinerizada;Conteinerizada;32,07;Embarcados;BRAM012;BRSSZ
1620276;Cabotagem;2;Carga Conteinerizada;Conteinerizada;32,07;Embarcados;BRAM012;BRSSZ
1620276;Cabotagem;2;Carga Conteinerizada;Conteinerizada;32,07;Embarcados;BRAM012;BRSSZ
1620276;Cabotagem;2;Carga Conteinerizada;Conteinerizada;32,1;Embarcados;BRAM012;BRSSZ
1620276;Cabotagem;2;Carga Conteinerizada;Conteinerizada;32,1;Embarcados;BRAM012;BRSSZ
1620276;Cabotagem;2;Carga Conteinerizada;Conteinerizada;32,1;Embarcados;BRAM012;BRSSZ
1620276;Cabotagem;2;Carga Conteinerizada;Conteinerizada;32,1;Embarcados;BRAM012;BRSSZ
1620276;Cabotagem;2;Carga Conteinerizada;Conteinerizada;32,11;Embarcados;BRAM012;BRSSZ
1620276;Cabotagem;2;Carga Conteinerizada;Conteinerizada;32,12;Embarcados;BRAM012;BRSSZ
1620276;Cabotagem;2;Carga Conteinerizada;Conteinerizada;32,13;Embarcados;BRAM012;BRSSZ
1620276;Cabotagem;2;Carga Conteinerizada;Conteinerizada;32,14;Embarcados;BRAM012;BRSSZ
1620276;Cabotagem;2;Carga Conteinerizada;Conteinerizada;32,21;Embarcados;BRAM012;BRSSZ
1620276;Cabotagem;2;Carga Conteinerizada;Conteinerizada;32,22;Embarcados;BRAM012;BRSSZ
1620276;Cabotagem;2;Carga Conteinerizada;Conteinerizada;32,23;Embarcados;BRAM012;BRSSZ
1620276;Cabotagem;2;Carga Conteinerizada;Conteinerizada;32,27;Embarcados;BRAM012;BRSSZ
1620276;Cabotagem;2;Carga Conteinerizada;Conteinerizada;32,37;Embarcados;BRAM012;BRSSZ
1620276;Cabotagem;2;Carga Conteinerizada;Conteinerizada;7,73;Embarcados;BRAM012;BRSSZ
1620276;Cabotagem;2;Carga Conteinerizada;Conteinerizada;7,73;Embarcados;BRAM012;BRSSZ
1620276;Cabotagem;2;Carga Conteinerizada;Conteinerizada;7,95;Embarcados;BRAM012;BRSSZ
1620276;Cabotagem;2;Carga Conteinerizada;Conteinerizada;8,05;Embarcados;BRAM012;BRSSZ
1620276;Cabotagem;2;Carga Conteinerizada;Conteinerizada;8,13;Embarcados;BRAM012;BRSSZ
1620276;Cabotagem;2;Carga Conteinerizada;Conteinerizada;8,28;Embarcados;BRAM012;BRSSZ
1620276;Cabotagem;2;Carga Conteinerizada;Conteinerizada;8,46;Embarcados;BRAM012;BRSSZ
1620276;Cabotagem;2;Carga Conteinerizada;Conteinerizada;8,99;Embarcados;BRAM012;BRSSZ
1620276;Cabotagem;2;Carga Conteinerizada;Conteinerizada;9,01;Embarcados;BRAM012;BRSSZ
1620276;Cabotagem;2;Carga Conteinerizada;Conteinerizada;9,07;Embarcados;BRAM012;BRSSZ
1620276;Cabotagem;2;Carga Conteinerizada;Conteinerizada;9,25;Embarcados;BRAM012;BRSSZ
1620276;Cabotagem;2;Carga Conteinerizada;Conteinerizada;9,25;Embarcados;BRAM012;BRSSZ
1620276;Cabotagem;2;Carga Conteinerizada;Conteinerizada;9,27;Embarcados;BRAM012;BRSSZ
1620276;Cabotagem;2;Carga Conteinerizada;Conteinerizada;9,27;Embarcados;BRAM012;BRSSZ
1620276;Cabotagem;2;Carga Conteinerizada;Conteinerizada;9,34;Embarcados;BRAM012;BRSSZ
1620276;Cabotagem;2;Carga Conteinerizada;Conteinerizada;9,64;Embarcados;BRAM012;BRSSZ
1620276;Cabotagem;2;Carga Conteinerizada;Conteinerizada;9,93;Embarcados;BRAM012;BRSSZ
1620276;Cabotagem;2;Carga Conteinerizada;Conteinerizada;9,98;Embarcados;BRAM012;BRSSZ
1620276;Cabotagem;2;Carga Conteinerizada;Conteinerizada;28,31;Embarcados;BRAM012;BRSUA
1620276;Cabotagem;2;Carga Conteinerizada;Conteinerizada;30,98;Embarcados;BRAM012;BRSUA
1554363;Cabotagem;1;Carga Conteinerizada;Conteinerizada;4,24;Desembarcados;BRMAO;BRSSZ
1554363;Cabotagem;364;Carga Conteinerizada;Conteinerizada;4673,61;Desembarcados;BRMAO;BRSSZ
1554363;Cabotagem;66;Carga Conteinerizada;Conteinerizada;1553,41;Embarcados;BRSSZ;BRMAO
1554363;Cabotagem;290;Carga Conteinerizada;Conteinerizada;3003,13;Embarcados;BRSSZ;BRMAO
1554363;Cabotagem;28;Carga Conteinerizada;Conteinerizada;405,32;Embarcados;BRSSZ;BRMAO
1554363;Cabotagem;46;Carga Conteinerizada;Conteinerizada;658,2;Embarcados;BRSSZ;BRCE001
1554363;Cabotagem;1;Carga Conteinerizada;Conteinerizada;25;Embarcados;BRSSZ;BRSUA
1554363;Cabotagem;22;Carga Conteinerizada;Conteinerizada;344,49;Embarcados;BRSSZ;BRSUA
1554363;Cabotagem;4;Carga Conteinerizada;Conteinerizada;37,82;Embarcados;BRSSZ;BRITJ
1554363;Cabotagem;10;Carga Conteinerizada;Conteinerizada;123,24;Embarcados;BRSSZ;BRITJ
1554363;Cabotagem;4;Carga Conteinerizada;Conteinerizada;46,76;Embarcados;BRSSZ;BRITJ
1554363;Cabotagem;2;Carga Conteinerizada;Conteinerizada;9,27;Embarcados;BRSSZ;BRMAO
1554363;Cabotagem;56;Carga Conteinerizada;Conteinerizada;833,81;Embarcados;BRSSZ;BRMAO
1554363;Cabotagem;30;Carga Conteinerizada;Conteinerizada;600,08;Embarcados;BRSSZ;BRPNG
1554363;Cabotagem;2;Carga Conteinerizada;Conteinerizada;24,66;Embarcados;BRSSZ;BRPNG
1554363;Cabotagem;136;Carga Conteinerizada;Conteinerizada;1774,7;Embarcados;BRSSZ;BRPNG
1554363;Cabotagem;22;Carga Conteinerizada;Conteinerizada;145,69;Embarcados;BRSSZ;BRPNG
1554363;Cabotagem;1;Carga Conteinerizada;Conteinerizada;4,48;Embarcados;BRSSZ;BRSUA
1554363;Cabotagem;68;Carga Conteinerizada;Conteinerizada;1049,45;Embarcados;BRSSZ;BRITJ
1554363;Cabotagem;1;Carga Conteinerizada;Conteinerizada;2,13;Desembarcados;BRMAO;BRSSZ
1554363;Cabotagem;1;Carga Conteinerizada;Conteinerizada;2,13;Desembarcados;BRMAO;BRSSZ
1554363;Cabotagem;1;Carga Conteinerizada;Conteinerizada;2,25;Desembarcados;BRMAO;BRSSZ
1554363;Cabotagem;1;Carga Conteinerizada;Conteinerizada;2,2;Desembarcados;BRMAO;BRSSZ
1554363;Cabotagem;1;Carga Conteinerizada;Conteinerizada;2,23;Desembarcados;BRMAO;BRSSZ
1554363;Cabotagem;1;Carga Conteinerizada;Conteinerizada;2,12;Desembarcados;BRMAO;BRSSZ
1554363;Cabotagem;1;Carga Conteinerizada;Conteinerizada;2,12;Desembarcados;BRMAO;BRSSZ
1554363;Cabotagem;1;Carga Conteinerizada;Conteinerizada;2,12;Desembarcados;BRMAO;BRSSZ
1554363;Cabotagem;1;Carga Conteinerizada;Conteinerizada;2,1;Desembarcados;BRMAO;BRSSZ
1554363;Cabotagem;1;Carga Conteinerizada;Conteinerizada;2,12;Desembarcados;BRMAO;BRSSZ
1554363;Cabotagem;1;Carga Conteinerizada;Conteinerizada;2,1;Desembarcados;BRMAO;BRSSZ
1554363;Cabotagem;1;Carga Conteinerizada;Conteinerizada;2,12;Desembarcados;BRMAO;BRSSZ
1554363;Cabotagem;1;Carga Conteinerizada;Conteinerizada;2,2;Desembarcados;BRMAO;BRSSZ
1554363;Cabotagem;1;Carga Conteinerizada;Conteinerizada;2,18;Desembarcados;BRMAO;BRSSZ
1554363;Cabotagem;1;Carga Conteinerizada;Conteinerizada;2,2;Desembarcados;BRMAO;BRSSZ
1554363;Cabotagem;1;Carga Conteinerizada;Conteinerizada;2,23;Desembarcados;BRMAO;BRSSZ
1554363;Cabotagem;1;Carga Conteinerizada;Conteinerizada;2,23;Desembarcados;BRMAO;BRSSZ
1554363;Cabotagem;1;Carga Conteinerizada;Conteinerizada;2,4;Desembarcados;BRMAO;BRSSZ
1554363;Cabotagem;1;Carga Conteinerizada;Conteinerizada;2,12;Desembarcados;BRMAO;BRSSZ
1554363;Cabotagem;1;Carga Conteinerizada;Conteinerizada;2,12;Desembarcados;BRMAO;BRSSZ
1554363;Cabotagem;1;Carga Conteinerizada;Conteinerizada;2,12;Desembarcados;BRMAO;BRSSZ
1554363;Cabotagem;1;Carga Conteinerizada;Conteinerizada;2,35;Desembarcados;BRMAO;BRSSZ
1554363;Cabotagem;1;Carga Conteinerizada;Conteinerizada;2,35;Desembarcados;BRMAO;BRSSZ
1554363;Cabotagem;1;Carga Conteinerizada;Conteinerizada;2,12;Desembarcados;BRMAO;BRSSZ
1554363;Cabotagem;1;Carga Conteinerizada;Conteinerizada;2,12;Desembarcados;BRMAO;BRSSZ
1554363;Cabotagem;1;Carga Conteinerizada;Conteinerizada;2,12;Desembarcados;BRMAO;BRSSZ
1554363;Cabotagem;1;Carga Conteinerizada;Conteinerizada;2,12;Desembarcados;BRMAO;BRSSZ
1554363;Cabotagem;1;Carga Conteinerizada;Conteinerizada;2,12;Desembarcados;BRMAO;BRSSZ
1554363;Cabotagem;1;Carga Conteinerizada;Conteinerizada;2,12;Desembarcados;BRMAO;BRSSZ
1554363;Cabotagem;1;Carga Conteinerizada;Conteinerizada;2,12;Desembarcados;BRMAO;BRSSZ
1554363;Cabotagem;1;Carga Conteinerizada;Conteinerizada;2,12;Desembarcados;BRMAO;BRSSZ
1554363;Cabotagem;1;Carga Conteinerizada;Conteinerizada;2,12;Desembarcados;BRMAO;BRSSZ
1554363;Cabotagem;1;Carga Conteinerizada;Conteinerizada;2,12;Desembarcados;BRMAO;BRSSZ
1554363;Cabotagem;1;Carga Conteinerizada;Conteinerizada;2,35;Desembarcados;BRMAO;BRSSZ
1554363;Cabotagem;1;Carga Conteinerizada;Conteinerizada;2,2;Desembarcados;BRMAO;BRSSZ
1554363;Cabotagem;1;Carga Conteinerizada;Conteinerizada;2,12;Desembarcados;BRMAO;BRSSZ
1554363;Cabotagem;1;Carga Conteinerizada;Conteinerizada;2,35;Desembarcados;BRMAO;BRSSZ
1554363;Cabotagem;1;Carga Conteinerizada;Conteinerizada;2,35;Desembarcados;BRMAO;BRSSZ
1554363;Cabotagem;1;Carga Conteinerizada;Conteinerizada;2,35;Desembarcados;BRMAO;BRSSZ
1554363;Cabotagem;1;Carga Conteinerizada;Conteinerizada;2,35;Desembarcados;BRMAO;BRSSZ
1554363;Cabotagem;1;Carga Conteinerizada;Conteinerizada;2,35;Desembarcados;BRMAO;BRSSZ
1554363;Cabotagem;1;Carga Conteinerizada;Conteinerizada;2,35;Desembarcados;BRMAO;BRSSZ
1554363;Cabotagem;1;Carga Conteinerizada;Conteinerizada;2,12;Desembarcados;BRMAO;BRSSZ
1554363;Cabotagem;1;Carga Conteinerizada;Conteinerizada;2,35;Desembarcados;BRMAO;BRSSZ
1554363;Cabotagem;1;Carga Conteinerizada;Conteinerizada;2,35;Desembarcados;BRMAO;BRSSZ
1554363;Cabotagem;1;Carga Conteinerizada;Conteinerizada;2,35;Desembarcados;BRMAO;BRSSZ
1554363;Cabotagem;1;Carga Conteinerizada;Conteinerizada;2,12;Desembarcados;BRMAO;BRSSZ
1554363;Cabotagem;1;Carga Conteinerizada;Conteinerizada;2,35;Desembarcados;BRMAO;BRSSZ
1554363;Cabotagem;1;Carga Conteinerizada;Conteinerizada;2,29;Desembarcados;BRMAO;BRSSZ
1554363;Cabotagem;1;Carga Conteinerizada;Conteinerizada;2,29;Desembarcados;BRMAO;BRSSZ
1554363;Cabotagem;1;Carga Conteinerizada;Conteinerizada;2,12;Desembarcados;BRMAO;BRSSZ
1554363;Cabotagem;1;Carga Conteinerizada;Conteinerizada;2,25;Desembarcados;BRMAO;BRSSZ
1554363;Cabotagem;1;Carga Conteinerizada;Conteinerizada;2,25;Desembarcados;BRMAO;BRSSZ
1554363;Cabotagem;1;Carga Conteinerizada;Conteinerizada;2,12;Desembarcados;BRMAO;BRSSZ
1554363;Cabotagem;1;Carga Conteinerizada;Conteinerizada;2,12;Desembarcados;BRMAO;BRSSZ
1554363;Cabotagem;1;Carga Conteinerizada;Conteinerizada;2,25;Desembarcados;BRMAO;BRSSZ
1554363;Cabotagem;1;Carga Conteinerizada;Conteinerizada;2,12;Desembarcados;BRMAO;BRSSZ
1554363;Cabotagem;1;Carga Conteinerizada;Conteinerizada;2,12;Desembarcados;BRMAO;BRSSZ
1554363;Cabotagem;1;Carga Conteinerizada;Conteinerizada;2,12;Desembarcados;BRMAO;BRSSZ
1554363;Cabotagem;1;Carga Conteinerizada;Conteinerizada;2,12;Desembarcados;BRMAO;BRSSZ
1554363;Cabotagem;1;Carga Conteinerizada;Conteinerizada;2,12;Desembarcados;BRMAO;BRSSZ
1554363;Cabotagem;1;Carga Conteinerizada;Conteinerizada;2,18;Desembarcados;BRMAO;BRSSZ
1554363;Cabotagem;1;Carga Conteinerizada;Conteinerizada;2,23;Desembarcados;BRMAO;BRSSZ
1554363;Cabotagem;1;Carga Conteinerizada;Conteinerizada;2,18;Desembarcados;BRMAO;BRSSZ
1554363;Cabotagem;1;Carga Conteinerizada;Conteinerizada;2,18;Desembarcados;BRMAO;BRSSZ
1554363;Cabotagem;1;Carga Conteinerizada;Conteinerizada;2,2;Desembarcados;BRMAO;BRSSZ
1554363;Cabotagem;1;Carga Conteinerizada;Conteinerizada;2,12;Desembarcados;BRMAO;BRSSZ
1554363;Cabotagem;1;Carga Conteinerizada;Conteinerizada;2,12;Desembarcados;BRMAO;BRSSZ
1554363;Cabotagem;1;Carga Conteinerizada;Conteinerizada;2,12;Desembarcados;BRMAO;BRSSZ
1554363;Cabotagem;1;Carga Conteinerizada;Conteinerizada;2,1;Desembarcados;BRMAO;BRSSZ
1554363;Cabotagem;1;Carga Conteinerizada;Conteinerizada;2,2;Desembarcados;BRMAO;BRSSZ
1554363;Cabotagem;1;Carga Conteinerizada;Conteinerizada;2,12;Desembarcados;BRMAO;BRSSZ
1554363;Cabotagem;1;Carga Conteinerizada;Conteinerizada;2,13;Desembarcados;BRMAO;BRSSZ
1554363;Cabotagem;1;Carga Conteinerizada;Conteinerizada;2,12;Desembarcados;BRMAO;BRSSZ
1554363;Cabotagem;1;Carga Conteinerizada;Conteinerizada;2,2;Desembarcados;BRMAO;BRSSZ
1554363;Cabotagem;1;Carga Conteinerizada;Conteinerizada;2,23;Desembarcados;BRMAO;BRSSZ
1554363;Cabotagem;1;Carga Conteinerizada;Conteinerizada;2,23;Desembarcados;BRMAO;BRSSZ
1554363;Cabotagem;1;Carga Conteinerizada;Conteinerizada;2,23;Desembarcados;BRMAO;BRSSZ
1554363;Cabotagem;1;Carga Conteinerizada;Conteinerizada;2,33;Desembarcados;BRMAO;BRSSZ
1554363;Cabotagem;1;Carga Conteinerizada;Conteinerizada;2,3;Desembarcados;BRMAO;BRSSZ
1554363;Cabotagem;1;Carga Conteinerizada;Conteinerizada;2,12;Desembarcados;BRMAO;BRSSZ
1554363;Cabotagem;1;Carga Conteinerizada;Conteinerizada;2,3;Desembarcados;BRMAO;BRSSZ
1554363;Cabotagem;1;Carga Conteinerizada;Conteinerizada;2,29;Desembarcados;BRMAO;BRSSZ
1554363;Cabotagem;1;Carga Conteinerizada;Conteinerizada;2,12;Desembarcados;BRMAO;BRSSZ
1554363;Cabotagem;1;Carga Conteinerizada;Conteinerizada;2,3;Desembarcados;BRMAO;BRSSZ
1554363;Cabotagem;1;Carga Conteinerizada;Conteinerizada;2,3;Desembarcados;BRMAO;BRSSZ
1554363;Cabotagem;1;Carga Conteinerizada;Conteinerizada;2,3;Desembarcados;BRMAO;BRSSZ
1554363;Cabotagem;1;Carga Conteinerizada;Conteinerizada;2,3;Desembarcados;BRMAO;BRSSZ
1554363;Cabotagem;1;Carga Conteinerizada;Conteinerizada;2,3;Desembarcados;BRMAO;BRSSZ
1554363;Cabotagem;1;Carga Conteinerizada;Conteinerizada;2,12;Desembarcados;BRMAO;BRSSZ
1554363;Cabotagem;1;Carga Conteinerizada;Conteinerizada;2,3;Desembarcados;BRMAO;BRSSZ
1554363;Cabotagem;1;Carga Conteinerizada;Conteinerizada;2,2;Desembarcados;BRMAO;BRSSZ
1554363;Cabotagem;1;Carga Conteinerizada;Conteinerizada;2,12;Desembarcados;BRMAO;BRSSZ
1554363;Cabotagem;1;Carga Conteinerizada;Conteinerizada;2,18;Desembarcados;BRMAO;BRSSZ
1554363;Cabotagem;1;Carga Conteinerizada;Conteinerizada;2,1;Desembarcados;BRMAO;BRSSZ
1554363;Cabotagem;1;Carga Conteinerizada;Conteinerizada;2,1;Desembarcados;BRMAO;BRSSZ
1554363;Cabotagem;2;Carga Conteinerizada;Conteinerizada;3,85;Desembarcados;BRMAO;BRSSZ
1554363;Cabotagem;2;Carga Conteinerizada;Conteinerizada;3,86;Desembarcados;BRMAO;BRSSZ
1554363;Cabotagem;2;Carga Conteinerizada;Conteinerizada;3,85;Desembarcados;BRMAO;BRSSZ
1554363;Cabotagem;2;Carga Conteinerizada;Conteinerizada;3,95;Desembarcados;BRMAO;BRSSZ
1554363;Cabotagem;2;Carga Conteinerizada;Conteinerizada;3,85;Desembarcados;BRMAO;BRSSZ
1554363;Cabotagem;2;Carga Conteinerizada;Conteinerizada;3,95;Desembarcados;BRMAO;BRSSZ
1554363;Cabotagem;2;Carga Conteinerizada;Conteinerizada;3,95;Desembarcados;BRMAO;BRSSZ
1554363;Cabotagem;2;Carga Conteinerizada;Conteinerizada;3,95;Desembarcados;BRMAO;BRSSZ
1554363;Cabotagem;2;Carga Conteinerizada;Conteinerizada;3,95;Desembarcados;BRMAO;BRSSZ
1554363;Cabotagem;2;Carga Conteinerizada;Conteinerizada;3,95;Desembarcados;BRMAO;BRSSZ
1554363;Cabotagem;2;Carga Conteinerizada;Conteinerizada;3,86;Desembarcados;BRMAO;BRSSZ
1554363;Cabotagem;2;Carga Conteinerizada;Conteinerizada;3,95;Desembarcados;BRMAO;BRSSZ
1554363;Cabotagem;2;Carga Conteinerizada;Conteinerizada;3,83;Desembarcados;BRMAO;BRSSZ
1554363;Cabotagem;2;Carga Conteinerizada;Conteinerizada;3,83;Desembarcados;BRMAO;BRSSZ
1554363;Cabotagem;2;Carga Conteinerizada;Conteinerizada;3,95;Desembarcados;BRMAO;BRSSZ
1554363;Cabotagem;2;Carga Conteinerizada;Conteinerizada;3,95;Desembarcados;BRMAO;BRSSZ
1554363;Cabotagem;2;Carga Conteinerizada;Conteinerizada;3,95;Desembarcados;BRMAO;BRSSZ
1554363;Cabotagem;2;Carga Conteinerizada;Conteinerizada;3,95;Desembarcados;BRMAO;BRSSZ
1554363;Cabotagem;2;Carga Conteinerizada;Conteinerizada;3,95;Desembarcados;BRMAO;BRSSZ
1554363;Cabotagem;2;Carga Conteinerizada;Conteinerizada;3,7;Desembarcados;BRMAO;BRSSZ
1554363;Cabotagem;2;Carga Conteinerizada;Conteinerizada;3,95;Desembarcados;BRMAO;BRSSZ
1554363;Cabotagem;2;Carga Conteinerizada;Conteinerizada;3,7;Desembarcados;BRMAO;BRSSZ
1554363;Cabotagem;2;Carga Conteinerizada;Conteinerizada;3,68;Desembarcados;BRMAO;BRSSZ
1554363;Cabotagem;2;Carga Conteinerizada;Conteinerizada;3,68;Desembarcados;BRMAO;BRSSZ
1554363;Cabotagem;2;Carga Conteinerizada;Conteinerizada;3,95;Desembarcados;BRMAO;BRSSZ
1554363;Cabotagem;2;Carga Conteinerizada;Conteinerizada;3,68;Desembarcados;BRMAO;BRSSZ
1554363;Cabotagem;2;Carga Conteinerizada;Conteinerizada;3,68;Desembarcados;BRMAO;BRSSZ
1554363;Cabotagem;2;Carga Conteinerizada;Conteinerizada;3,95;Desembarcados;BRMAO;BRSSZ
1554363;Cabotagem;2;Carga Conteinerizada;Conteinerizada;3,68;Desembarcados;BRMAO;BRSSZ
1554363;Cabotagem;2;Carga Conteinerizada;Conteinerizada;3,95;Desembarcados;BRMAO;BRSSZ
1554363;Cabotagem;2;Carga Conteinerizada;Conteinerizada;3,68;Desembarcados;BRMAO;BRSSZ
1554363;Cabotagem;2;Carga Conteinerizada;Conteinerizada;3,95;Desembarcados;BRMAO;BRSSZ
1554363;Cabotagem;2;Carga Conteinerizada;Conteinerizada;3,68;Desembarcados;BRMAO;BRSSZ
1554363;Cabotagem;2;Carga Conteinerizada;Conteinerizada;3,95;Desembarcados;BRMAO;BRSSZ
1554363;Cabotagem;2;Carga Conteinerizada;Conteinerizada;3,95;Desembarcados;BRMAO;BRSSZ
1554363;Cabotagem;2;Carga Conteinerizada;Conteinerizada;3,95;Desembarcados;BRMAO;BRSSZ
1554363;Cabotagem;2;Carga Conteinerizada;Conteinerizada;3,95;Desembarcados;BRMAO;BRSSZ
1554363;Cabotagem;2;Carga Conteinerizada;Conteinerizada;3,95;Desembarcados;BRMAO;BRSSZ
1554363;Cabotagem;2;Carga Conteinerizada;Conteinerizada;3,95;Desembarcados;BRMAO;BRSSZ
1554363;Cabotagem;2;Carga Conteinerizada;Conteinerizada;3,7;Desembarcados;BRMAO;BRSSZ
1554363;Cabotagem;2;Carga Conteinerizada;Conteinerizada;3,95;Desembarcados;BRMAO;BRSSZ
1554363;Cabotagem;2;Carga Conteinerizada;Conteinerizada;3,95;Desembarcados;BRMAO;BRSSZ
1554363;Cabotagem;2;Carga Conteinerizada;Conteinerizada;3,95;Desembarcados;BRMAO;BRSSZ
1554363;Cabotagem;2;Carga Conteinerizada;Conteinerizada;3,95;Desembarcados;BRMAO;BRSSZ
1554363;Cabotagem;2;Carga Conteinerizada;Conteinerizada;3,7;Desembarcados;BRMAO;BRSSZ
1554363;Cabotagem;2;Carga Conteinerizada;Conteinerizada;3,95;Desembarcados;BRMAO;BRSSZ
1554363;Cabotagem;2;Carga Conteinerizada;Conteinerizada;3,95;Desembarcados;BRMAO;BRSSZ
1554363;Cabotagem;2;Carga Conteinerizada;Conteinerizada;3,7;Desembarcados;BRMAO;BRSSZ
1554363;Cabotagem;2;Carga Conteinerizada;Conteinerizada;3,95;Desembarcados;BRMAO;BRSSZ
1554363;Cabotagem;2;Carga Conteinerizada;Conteinerizada;3,68;Desembarcados;BRMAO;BRSSZ
1554363;Cabotagem;2;Carga Conteinerizada;Conteinerizada;3,68;Desembarcados;BRMAO;BRSSZ
1554363;Cabotagem;2;Carga Conteinerizada;Conteinerizada;3,95;Desembarcados;BRMAO;BRSSZ
1554363;Cabotagem;2;Carga Conteinerizada;Conteinerizada;3,95;Desembarcados;BRMAO;BRSSZ
1554363;Cabotagem;2;Carga Conteinerizada;Conteinerizada;3,95;Desembarcados;BRMAO;BRSSZ
1554363;Cabotagem;2;Carga Conteinerizada;Conteinerizada;3,95;Desembarcados;BRMAO;BRSSZ
1554363;Cabotagem;2;Carga Conteinerizada;Conteinerizada;3,95;Desembarcados;BRMAO;BRSSZ
1554363;Cabotagem;2;Carga Conteinerizada;Conteinerizada;3,95;Desembarcados;BRMAO;BRSSZ
1554363;Cabotagem;2;Carga Conteinerizada;Conteinerizada;3,95;Desembarcados;BRMAO;BRSSZ
1554363;Cabotagem;2;Carga Conteinerizada;Conteinerizada;3,95;Desembarcados;BRMAO;BRSSZ
1554363;Cabotagem;2;Carga Conteinerizada;Conteinerizada;3,95;Desembarcados;BRMAO;BRSSZ
1554363;Cabotagem;2;Carga Conteinerizada;Conteinerizada;3,8;Desembarcados;BRMAO;BRSSZ
1554363;Cabotagem;2;Carga Conteinerizada;Conteinerizada;3,95;Desembarcados;BRMAO;BRSSZ
1554363;Cabotagem;2;Carga Conteinerizada;Conteinerizada;3,95;Desembarcados;BRMAO;BRSSZ
1554363;Cabotagem;2;Carga Conteinerizada;Conteinerizada;3,95;Desembarcados;BRMAO;BRSSZ
1554363;Cabotagem;2;Carga Conteinerizada;Conteinerizada;3,95;Desembarcados;BRMAO;BRSSZ
1554363;Cabotagem;2;Carga Conteinerizada;Conteinerizada;3,95;Desembarcados;BRMAO;BRSSZ
1554363;Cabotagem;2;Carga Conteinerizada;Conteinerizada;3,95;Desembarcados;BRMAO;BRSSZ
1554363;Cabotagem;2;Carga Conteinerizada;Conteinerizada;3,95;Desembarcados;BRMAO;BRSSZ
1554363;Cabotagem;2;Carga Conteinerizada;Conteinerizada;3,9;Desembarcados;BRMAO;BRSSZ
1554363;Cabotagem;2;Carga Conteinerizada;Conteinerizada;3,95;Desembarcados;BRMAO;BRSSZ
1554363;Cabotagem;2;Carga Conteinerizada;Conteinerizada;3,95;Desembarcados;BRMAO;BRSSZ
1554363;Cabotagem;2;Carga Conteinerizada;Conteinerizada;3,95;Desembarcados;BRMAO;BRSSZ
1554363;Cabotagem;2;Carga Conteinerizada;Conteinerizada;3,95;Desembarcados;BRMAO;BRSSZ
1554363;Cabotagem;2;Carga Conteinerizada;Conteinerizada;3,95;Desembarcados;BRMAO;BRSSZ
1554363;Cabotagem;2;Carga Conteinerizada;Conteinerizada;3,95;Desembarcados;BRMAO;BRSSZ
1554363;Cabotagem;2;Carga Conteinerizada;Conteinerizada;3,95;Desembarcados;BRMAO;BRSSZ
1554363;Cabotagem;2;Carga Conteinerizada;Conteinerizada;3,95;Desembarcados;BRMAO;BRSSZ
1554363;Cabotagem;2;Carga Conteinerizada;Conteinerizada;3,95;Desembarcados;BRMAO;BRSSZ
1554363;Cabotagem;2;Carga Conteinerizada;Conteinerizada;3,95;Desembarcados;BRMAO;BRSSZ
1554363;Cabotagem;2;Carga Conteinerizada;Conteinerizada;3,95;Desembarcados;BRMAO;BRSSZ
1554363;Cabotagem;2;Carga Conteinerizada;Conteinerizada;3,95;Desembarcados;BRMAO;BRSSZ
1554363;Cabotagem;2;Carga Conteinerizada;Conteinerizada;3,95;Desembarcados;BRMAO;BRSSZ
1554363;Cabotagem;2;Carga Conteinerizada;Conteinerizada;3,95;Desembarcados;BRMAO;BRSSZ
1554363;Cabotagem;2;Carga Conteinerizada;Conteinerizada;3,7;Desembarcados;BRMAO;BRSSZ
1554363;Cabotagem;2;Carga Conteinerizada;Conteinerizada;3,95;Desembarcados;BRMAO;BRSSZ
1554363;Cabotagem;2;Carga Conteinerizada;Conteinerizada;3,95;Desembarcados;BRMAO;BRSSZ
1554363;Cabotagem;2;Carga Conteinerizada;Conteinerizada;3,95;Desembarcados;BRMAO;BRSSZ
1554363;Cabotagem;2;Carga Conteinerizada;Conteinerizada;3,95;Desembarcados;BRMAO;BRSSZ
1554363;Cabotagem;2;Carga Conteinerizada;Conteinerizada;3,7;Desembarcados;BRMAO;BRSSZ
1554363;Cabotagem;2;Carga Conteinerizada;Conteinerizada;3,68;Desembarcados;BRMAO;BRSSZ
1554363;Cabotagem;2;Carga Conteinerizada;Conteinerizada;3,95;Desembarcados;BRMAO;BRSSZ
1554363;Cabotagem;2;Carga Conteinerizada;Conteinerizada;3,95;Desembarcados;BRMAO;BRSSZ
1554363;Cabotagem;2;Carga Conteinerizada;Conteinerizada;3,95;Desembarcados;BRMAO;BRSSZ
1554363;Cabotagem;2;Carga Conteinerizada;Conteinerizada;3,95;Desembarcados;BRMAO;BRSSZ
1554363;Cabotagem;2;Carga Conteinerizada;Conteinerizada;3,95;Desembarcados;BRMAO;BRSSZ
1554363;Cabotagem;2;Carga Conteinerizada;Conteinerizada;3,95;Desembarcados;BRMAO;BRSSZ
1554363;Cabotagem;2;Carga Conteinerizada;Conteinerizada;3,95;Desembarcados;BRMAO;BRSSZ
1554363;Cabotagem;2;Carga Conteinerizada;Conteinerizada;3,95;Desembarcados;BRMAO;BRSSZ
1554363;Cabotagem;2;Carga Conteinerizada;Conteinerizada;3,95;Desembarcados;BRMAO;BRSSZ
1554363;Cabotagem;2;Carga Conteinerizada;Conteinerizada;3,68;Desembarcados;BRMAO;BRSSZ
1554363;Cabotagem;2;Carga Conteinerizada;Conteinerizada;3,95;Desembarcados;BRMAO;BRSSZ
1554363;Cabotagem;2;Carga Conteinerizada;Conteinerizada;3,95;Desembarcados;BRMAO;BRSSZ
1554363;Cabotagem;2;Carga Conteinerizada;Conteinerizada;3,95;Desembarcados;BRMAO;BRSSZ
1554363;Cabotagem;2;Carga Conteinerizada;Conteinerizada;3,68;Desembarcados;BRMAO;BRSSZ
1554363;Cabotagem;2;Carga Conteinerizada;Conteinerizada;3,95;Desembarcados;BRMAO;BRSSZ
1554363;Cabotagem;2;Carga Conteinerizada;Conteinerizada;3,95;Desembarcados;BRMAO;BRSSZ
1554363;Cabotagem;2;Carga Conteinerizada;Conteinerizada;3,95;Desembarcados;BRMAO;BRSSZ
1554363;Cabotagem;2;Carga Conteinerizada;Conteinerizada;3,95;Desembarcados;BRMAO;BRSSZ
1554363;Cabotagem;2;Carga Conteinerizada;Conteinerizada;3,95;Desembarcados;BRMAO;BRSSZ
1554363;Cabotagem;2;Carga Conteinerizada;Conteinerizada;3,95;Desembarcados;BRMAO;BRSSZ
1554363;Cabotagem;2;Carga Conteinerizada;Conteinerizada;3,95;Desembarcados;BRMAO;BRSSZ
1554363;Cabotagem;2;Carga Conteinerizada;Conteinerizada;3,95;Desembarcados;BRMAO;BRSSZ
1554363;Cabotagem;2;Carga Conteinerizada;Conteinerizada;3,95;Desembarcados;BRMAO;BRSSZ
1554363;Cabotagem;2;Carga Conteinerizada;Conteinerizada;3,95;Desembarcados;BRMAO;BRSSZ
1554363;Cabotagem;2;Carga Conteinerizada;Conteinerizada;3,95;Desembarcados;BRMAO;BRSSZ
1554363;Cabotagem;2;Carga Conteinerizada;Conteinerizada;3,95;Desembarcados;BRMAO;BRSSZ
1554363;Cabotagem;2;Carga Conteinerizada;Conteinerizada;3,95;Desembarcados;BRMAO;BRSSZ
1554363;Cabotagem;2;Carga Conteinerizada;Conteinerizada;3,95;Desembarcados;BRMAO;BRSSZ
1554363;Cabotagem;2;Carga Conteinerizada;Conteinerizada;3,95;Desembarcados;BRMAO;BRSSZ
1554363;Cabotagem;2;Carga Conteinerizada;Conteinerizada;3,95;Desembarcados;BRMAO;BRSSZ
1554363;Cabotagem;2;Carga Conteinerizada;Conteinerizada;3,95;Desembarcados;BRMAO;BRSSZ
1554363;Cabotagem;2;Carga Conteinerizada;Conteinerizada;3,95;Desembarcados;BRMAO;BRSSZ
1554363;Cabotagem;2;Carga Conteinerizada;Conteinerizada;3,95;Desembarcados;BRMAO;BRSSZ
1554363;Cabotagem;2;Carga Conteinerizada;Conteinerizada;3,95;Desembarcados;BRMAO;BRSSZ
1554363;Cabotagem;2;Carga Conteinerizada;Conteinerizada;3,95;Desembarcados;BRMAO;BRSSZ
1554363;Cabotagem;2;Carga Conteinerizada;Conteinerizada;3,95;Desembarcados;BRMAO;BRSSZ
1554363;Cabotagem;2;Carga Conteinerizada;Conteinerizada;3,95;Desembarcados;BRMAO;BRSSZ
1554363;Cabotagem;2;Carga Conteinerizada;Conteinerizada;3,95;Desembarcados;BRMAO;BRSSZ
1554363;Cabotagem;2;Carga Conteinerizada;Conteinerizada;3,95;Desembarcados;BRMAO;BRSSZ
1554363;Cabotagem;2;Carga Conteinerizada;Conteinerizada;3,95;Desembarcados;BRMAO;BRSSZ
1554363;Cabotagem;2;Carga Conteinerizada;Conteinerizada;3,95;Desembarcados;BRMAO;BRSSZ
1554363;Cabotagem;2;Carga Conteinerizada;Conteinerizada;3,95;Desembarcados;BRMAO;BRSSZ
1554363;Cabotagem;2;Carga Conteinerizada;Conteinerizada;3,95;Desembarcados;BRMAO;BRSSZ
1554363;Cabotagem;2;Carga Conteinerizada;Conteinerizada;3,95;Desembarcados;BRMAO;BRSSZ
1554363;Cabotagem;2;Carga Conteinerizada;Conteinerizada;3,95;Desembarcados;BRMAO;BRSSZ
1554363;Cabotagem;2;Carga Conteinerizada;Conteinerizada;3,95;Desembarcados;BRMAO;BRSSZ
1554363;Cabotagem;2;Carga Conteinerizada;Conteinerizada;3,95;Desembarcados;BRMAO;BRSSZ
1554363;Cabotagem;2;Carga Conteinerizada;Conteinerizada;3,95;Desembarcados;BRMAO;BRSSZ
1554363;Cabotagem;2;Carga Conteinerizada;Conteinerizada;3,95;Desembarcados;BRMAO;BRSSZ
1554363;Cabotagem;2;Carga Conteinerizada;Conteinerizada;3,95;Desembarcados;BRMAO;BRSSZ
1554363;Cabotagem;2;Carga Conteinerizada;Conteinerizada;3,95;Desembarcados;BRMAO;BRSSZ
1554363;Cabotagem;2;Carga Conteinerizada;Conteinerizada;3,95;Desembarcados;BRMAO;BRSSZ
1554363;Cabotagem;2;Carga Conteinerizada;Conteinerizada;3,95;Desembarcados;BRMAO;BRSSZ
1554363;Cabotagem;2;Carga Conteinerizada;Conteinerizada;3,95;Desembarcados;BRMAO;BRSSZ
1554363;Cabotagem;2;Carga Conteinerizada;Conteinerizada;3,95;Desembarcados;BRMAO;BRSSZ
1554363;Cabotagem;2;Carga Conteinerizada;Conteinerizada;3,95;Desembarcados;BRMAO;BRSSZ
1554363;Cabotagem;2;Carga Conteinerizada;Conteinerizada;3,95;Desembarcados;BRMAO;BRSSZ
1554363;Cabotagem;2;Carga Conteinerizada;Conteinerizada;3,95;Desembarcados;BRMAO;BRSSZ
1554363;Cabotagem;2;Carga Conteinerizada;Conteinerizada;3,95;Desembarcados;BRMAO;BRSSZ
1554363;Cabotagem;2;Carga Conteinerizada;Conteinerizada;3,95;Desembarcados;BRMAO;BRSSZ
1554363;Cabotagem;2;Carga Conteinerizada;Conteinerizada;3,95;Desembarcados;BRMAO;BRSSZ
1554363;Cabotagem;2;Carga Conteinerizada;Conteinerizada;3,95;Desembarcados;BRMAO;BRSSZ
1554363;Cabotagem;2;Carga Conteinerizada;Conteinerizada;3,95;Desembarcados;BRMAO;BRSSZ
1554363;Cabotagem;2;Carga Conteinerizada;Conteinerizada;3,95;Desembarcados;BRMAO;BRSSZ
1554363;Cabotagem;2;Carga Conteinerizada;Conteinerizada;3,95;Desembarcados;BRMAO;BRSSZ
1554363;Cabotagem;2;Carga Conteinerizada;Conteinerizada;3,95;Desembarcados;BRMAO;BRSSZ
1554363;Cabotagem;2;Carga Conteinerizada;Conteinerizada;3,95;Desembarcados;BRMAO;BRSSZ
1554363;Cabotagem;2;Carga Conteinerizada;Conteinerizada;3,95;Desembarcados;BRMAO;BRSSZ
1554363;Cabotagem;2;Carga Conteinerizada;Conteinerizada;3,95;Desembarcados;BRMAO;BRSSZ
1554363;Cabotagem;2;Carga Conteinerizada;Conteinerizada;3,95;Desembarcados;BRMAO;BRSSZ
1554363;Cabotagem;2;Carga Conteinerizada;Conteinerizada;3,95;Desembarcados;BRMAO;BRSSZ
1554363;Cabotagem;2;Carga Conteinerizada;Conteinerizada;3,95;Desembarcados;BRMAO;BRSSZ
1554363;Cabotagem;2;Carga Conteinerizada;Conteinerizada;3,95;Desembarcados;BRMAO;BRSSZ
1554363;Cabotagem;2;Carga Conteinerizada;Conteinerizada;3,95;Desembarcados;BRMAO;BRSSZ
1554363;Cabotagem;2;Carga Conteinerizada;Conteinerizada;3,95;Desembarcados;BRMAO;BRSSZ
1554363;Cabotagem;2;Carga Conteinerizada;Conteinerizada;3,68;Desembarcados;BRMAO;BRSSZ
1554363;Cabotagem;2;Carga Conteinerizada;Conteinerizada;3,95;Desembarcados;BRMAO;BRSSZ
1554363;Cabotagem;2;Carga Conteinerizada;Conteinerizada;3,95;Desembarcados;BRMAO;BRSSZ
1554363;Cabotagem;2;Carga Conteinerizada;Conteinerizada;3,95;Desembarcados;BRMAO;BRSSZ
1554363;Cabotagem;2;Carga Conteinerizada;Conteinerizada;3,9;Desembarcados;BRMAO;BRSSZ
1554363;Cabotagem;2;Carga Conteinerizada;Conteinerizada;3,9;Desembarcados;BRMAO;BRSSZ
1554363;Cabotagem;2;Carga Conteinerizada;Conteinerizada;3,95;Desembarcados;BRMAO;BRSSZ
1554363;Cabotagem;2;Carga Conteinerizada;Conteinerizada;3,95;Desembarcados;BRMAO;BRSSZ
1554363;Cabotagem;2;Carga Conteinerizada;Conteinerizada;3,95;Desembarcados;BRMAO;BRSSZ
1554363;Cabotagem;2;Carga Conteinerizada;Conteinerizada;3,7;Desembarcados;BRMAO;BRSSZ
1554363;Cabotagem;2;Carga Conteinerizada;Conteinerizada;3,9;Desembarcados;BRMAO;BRSSZ
1554363;Cabotagem;2;Carga Conteinerizada;Conteinerizada;3,9;Desembarcados;BRMAO;BRSSZ
1554363;Cabotagem;2;Carga Conteinerizada;Conteinerizada;3,9;Desembarcados;BRMAO;BRSSZ
1554363;Cabotagem;2;Carga Conteinerizada;Conteinerizada;3,95;Desembarcados;BRMAO;BRSSZ
1554363;Cabotagem;2;Carga Conteinerizada;Conteinerizada;3,95;Desembarcados;BRMAO;BRSSZ
1554363;Cabotagem;2;Carga Conteinerizada;Conteinerizada;3,9;Desembarcados;BRMAO;BRSSZ
1554363;Cabotagem;2;Carga Conteinerizada;Conteinerizada;3,9;Desembarcados;BRMAO;BRSSZ
1554363;Cabotagem;2;Carga Conteinerizada;Conteinerizada;3,95;Desembarcados;BRMAO;BRSSZ
1554363;Cabotagem;2;Carga Conteinerizada;Conteinerizada;3,9;Desembarcados;BRMAO;BRSSZ
1554363;Cabotagem;2;Carga Conteinerizada;Conteinerizada;3,91;Desembarcados;BRMAO;BRSSZ
1554363;Cabotagem;2;Carga Conteinerizada;Conteinerizada;3,95;Desembarcados;BRMAO;BRSSZ
1554363;Cabotagem;2;Carga Conteinerizada;Conteinerizada;3,9;Desembarcados;BRMAO;BRSSZ
1554363;Cabotagem;2;Carga Conteinerizada;Conteinerizada;3,95;Desembarcados;BRMAO;BRSSZ
1554363;Cabotagem;2;Carga Conteinerizada;Conteinerizada;3,95;Desembarcados;BRMAO;BRSSZ
1554363;Cabotagem;2;Carga Conteinerizada;Conteinerizada;4,06;Desembarcados;BRMAO;BRSSZ
1554363;Cabotagem;2;Carga Conteinerizada;Conteinerizada;3,95;Desembarcados;BRMAO;BRSSZ
1554363;Cabotagem;2;Carga Conteinerizada;Conteinerizada;3,9;Desembarcados;BRMAO;BRSSZ
1554363;Cabotagem;2;Carga Conteinerizada;Conteinerizada;3,95;Desembarcados;BRMAO;BRSSZ
1554363;Cabotagem;2;Carga Conteinerizada;Conteinerizada;3,9;Desembarcados;BRMAO;BRSSZ
1554363;Cabotagem;2;Carga Conteinerizada;Conteinerizada;3,95;Desembarcados;BRMAO;BRSSZ
1554363;Cabotagem;2;Carga Conteinerizada;Conteinerizada;3,95;Desembarcados;BRMAO;BRSSZ
1554363;Cabotagem;2;Carga Conteinerizada;Conteinerizada;3,7;Desembarcados;BRMAO;BRSSZ
1554363;Cabotagem;2;Carga Conteinerizada;Conteinerizada;3,9;Desembarcados;BRMAO;BRSSZ
1554363;Cabotagem;2;Carga Conteinerizada;Conteinerizada;3,95;Desembarcados;BRMAO;BRSSZ
1554363;Cabotagem;2;Carga Conteinerizada;Conteinerizada;3,95;Desembarcados;BRMAO;BRSSZ
1554363;Cabotagem;2;Carga Conteinerizada;Conteinerizada;3,95;Desembarcados;BRMAO;BRSSZ
1554363;Cabotagem;2;Carga Conteinerizada;Conteinerizada;3,7;Desembarcados;BRMAO;BRSSZ
1554363;Cabotagem;2;Carga Conteinerizada;Conteinerizada;3,95;Desembarcados;BRMAO;BRSSZ
1554363;Cabotagem;2;Carga Conteinerizada;Conteinerizada;3,95;Desembarcados;BRMAO;BRSSZ
1554363;Cabotagem;2;Carga Conteinerizada;Conteinerizada;3,95;Desembarcados;BRMAO;BRSSZ
1554363;Cabotagem;2;Carga Conteinerizada;Conteinerizada;3,78;Desembarcados;BRMAO;BRSSZ
1554363;Cabotagem;2;Carga Conteinerizada;Conteinerizada;3,73;Desembarcados;BRMAO;BRSSZ
1554363;Cabotagem;2;Carga Conteinerizada;Conteinerizada;3,8;Desembarcados;BRMAO;BRSSZ
1554363;Cabotagem;2;Carga Conteinerizada;Conteinerizada;3,7;Desembarcados;BRMAO;BRSSZ
1554363;Cabotagem;2;Carga Conteinerizada;Conteinerizada;3,84;Desembarcados;BRMAO;BRSSZ
1554363;Cabotagem;2;Carga Conteinerizada;Conteinerizada;3,95;Desembarcados;BRMAO;BRSSZ
1554363;Cabotagem;2;Carga Conteinerizada;Conteinerizada;3,84;Desembarcados;BRMAO;BRSSZ
1554363;Cabotagem;2;Carga Conteinerizada;Conteinerizada;3,84;Desembarcados;BRMAO;BRSSZ
1554363;Cabotagem;2;Carga Conteinerizada;Conteinerizada;3,7;Desembarcados;BRMAO;BRSSZ
1554363;Cabotagem;2;Carga Conteinerizada;Conteinerizada;3,95;Desembarcados;BRMAO;BRSSZ
1554363;Cabotagem;2;Carga Conteinerizada;Conteinerizada;3,89;Desembarcados;BRMAO;BRSSZ
1554363;Cabotagem;2;Carga Conteinerizada;Conteinerizada;3,95;Desembarcados;BRMAO;BRSSZ
1554363;Cabotagem;2;Carga Conteinerizada;Conteinerizada;3,62;Desembarcados;BRMAO;BRSSZ
1554363;Cabotagem;2;Carga Conteinerizada;Conteinerizada;3,62;Desembarcados;BRMAO;BRSSZ
1554363;Cabotagem;2;Carga Conteinerizada;Conteinerizada;3,7;Desembarcados;BRMAO;BRSSZ
1554363;Cabotagem;2;Carga Conteinerizada;Conteinerizada;3,95;Desembarcados;BRMAO;BRSSZ
1554363;Cabotagem;2;Carga Conteinerizada;Conteinerizada;3,7;Desembarcados;BRMAO;BRSSZ
1554363;Cabotagem;2;Carga Conteinerizada;Conteinerizada;3,95;Desembarcados;BRMAO;BRSSZ
1554363;Cabotagem;2;Carga Conteinerizada;Conteinerizada;3,95;Desembarcados;BRMAO;BRSSZ
1554363;Cabotagem;2;Carga Conteinerizada;Conteinerizada;3,7;Desembarcados;BRMAO;BRSSZ
1554363;Cabotagem;2;Carga Conteinerizada;Conteinerizada;3,95;Desembarcados;BRMAO;BRSSZ
1554363;Cabotagem;2;Carga Conteinerizada;Conteinerizada;3,7;Desembarcados;BRMAO;BRSSZ
1554363;Cabotagem;2;Carga Conteinerizada;Conteinerizada;3,96;Desembarcados;BRMAO;BRSSZ
1554363;Cabotagem;2;Carga Conteinerizada;Conteinerizada;3,97;Desembarcados;BRMAO;BRSSZ
1554363;Cabotagem;2;Carga Conteinerizada;Conteinerizada;3,95;Desembarcados;BRMAO;BRSSZ
1554363;Cabotagem;2;Carga Conteinerizada;Conteinerizada;3,95;Desembarcados;BRMAO;BRSSZ
1554363;Cabotagem;2;Carga Conteinerizada;Conteinerizada;3,95;Desembarcados;BRMAO;BRSSZ
1554363;Cabotagem;2;Carga Conteinerizada;Conteinerizada;3,95;Desembarcados;BRMAO;BRSSZ
1554363;Cabotagem;2;Carga Conteinerizada;Conteinerizada;3,8;Desembarcados;BRMAO;BRSSZ
1554363;Cabotagem;2;Carga Conteinerizada;Conteinerizada;3,8;Desembarcados;BRMAO;BRSSZ
1554363;Cabotagem;2;Carga Conteinerizada;Conteinerizada;3,95;Desembarcados;BRMAO;BRSSZ
1554363;Cabotagem;2;Carga Conteinerizada;Conteinerizada;3,95;Desembarcados;BRMAO;BRSSZ
1554363;Cabotagem;2;Carga Conteinerizada;Conteinerizada;3,95;Desembarcados;BRMAO;BRSSZ
1554363;Cabotagem;2;Carga Conteinerizada;Conteinerizada;3,95;Desembarcados;BRMAO;BRSSZ
1554363;Cabotagem;2;Carga Conteinerizada;Conteinerizada;3,95;Desembarcados;BRMAO;BRSSZ
1554363;Cabotagem;2;Carga Conteinerizada;Conteinerizada;3,95;Desembarcados;BRMAO;BRSSZ
1554363;Cabotagem;2;Carga Conteinerizada;Conteinerizada;3,95;Desembarcados;BRMAO;BRSSZ
1554363;Cabotagem;2;Carga Conteinerizada;Conteinerizada;3,95;Desembarcados;BRMAO;BRSSZ
1554363;Cabotagem;2;Carga Conteinerizada;Conteinerizada;3,95;Desembarcados;BRMAO;BRSSZ
1554363;Cabotagem;2;Carga Conteinerizada;Conteinerizada;3,95;Desembarcados;BRMAO;BRSSZ
1554363;Cabotagem;2;Carga Conteinerizada;Conteinerizada;3,8;Desembarcados;BRMAO;BRSSZ
1554363;Cabotagem;2;Carga Conteinerizada;Conteinerizada;3,95;Desembarcados;BRMAO;BRSSZ
1554363;Cabotagem;2;Carga Conteinerizada;Conteinerizada;3,95;Desembarcados;BRMAO;BRSSZ
1554363;Cabotagem;2;Carga Conteinerizada;Conteinerizada;4,06;Desembarcados;BRMAO;BRSSZ
1554363;Cabotagem;2;Carga Conteinerizada;Conteinerizada;3,95;Desembarcados;BRMAO;BRSSZ
1554363;Cabotagem;2;Carga Conteinerizada;Conteinerizada;3,95;Desembarcados;BRMAO;BRSSZ
1554363;Cabotagem;2;Carga Conteinerizada;Conteinerizada;3,95;Desembarcados;BRMAO;BRSSZ
1554363;Cabotagem;2;Carga Conteinerizada;Conteinerizada;3,95;Desembarcados;BRMAO;BRSSZ
1554363;Cabotagem;2;Carga Conteinerizada;Conteinerizada;3,7;Desembarcados;BRMAO;BRSSZ
1554363;Cabotagem;2;Carga Conteinerizada;Conteinerizada;3,95;Desembarcados;BRMAO;BRSSZ
1554363;Cabotagem;2;Carga Conteinerizada;Conteinerizada;3,95;Desembarcados;BRMAO;BRSSZ
1554363;Cabotagem;2;Carga Conteinerizada;Conteinerizada;3,7;Desembarcados;BRMAO;BRSSZ
1554363;Cabotagem;2;Carga Conteinerizada;Conteinerizada;3,95;Desembarcados;BRMAO;BRSSZ
1554363;Cabotagem;2;Carga Conteinerizada;Conteinerizada;50;Embarcados;BRSSZ;BRMAO
1554363;Cabotagem;1;Carga Conteinerizada;Conteinerizada;25;Embarcados;BRSSZ;BRMAO
1554363;Cabotagem;2;Carga Conteinerizada;Conteinerizada;50;Embarcados;BRSSZ;BRSUA
1554363;Cabotagem;2;Carga Conteinerizada;Conteinerizada;50;Embarcados;BRSSZ;BRPNG
1551571;Cabotagem;92;Carga Conteinerizada;Conteinerizada;840,44;Embarcados;BRITJ;BRMAO
1551571;Cabotagem;2;Carga Conteinerizada;Conteinerizada;33,05;Embarcados;BRITJ;BRMAO
1551571;Cabotagem;2;Carga Conteinerizada;Conteinerizada;28,1;Embarcados;BRITJ;BRMAO
1551571;Cabotagem;6;Carga Conteinerizada;Conteinerizada;169,24;Embarcados;BRITJ;BRCE001
1551571;Cabotagem;16;Carga Conteinerizada;Conteinerizada;213,7;Embarcados;BRITJ;BRCE001
1551571;Cabotagem;27;Carga Conteinerizada;Conteinerizada;607,69;Embarcados;BRITJ;BRPNG
1551571;Cabotagem;198;Carga Conteinerizada;Conteinerizada;2757,25;Embarcados;BRITJ;BRPNG
1551571;Cabotagem;260;Carga Conteinerizada;Conteinerizada;4099,49;Embarcados;BRITJ;BRPNG
1551571;Cabotagem;10;Carga Conteinerizada;Conteinerizada;288,84;Embarcados;BRITJ;BRSUA
1551571;Cabotagem;6;Carga Conteinerizada;Conteinerizada;161,33;Embarcados;BRITJ;BRSUA
1551571;Cabotagem;80;Carga Conteinerizada;Conteinerizada;949,03;Embarcados;BRITJ;BRSUA
1551571;Cabotagem;22;Carga Conteinerizada;Conteinerizada;284,71;Desembarcados;BRMAO;BRITJ
1551571;Cabotagem;4;Carga Conteinerizada;Conteinerizada;37,82;Desembarcados;BRSSZ;BRITJ
1551571;Cabotagem;74;Carga Conteinerizada;Conteinerizada;1120,7;Desembarcados;BRSSZ;BRITJ
1551571;Cabotagem;2;Carga Conteinerizada;Conteinerizada;30,43;Desembarcados;BRSSZ;BRITJ
1551571;Cabotagem;6;Carga Conteinerizada;Conteinerizada;69,6;Desembarcados;BRSSZ;BRITJ
1552290;Cabotagem;4;Carga Conteinerizada;Conteinerizada;61,69;Embarcados;BRPNG;BRMAO
1552290;Cabotagem;30;Carga Conteinerizada;Conteinerizada;494,891;Embarcados;BRPNG;BRCE001
1552290;Cabotagem;184;Carga Conteinerizada;Conteinerizada;1577,981;Embarcados;BRPNG;BRMAO
1552290;Cabotagem;34;Carga Conteinerizada;Conteinerizada;438,03;Embarcados;BRPNG;BRCE001
1552290;Cabotagem;66;Carga Conteinerizada;Conteinerizada;672,185;Embarcados;BRPNG;BRSUA
1552290;Cabotagem;3;Carga Conteinerizada;Conteinerizada;89,35;Embarcados;BRPNG;BRMAO
1552290;Cabotagem;40;Carga Conteinerizada;Conteinerizada;654,66;Desembarcados;BRITJ;BRPNG
1552290;Cabotagem;28;Carga Conteinerizada;Conteinerizada;171,641;Desembarcados;BRSSZ;BRPNG
1552290;Cabotagem;84;Carga Conteinerizada;Conteinerizada;189;Desembarcados;BRMAO;BRPNG
1552290;Cabotagem;40;Carga Conteinerizada;Conteinerizada;536,487;Desembarcados;BRMAO;BRPNG
1552290;Cabotagem;132;Carga Conteinerizada;Conteinerizada;1777,58;Desembarcados;BRSSZ;BRPNG
1552290;Cabotagem;550;Carga Conteinerizada;Conteinerizada;1100;Desembarcados;BRMAO;BRPNG
1552290;Cabotagem;32;Carga Conteinerizada;Conteinerizada;656,48;Desembarcados;BRSSZ;BRPNG
1552290;Cabotagem;220;Carga Conteinerizada;Conteinerizada;3411,968;Desembarcados;BRITJ;BRPNG
1552290;Cabotagem;200;Carga Conteinerizada;Conteinerizada;2800,829;Desembarcados;BRITJ;BRPNG
1552290;Cabotagem;12;Carga Conteinerizada;Conteinerizada;161,75;Desembarcados;BRITJ;BRPNG
1552290;Cabotagem;46;Carga Conteinerizada;Conteinerizada;92;Desembarcados;BRITJ;BRPNG
1552290;Cabotagem;27;Carga Conteinerizada;Conteinerizada;609,64;Desembarcados;BRITJ;BRPNG
1552290;Cabotagem;7;Carga Conteinerizada;Conteinerizada;207,05;Desembarcados;BRITJ;BRPNG
1552290;Cabotagem;12;Carga Conteinerizada;Conteinerizada;159,561;Embarcados;BRPNG;BRSUA
1552290;Cabotagem;36;Carga Conteinerizada;Conteinerizada;455,729;Embarcados;BRPNG;BRSUA
1552290;Cabotagem;10;Carga Conteinerizada;Conteinerizada;97,123;Embarcados;BRPNG;BRSUA
1552290;Cabotagem;370;Carga Conteinerizada;Conteinerizada;2856,468;Embarcados;BRPNG;BRSUA
1552290;Cabotagem;36;Carga Conteinerizada;Conteinerizada;357,761;Embarcados;BRPNG;BRSUA
1552290;Cabotagem;156;Carga Conteinerizada;Conteinerizada;1667,733;Embarcados;BRPNG;BRSUA
1552290;Cabotagem;6;Carga Conteinerizada;Conteinerizada;111,9;Embarcados;BRPNG;BRSUA
1552290;Cabotagem;3;Carga Conteinerizada;Conteinerizada;39,463;Embarcados;BRPNG;BRSUA
1552290;Cabotagem;9;Carga Conteinerizada;Conteinerizada;153,027;Embarcados;BRPNG;BRSUA
1552896;Cabotagem;18;Carga Conteinerizada;Conteinerizada;463,188;Embarcados;BRSUA;BRMAO
1552896;Cabotagem;26;Carga Conteinerizada;Conteinerizada;638,51;Embarcados;BRSUA;BRCE001
1552896;Cabotagem;10;Carga Conteinerizada;Conteinerizada;288,84;Desembarcados;BRITJ;BRSUA
1552896;Cabotagem;7;Carga Conteinerizada;Conteinerizada;93,565;Desembarcados;BRPNG;BRSUA
1552896;Cabotagem;2;Carga Conteinerizada;Conteinerizada;58,832;Desembarcados;BRPNG;BRSUA
1552896;Cabotagem;1;Carga Conteinerizada;Conteinerizada;4,48;Desembarcados;BRSSZ;BRSUA
1552896;Cabotagem;1;Carga Conteinerizada;Conteinerizada;25,27;Desembarcados;BRSSZ;BRSUA
1552896;Cabotagem;2;Carga Conteinerizada;Conteinerizada;27,106;Embarcados;BRSUA;BRMAO
1552896;Cabotagem;2;Carga Conteinerizada;Conteinerizada;57,98;Desembarcados;BRSSZ;BRSUA
1552896;Cabotagem;6;Carga Conteinerizada;Conteinerizada;161,33;Desembarcados;BRITJ;BRSUA
1552896;Cabotagem;2;Carga Conteinerizada;Conteinerizada;15,91;Embarcados;BRSUA;BRMAO
1552896;Cabotagem;56;Carga Conteinerizada;Conteinerizada;723,306;Embarcados;BRSUA;BRMAO
1552896;Cabotagem;2;Carga Conteinerizada;Conteinerizada;28,995;Embarcados;BRSUA;BRMAO
1552896;Cabotagem;78;Carga Conteinerizada;Conteinerizada;918,25;Desembarcados;BRITJ;BRSUA
1552896;Cabotagem;1142;Carga Conteinerizada;Conteinerizada;16127,406;Embarcados;BRSUA;BRMAO
1552896;Cabotagem;2;Carga Conteinerizada;Conteinerizada;26,046;Embarcados;BRSUA;BRMAO
1552896;Cabotagem;16;Carga Conteinerizada;Conteinerizada;149,254;Embarcados;BRSUA;BRCE001
1552896;Cabotagem;2;Carga Conteinerizada;Conteinerizada;30,78;Desembarcados;BRITJ;BRSUA
1552896;Cabotagem;156;Carga Conteinerizada;Conteinerizada;1659,153;Desembarcados;BRPNG;BRSUA
1552896;Cabotagem;66;Carga Conteinerizada;Conteinerizada;666,615;Desembarcados;BRPNG;BRSUA
1552896;Cabotagem;22;Carga Conteinerizada;Conteinerizada;344,49;Desembarcados;BRSSZ;BRSUA
1552896;Cabotagem;2;Carga Conteinerizada;Conteinerizada;18,584;Embarcados;BRSUA;BRITJ
1552896;Cabotagem;10;Carga Conteinerizada;Conteinerizada;98,376;Desembarcados;BRPNG;BRSUA
1553033;Cabotagem;1;Carga Conteinerizada;Conteinerizada;31,53;Embarcados;BRCE001;BRMAO
1553033;Cabotagem;1;Carga Conteinerizada;Conteinerizada;3,532;Embarcados;BRCE001;BRMAO
1553033;Cabotagem;1;Carga Conteinerizada;Conteinerizada;28,45;Embarcados;BRCE001;BRSSZ
1553033;Cabotagem;2;Carga Conteinerizada;Conteinerizada;57,87;Embarcados;BRCE001;BRSSZ
1553033;Cabotagem;3;Carga Conteinerizada;Conteinerizada;39,553;Desembarcados;BRPNG;BRCE001
1553033;Cabotagem;26;Carga Conteinerizada;Conteinerizada;635,381;Desembarcados;BRSUA;BRCE001
1553033;Cabotagem;1;Carga Conteinerizada;Conteinerizada;10,647;Embarcados;BRCE001;BRPNG
1553033;Cabotagem;1;Carga Conteinerizada;Conteinerizada;30,04;Embarcados;BRCE001;BRSSZ
1553033;Cabotagem;6;Carga Conteinerizada;Conteinerizada;168,78;Desembarcados;BRITJ;BRCE001
1553033;Cabotagem;1;Carga Conteinerizada;Conteinerizada;23,93;Desembarcados;BRPNG;BRCE001
1553033;Cabotagem;10;Carga Conteinerizada;Conteinerizada;146,83;Desembarcados;BRPNG;BRCE001
1553033;Cabotagem;130;Carga Conteinerizada;Conteinerizada;2258,756;Embarcados;BRCE001;BRMAO
1553033;Cabotagem;14;Carga Conteinerizada;Conteinerizada;167,462;Desembarcados;BRITJ;BRCE001
1553033;Cabotagem;2;Carga Conteinerizada;Conteinerizada;18,165;Desembarcados;BRITJ;BRCE001
1553033;Cabotagem;30;Carga Conteinerizada;Conteinerizada;375,59;Desembarcados;BRPNG;BRCE001
1553033;Cabotagem;36;Carga Conteinerizada;Conteinerizada;357,022;Desembarcados;BRPNG;BRCE001
1553033;Cabotagem;46;Carga Conteinerizada;Conteinerizada;664,963;Desembarcados;BRSSZ;BRCE001
1553033;Cabotagem;16;Carga Conteinerizada;Conteinerizada;147,414;Desembarcados;BRSUA;BRCE001
1553033;Cabotagem;4;Carga Conteinerizada;Conteinerizada;57,969;Desembarcados;BRPNG;BRCE001
1553033;Cabotagem;68;Carga Conteinerizada;Conteinerizada;989,177;Desembarcados;BRPNG;BRCE001
1556870;Cabotagem;1;Carga Conteinerizada;Conteinerizada;29,28;Desembarcados;BRCE001;BRAM012
1556870;Cabotagem;1;Carga Conteinerizada;Conteinerizada;28,35;Desembarcados;BRPNG;BRAM012
1556870;Cabotagem;1;Carga Conteinerizada;Conteinerizada;30,35;Desembarcados;BRPNG;BRAM012
1556870;Cabotagem;1;Carga Conteinerizada;Conteinerizada;30,35;Desembarcados;BRPNG;BRAM012
1556870;Cabotagem;1;Carga Conteinerizada;Conteinerizada;18,95;Desembarcados;BRSSZ;BRAM012
1556870;Cabotagem;1;Carga Conteinerizada;Conteinerizada;20,02;Desembarcados;BRSSZ;BRAM012
1556870;Cabotagem;1;Carga Conteinerizada;Conteinerizada;20,1;Desembarcados;BRSSZ;BRAM012
1556870;Cabotagem;1;Carga Conteinerizada;Conteinerizada;20,55;Desembarcados;BRSSZ;BRAM012
1556870;Cabotagem;1;Carga Conteinerizada;Conteinerizada;20,9;Desembarcados;BRSSZ;BRAM012
1556870;Cabotagem;1;Carga Conteinerizada;Conteinerizada;21,45;Desembarcados;BRSSZ;BRAM012
1556870;Cabotagem;1;Carga Conteinerizada;Conteinerizada;21,47;Desembarcados;BRSSZ;BRAM012
1556870;Cabotagem;1;Carga Conteinerizada;Conteinerizada;21,69;Desembarcados;BRSSZ;BRAM012
1556870;Cabotagem;1;Carga Conteinerizada;Conteinerizada;21,9;Desembarcados;BRSSZ;BRAM012
1556870;Cabotagem;1;Carga Conteinerizada;Conteinerizada;21,91;Desembarcados;BRSSZ;BRAM012
1556870;Cabotagem;1;Carga Conteinerizada;Conteinerizada;22;Desembarcados;BRSSZ;BRAM012
1556870;Cabotagem;1;Carga Conteinerizada;Conteinerizada;22,1;Desembarcados;BRSSZ;BRAM012
1556870;Cabotagem;1;Carga Conteinerizada;Conteinerizada;22,15;Desembarcados;BRSSZ;BRAM012
1556870;Cabotagem;1;Carga Conteinerizada;Conteinerizada;22,35;Desembarcados;BRSSZ;BRAM012
1556870;Cabotagem;1;Carga Conteinerizada;Conteinerizada;22,6;Desembarcados;BRSSZ;BRAM012
1556870;Cabotagem;1;Carga Conteinerizada;Conteinerizada;22,6;Desembarcados;BRSSZ;BRAM012
1556870;Cabotagem;1;Carga Conteinerizada;Conteinerizada;22,61;Desembarcados;BRSSZ;BRAM012
1556870;Cabotagem;1;Carga Conteinerizada;Conteinerizada;22,65;Desembarcados;BRSSZ;BRAM012
1556870;Cabotagem;1;Carga Conteinerizada;Conteinerizada;22,69;Desembarcados;BRSSZ;BRAM012
1556870;Cabotagem;1;Carga Conteinerizada;Conteinerizada;22,75;Desembarcados;BRSSZ;BRAM012
1556870;Cabotagem;1;Carga Conteinerizada;Conteinerizada;22,9;Desembarcados;BRSSZ;BRAM012
1556870;Cabotagem;1;Carga Conteinerizada;Conteinerizada;22,92;Desembarcados;BRSSZ;BRAM012
1556870;Cabotagem;1;Carga Conteinerizada;Conteinerizada;23;Desembarcados;BRSSZ;BRAM012
1556870;Cabotagem;1;Carga Conteinerizada;Conteinerizada;23,03;Desembarcados;BRSSZ;BRAM012
1556870;Cabotagem;1;Carga Conteinerizada;Conteinerizada;23,16;Desembarcados;BRSSZ;BRAM012
1556870;Cabotagem;1;Carga Conteinerizada;Conteinerizada;23,3;Desembarcados;BRSSZ;BRAM012
1556870;Cabotagem;1;Carga Conteinerizada;Conteinerizada;23,4;Desembarcados;BRSSZ;BRAM012
1556870;Cabotagem;1;Carga Conteinerizada;Conteinerizada;23,46;Desembarcados;BRSSZ;BRAM012
1556870;Cabotagem;1;Carga Conteinerizada;Conteinerizada;23,49;Desembarcados;BRSSZ;BRAM012
1556870;Cabotagem;1;Carga Conteinerizada;Conteinerizada;23,56;Desembarcados;BRSSZ;BRAM012
1556870;Cabotagem;1;Carga Conteinerizada;Conteinerizada;23,63;Desembarcados;BRSSZ;BRAM012
1556870;Cabotagem;1;Carga Conteinerizada;Conteinerizada;23,65;Desembarcados;BRSSZ;BRAM012
1556870;Cabotagem;1;Carga Conteinerizada;Conteinerizada;23,7;Desembarcados;BRSSZ;BRAM012
1556870;Cabotagem;1;Carga Conteinerizada;Conteinerizada;23,76;Desembarcados;BRSSZ;BRAM012
1556870;Cabotagem;1;Carga Conteinerizada;Conteinerizada;23,95;Desembarcados;BRSSZ;BRAM012
1556870;Cabotagem;1;Carga Conteinerizada;Conteinerizada;23,95;Desembarcados;BRSSZ;BRAM012
1556870;Cabotagem;1;Carga Conteinerizada;Conteinerizada;23,97;Desembarcados;BRSSZ;BRAM012
1556870;Cabotagem;1;Carga Conteinerizada;Conteinerizada;24;Desembarcados;BRSSZ;BRAM012
1556870;Cabotagem;1;Carga Conteinerizada;Conteinerizada;24,16;Desembarcados;BRSSZ;BRAM012
1556870;Cabotagem;1;Carga Conteinerizada;Conteinerizada;24,4;Desembarcados;BRSSZ;BRAM012
1556870;Cabotagem;1;Carga Conteinerizada;Conteinerizada;24,44;Desembarcados;BRSSZ;BRAM012
1556870;Cabotagem;1;Carga Conteinerizada;Conteinerizada;24,45;Desembarcados;BRSSZ;BRAM012
1556870;Cabotagem;1;Carga Conteinerizada;Conteinerizada;24,6;Desembarcados;BRSSZ;BRAM012
1556870;Cabotagem;1;Carga Conteinerizada;Conteinerizada;25,1;Desembarcados;BRSSZ;BRAM012
1556870;Cabotagem;1;Carga Conteinerizada;Conteinerizada;25,2;Desembarcados;BRSSZ;BRAM012
1556870;Cabotagem;1;Carga Conteinerizada;Conteinerizada;25,25;Desembarcados;BRSSZ;BRAM012
1556870;Cabotagem;1;Carga Conteinerizada;Conteinerizada;25,25;Desembarcados;BRSSZ;BRAM012
1556870;Cabotagem;1;Carga Conteinerizada;Conteinerizada;25,28;Desembarcados;BRSSZ;BRAM012
1556870;Cabotagem;1;Carga Conteinerizada;Conteinerizada;25,76;Desembarcados;BRSSZ;BRAM012
1556870;Cabotagem;1;Carga Conteinerizada;Conteinerizada;25,97;Desembarcados;BRSSZ;BRAM012
1556870;Cabotagem;1;Carga Conteinerizada;Conteinerizada;26,08;Desembarcados;BRSSZ;BRAM012
1556870;Cabotagem;1;Carga Conteinerizada;Conteinerizada;26,25;Desembarcados;BRSSZ;BRAM012
1556870;Cabotagem;1;Carga Conteinerizada;Conteinerizada;26,29;Desembarcados;BRSSZ;BRAM012
1556870;Cabotagem;1;Carga Conteinerizada;Conteinerizada;26,5;Desembarcados;BRSSZ;BRAM012
1556870;Cabotagem;1;Carga Conteinerizada;Conteinerizada;26,67;Desembarcados;BRSSZ;BRAM012
1556870;Cabotagem;1;Carga Conteinerizada;Conteinerizada;26,73;Desembarcados;BRSSZ;BRAM012
1556870;Cabotagem;1;Carga Conteinerizada;Conteinerizada;26,75;Desembarcados;BRSSZ;BRAM012
1556870;Cabotagem;1;Carga Conteinerizada;Conteinerizada;27,3;Desembarcados;BRSSZ;BRAM012
1556870;Cabotagem;1;Carga Conteinerizada;Conteinerizada;27,5;Desembarcados;BRSSZ;BRAM012
1556870;Cabotagem;1;Carga Conteinerizada;Conteinerizada;27,53;Desembarcados;BRSSZ;BRAM012
1556870;Cabotagem;1;Carga Conteinerizada;Conteinerizada;27,55;Desembarcados;BRSSZ;BRAM012
1556870;Cabotagem;1;Carga Conteinerizada;Conteinerizada;28,1;Desembarcados;BRSSZ;BRAM012
1556870;Cabotagem;1;Carga Conteinerizada;Conteinerizada;28,45;Desembarcados;BRSSZ;BRAM012
1556870;Cabotagem;1;Carga Conteinerizada;Conteinerizada;28,87;Desembarcados;BRSSZ;BRAM012
1556870;Cabotagem;1;Carga Conteinerizada;Conteinerizada;29,22;Desembarcados;BRSSZ;BRAM012
1556870;Cabotagem;1;Carga Conteinerizada;Conteinerizada;29,42;Desembarcados;BRSSZ;BRAM012
1556870;Cabotagem;1;Carga Conteinerizada;Conteinerizada;29,63;Desembarcados;BRSUA;BRAM012
1556870;Cabotagem;1;Carga Conteinerizada;Conteinerizada;29,92;Desembarcados;BRSUA;BRAM012
1556870;Cabotagem;1;Carga Conteinerizada;Conteinerizada;29,93;Desembarcados;BRSUA;BRAM012
1556870;Cabotagem;1;Carga Conteinerizada;Conteinerizada;29,96;Desembarcados;BRSUA;BRAM012
1556870;Cabotagem;1;Carga Conteinerizada;Conteinerizada;29,96;Desembarcados;BRSUA;BRAM012
1556870;Cabotagem;1;Carga Conteinerizada;Conteinerizada;29,96;Desembarcados;BRSUA;BRAM012
1556870;Cabotagem;1;Carga Conteinerizada;Conteinerizada;29,96;Desembarcados;BRSUA;BRAM012
1556870;Cabotagem;1;Carga Conteinerizada;Conteinerizada;29,97;Desembarcados;BRSUA;BRAM012
1556870;Cabotagem;1;Carga Conteinerizada;Conteinerizada;29,97;Desembarcados;BRSUA;BRAM012
1556870;Cabotagem;1;Carga Conteinerizada;Conteinerizada;29,97;Desembarcados;BRSUA;BRAM012
1556870;Cabotagem;1;Carga Conteinerizada;Conteinerizada;29,45;Desembarcados;BRSSZ;BRAM012
1556870;Cabotagem;1;Carga Conteinerizada;Conteinerizada;31,47;Desembarcados;BRSSZ;BRAM012
1556870;Cabotagem;1;Carga Conteinerizada;Conteinerizada;28,78;Desembarcados;BRSSZ;BRAM012
1556870;Cabotagem;2;Carga Conteinerizada;Conteinerizada;28,03;Desembarcados;BRCE001;BRAM012
1556870;Cabotagem;2;Carga Conteinerizada;Conteinerizada;28,5;Desembarcados;BRCE001;BRAM012
1556870;Cabotagem;2;Carga Conteinerizada;Conteinerizada;28,95;Desembarcados;BRCE001;BRAM012
1556870;Cabotagem;2;Carga Conteinerizada;Conteinerizada;29,59;Desembarcados;BRCE001;BRAM012
1556870;Cabotagem;2;Carga Conteinerizada;Conteinerizada;30;Desembarcados;BRCE001;BRAM012
1556870;Cabotagem;2;Carga Conteinerizada;Conteinerizada;30;Desembarcados;BRCE001;BRAM012
1556870;Cabotagem;2;Carga Conteinerizada;Conteinerizada;30,59;Desembarcados;BRCE001;BRAM012
1556870;Cabotagem;2;Carga Conteinerizada;Conteinerizada;30,68;Desembarcados;BRCE001;BRAM012
1556870;Cabotagem;2;Carga Conteinerizada;Conteinerizada;30,77;Desembarcados;BRCE001;BRAM012
1556870;Cabotagem;2;Carga Conteinerizada;Conteinerizada;31,19;Desembarcados;BRCE001;BRAM012
1556870;Cabotagem;2;Carga Conteinerizada;Conteinerizada;31,2;Desembarcados;BRCE001;BRAM012
1556870;Cabotagem;2;Carga Conteinerizada;Conteinerizada;31,2;Desembarcados;BRCE001;BRAM012
1556870;Cabotagem;2;Carga Conteinerizada;Conteinerizada;31,28;Desembarcados;BRCE001;BRAM012
1556870;Cabotagem;2;Carga Conteinerizada;Conteinerizada;31,63;Desembarcados;BRCE001;BRAM012
1556870;Cabotagem;2;Carga Conteinerizada;Conteinerizada;31,75;Desembarcados;BRCE001;BRAM012
1556870;Cabotagem;2;Carga Conteinerizada;Conteinerizada;31,75;Desembarcados;BRCE001;BRAM012
1556870;Cabotagem;2;Carga Conteinerizada;Conteinerizada;31,75;Desembarcados;BRCE001;BRAM012
1556870;Cabotagem;2;Carga Conteinerizada;Conteinerizada;31,79;Desembarcados;BRCE001;BRAM012
1556870;Cabotagem;2;Carga Conteinerizada;Conteinerizada;31,86;Desembarcados;BRCE001;BRAM012
1556870;Cabotagem;2;Carga Conteinerizada;Conteinerizada;31,88;Desembarcados;BRCE001;BRAM012
1556870;Cabotagem;2;Carga Conteinerizada;Conteinerizada;32,01;Desembarcados;BRCE001;BRAM012
1556870;Cabotagem;2;Carga Conteinerizada;Conteinerizada;32,02;Desembarcados;BRCE001;BRAM012
1556870;Cabotagem;2;Carga Conteinerizada;Conteinerizada;32,02;Desembarcados;BRCE001;BRAM012
1556870;Cabotagem;2;Carga Conteinerizada;Conteinerizada;32,02;Desembarcados;BRCE001;BRAM012
1556870;Cabotagem;2;Carga Conteinerizada;Conteinerizada;32,02;Desembarcados;BRCE001;BRAM012
1556870;Cabotagem;2;Carga Conteinerizada;Conteinerizada;32,02;Desembarcados;BRCE001;BRAM012
1556870;Cabotagem;2;Carga Conteinerizada;Conteinerizada;32,02;Desembarcados;BRCE001;BRAM012
1556870;Cabotagem;2;Carga Conteinerizada;Conteinerizada;32,02;Desembarcados;BRCE001;BRAM012
1556870;Cabotagem;2;Carga Conteinerizada;Conteinerizada;32,02;Desembarcados;BRCE001;BRAM012
1556870;Cabotagem;2;Carga Conteinerizada;Conteinerizada;32,02;Desembarcados;BRCE001;BRAM012
1556870;Cabotagem;2;Carga Conteinerizada;Conteinerizada;32,02;Desembarcados;BRCE001;BRAM012
1556870;Cabotagem;2;Carga Conteinerizada;Conteinerizada;32,02;Desembarcados;BRCE001;BRAM012
1556870;Cabotagem;2;Carga Conteinerizada;Conteinerizada;32,02;Desembarcados;BRCE001;BRAM012
1556870;Cabotagem;2;Carga Conteinerizada;Conteinerizada;32,02;Desembarcados;BRCE001;BRAM012
1556870;Cabotagem;2;Carga Conteinerizada;Conteinerizada;32,02;Desembarcados;BRCE001;BRAM012
1556870;Cabotagem;2;Carga Conteinerizada;Conteinerizada;32,02;Desembarcados;BRCE001;BRAM012
1556870;Cabotagem;2;Carga Conteinerizada;Conteinerizada;32,02;Desembarcados;BRCE001;BRAM012
1556870;Cabotagem;2;Carga Conteinerizada;Conteinerizada;32,02;Desembarcados;BRCE001;BRAM012
1556870;Cabotagem;2;Carga Conteinerizada;Conteinerizada;32,02;Desembarcados;BRCE001;BRAM012
1556870;Cabotagem;2;Carga Conteinerizada;Conteinerizada;32,02;Desembarcados;BRCE001;BRAM012
1556870;Cabotagem;2;Carga Conteinerizada;Conteinerizada;32,02;Desembarcados;BRCE001;BRAM012
1556870;Cabotagem;2;Carga Conteinerizada;Conteinerizada;32,02;Desembarcados;BRCE001;BRAM012
1556870;Cabotagem;2;Carga Conteinerizada;Conteinerizada;32,02;Desembarcados;BRCE001;BRAM012
1556870;Cabotagem;2;Carga Conteinerizada;Conteinerizada;32,02;Desembarcados;BRCE001;BRAM012
1556870;Cabotagem;2;Carga Conteinerizada;Conteinerizada;32,02;Desembarcados;BRCE001;BRAM012
1556870;Cabotagem;2;Carga Conteinerizada;Conteinerizada;32,02;Desembarcados;BRCE001;BRAM012
1556870;Cabotagem;2;Carga Conteinerizada;Conteinerizada;32,02;Desembarcados;BRCE001;BRAM012
1556870;Cabotagem;2;Carga Conteinerizada;Conteinerizada;32,02;Desembarcados;BRCE001;BRAM012
1556870;Cabotagem;2;Carga Conteinerizada;Conteinerizada;32,02;Desembarcados;BRCE001;BRAM012
1556870;Cabotagem;2;Carga Conteinerizada;Conteinerizada;32,06;Desembarcados;BRCE001;BRAM012
1556870;Cabotagem;2;Carga Conteinerizada;Conteinerizada;32,06;Desembarcados;BRCE001;BRAM012
1556870;Cabotagem;2;Carga Conteinerizada;Conteinerizada;32,06;Desembarcados;BRCE001;BRAM012
1556870;Cabotagem;2;Carga Conteinerizada;Conteinerizada;32,08;Desembarcados;BRCE001;BRAM012
1556870;Cabotagem;2;Carga Conteinerizada;Conteinerizada;32,08;Desembarcados;BRCE001;BRAM012
1556870;Cabotagem;2;Carga Conteinerizada;Conteinerizada;32,08;Desembarcados;BRCE001;BRAM012
1556870;Cabotagem;2;Carga Conteinerizada;Conteinerizada;32,08;Desembarcados;BRCE001;BRAM012
1556870;Cabotagem;2;Carga Conteinerizada;Conteinerizada;32,08;Desembarcados;BRCE001;BRAM012
1556870;Cabotagem;2;Carga Conteinerizada;Conteinerizada;32,11;Desembarcados;BRCE001;BRAM012
1556870;Cabotagem;2;Carga Conteinerizada;Conteinerizada;32,16;Desembarcados;BRCE001;BRAM012
1556870;Cabotagem;2;Carga Conteinerizada;Conteinerizada;32,23;Desembarcados;BRCE001;BRAM012
1556870;Cabotagem;2;Carga Conteinerizada;Conteinerizada;32,26;Desembarcados;BRCE001;BRAM012
1556870;Cabotagem;2;Carga Conteinerizada;Conteinerizada;32,36;Desembarcados;BRCE001;BRAM012
1556870;Cabotagem;2;Carga Conteinerizada;Conteinerizada;32,56;Desembarcados;BRCE001;BRAM012
1556870;Cabotagem;2;Carga Conteinerizada;Conteinerizada;32,58;Desembarcados;BRCE001;BRAM012
1556870;Cabotagem;2;Carga Conteinerizada;Conteinerizada;32,91;Desembarcados;BRCE001;BRAM012
1556870;Cabotagem;2;Carga Conteinerizada;Conteinerizada;11,91;Desembarcados;BRITJ;BRAM012
1556870;Cabotagem;2;Carga Conteinerizada;Conteinerizada;12,01;Desembarcados;BRITJ;BRAM012
1556870;Cabotagem;2;Carga Conteinerizada;Conteinerizada;15,36;Desembarcados;BRITJ;BRAM012
1556870;Cabotagem;2;Carga Conteinerizada;Conteinerizada;15,96;Desembarcados;BRITJ;BRAM012
1556870;Cabotagem;2;Carga Conteinerizada;Conteinerizada;17,59;Desembarcados;BRITJ;BRAM012
1556870;Cabotagem;2;Carga Conteinerizada;Conteinerizada;18,73;Desembarcados;BRITJ;BRAM012
1556870;Cabotagem;2;Carga Conteinerizada;Conteinerizada;21,79;Desembarcados;BRITJ;BRAM012
1556870;Cabotagem;2;Carga Conteinerizada;Conteinerizada;22,77;Desembarcados;BRITJ;BRAM012
1556870;Cabotagem;2;Carga Conteinerizada;Conteinerizada;25,05;Desembarcados;BRITJ;BRAM012
1556870;Cabotagem;2;Carga Conteinerizada;Conteinerizada;25,67;Desembarcados;BRITJ;BRAM012
1556870;Cabotagem;2;Carga Conteinerizada;Conteinerizada;26,9;Desembarcados;BRITJ;BRAM012
1556870;Cabotagem;2;Carga Conteinerizada;Conteinerizada;27,99;Desembarcados;BRITJ;BRAM012
1556870;Cabotagem;2;Carga Conteinerizada;Conteinerizada;28,1;Desembarcados;BRITJ;BRAM012
1556870;Cabotagem;2;Carga Conteinerizada;Conteinerizada;29,77;Desembarcados;BRITJ;BRAM012
1556870;Cabotagem;2;Carga Conteinerizada;Conteinerizada;30,41;Desembarcados;BRITJ;BRAM012
1556870;Cabotagem;2;Carga Conteinerizada;Conteinerizada;30,83;Desembarcados;BRITJ;BRAM012
1556870;Cabotagem;2;Carga Conteinerizada;Conteinerizada;30,85;Desembarcados;BRITJ;BRAM012
1556870;Cabotagem;2;Carga Conteinerizada;Conteinerizada;30,87;Desembarcados;BRITJ;BRAM012
1556870;Cabotagem;2;Carga Conteinerizada;Conteinerizada;30,94;Desembarcados;BRITJ;BRAM012
1556870;Cabotagem;2;Carga Conteinerizada;Conteinerizada;31,1;Desembarcados;BRITJ;BRAM012
1556870;Cabotagem;2;Carga Conteinerizada;Conteinerizada;31,38;Desembarcados;BRITJ;BRAM012
1556870;Cabotagem;2;Carga Conteinerizada;Conteinerizada;31,53;Desembarcados;BRITJ;BRAM012
1556870;Cabotagem;2;Carga Conteinerizada;Conteinerizada;31,67;Desembarcados;BRITJ;BRAM012
1556870;Cabotagem;2;Carga Conteinerizada;Conteinerizada;31,8;Desembarcados;BRITJ;BRAM012
1556870;Cabotagem;2;Carga Conteinerizada;Conteinerizada;32,11;Desembarcados;BRITJ;BRAM012
1556870;Cabotagem;2;Carga Conteinerizada;Conteinerizada;32,12;Desembarcados;BRITJ;BRAM012
1556870;Cabotagem;2;Carga Conteinerizada;Conteinerizada;32,48;Desembarcados;BRITJ;BRAM012
1556870;Cabotagem;2;Carga Conteinerizada;Conteinerizada;33,05;Desembarcados;BRITJ;BRAM012
1556870;Cabotagem;2;Carga Conteinerizada;Conteinerizada;6,83;Desembarcados;BRITJ;BRAM012
1556870;Cabotagem;2;Carga Conteinerizada;Conteinerizada;6,85;Desembarcados;BRITJ;BRAM012
1556870;Cabotagem;2;Carga Conteinerizada;Conteinerizada;6,86;Desembarcados;BRITJ;BRAM012
1556870;Cabotagem;2;Carga Conteinerizada;Conteinerizada;6,88;Desembarcados;BRITJ;BRAM012
1556870;Cabotagem;2;Carga Conteinerizada;Conteinerizada;6,88;Desembarcados;BRITJ;BRAM012
1556870;Cabotagem;2;Carga Conteinerizada;Conteinerizada;6,89;Desembarcados;BRITJ;BRAM012
1556870;Cabotagem;2;Carga Conteinerizada;Conteinerizada;6,91;Desembarcados;BRITJ;BRAM012
1556870;Cabotagem;2;Carga Conteinerizada;Conteinerizada;6,92;Desembarcados;BRITJ;BRAM012
1556870;Cabotagem;2;Carga Conteinerizada;Conteinerizada;6,95;Desembarcados;BRITJ;BRAM012
1556870;Cabotagem;2;Carga Conteinerizada;Conteinerizada;7,1;Desembarcados;BRITJ;BRAM012
1556870;Cabotagem;2;Carga Conteinerizada;Conteinerizada;7,21;Desembarcados;BRITJ;BRAM012
1556870;Cabotagem;2;Carga Conteinerizada;Conteinerizada;7,91;Desembarcados;BRITJ;BRAM012
1556870;Cabotagem;2;Carga Conteinerizada;Conteinerizada;7,94;Desembarcados;BRITJ;BRAM012
1556870;Cabotagem;2;Carga Conteinerizada;Conteinerizada;7,96;Desembarcados;BRITJ;BRAM012
1556870;Cabotagem;2;Carga Conteinerizada;Conteinerizada;8,47;Desembarcados;BRITJ;BRAM012
1556870;Cabotagem;2;Carga Conteinerizada;Conteinerizada;8,54;Desembarcados;BRITJ;BRAM012
1556870;Cabotagem;2;Carga Conteinerizada;Conteinerizada;8,6;Desembarcados;BRITJ;BRAM012
1556870;Cabotagem;2;Carga Conteinerizada;Conteinerizada;8,9;Desembarcados;BRITJ;BRAM012
1556870;Cabotagem;2;Carga Conteinerizada;Conteinerizada;9,05;Desembarcados;BRITJ;BRAM012
1556870;Cabotagem;2;Carga Conteinerizada;Conteinerizada;11,26;Desembarcados;BRPNG;BRAM012
1556870;Cabotagem;2;Carga Conteinerizada;Conteinerizada;11,78;Desembarcados;BRPNG;BRAM012
1556870;Cabotagem;2;Carga Conteinerizada;Conteinerizada;16,81;Desembarcados;BRPNG;BRAM012
1556870;Cabotagem;2;Carga Conteinerizada;Conteinerizada;17,61;Desembarcados;BRPNG;BRAM012
1556870;Cabotagem;2;Carga Conteinerizada;Conteinerizada;17,99;Desembarcados;BRPNG;BRAM012
1556870;Cabotagem;2;Carga Conteinerizada;Conteinerizada;24,84;Desembarcados;BRPNG;BRAM012
1556870;Cabotagem;2;Carga Conteinerizada;Conteinerizada;25,4;Desembarcados;BRPNG;BRAM012
1556870;Cabotagem;2;Carga Conteinerizada;Conteinerizada;25,41;Desembarcados;BRPNG;BRAM012
1556870;Cabotagem;2;Carga Conteinerizada;Conteinerizada;26,48;Desembarcados;BRPNG;BRAM012
1556870;Cabotagem;2;Carga Conteinerizada;Conteinerizada;26,57;Desembarcados;BRPNG;BRAM012
1556870;Cabotagem;2;Carga Conteinerizada;Conteinerizada;26,72;Desembarcados;BRPNG;BRAM012
1556870;Cabotagem;2;Carga Conteinerizada;Conteinerizada;26,75;Desembarcados;BRPNG;BRAM012
1556870;Cabotagem;2;Carga Conteinerizada;Conteinerizada;26,95;Desembarcados;BRPNG;BRAM012
1556870;Cabotagem;2;Carga Conteinerizada;Conteinerizada;27,1;Desembarcados;BRPNG;BRAM012
1556870;Cabotagem;2;Carga Conteinerizada;Conteinerizada;27,11;Desembarcados;BRPNG;BRAM012
1556870;Cabotagem;2;Carga Conteinerizada;Conteinerizada;27,24;Desembarcados;BRPNG;BRAM012
1556870;Cabotagem;2;Carga Conteinerizada;Conteinerizada;27,39;Desembarcados;BRPNG;BRAM012
1556870;Cabotagem;2;Carga Conteinerizada;Conteinerizada;27,44;Desembarcados;BRPNG;BRAM012
1556870;Cabotagem;2;Carga Conteinerizada;Conteinerizada;27,47;Desembarcados;BRPNG;BRAM012
1556870;Cabotagem;2;Carga Conteinerizada;Conteinerizada;28,19;Desembarcados;BRPNG;BRAM012
1556870;Cabotagem;2;Carga Conteinerizada;Conteinerizada;28,23;Desembarcados;BRPNG;BRAM012
1556870;Cabotagem;2;Carga Conteinerizada;Conteinerizada;28,27;Desembarcados;BRPNG;BRAM012
1556870;Cabotagem;2;Carga Conteinerizada;Conteinerizada;28,27;Desembarcados;BRPNG;BRAM012
1556870;Cabotagem;2;Carga Conteinerizada;Conteinerizada;28,44;Desembarcados;BRPNG;BRAM012
1556870;Cabotagem;2;Carga Conteinerizada;Conteinerizada;28,47;Desembarcados;BRPNG;BRAM012
1556870;Cabotagem;2;Carga Conteinerizada;Conteinerizada;28,51;Desembarcados;BRPNG;BRAM012
1556870;Cabotagem;2;Carga Conteinerizada;Conteinerizada;28,54;Desembarcados;BRPNG;BRAM012
1556870;Cabotagem;2;Carga Conteinerizada;Conteinerizada;28,6;Desembarcados;BRPNG;BRAM012
1556870;Cabotagem;2;Carga Conteinerizada;Conteinerizada;28,61;Desembarcados;BRPNG;BRAM012
1556870;Cabotagem;2;Carga Conteinerizada;Conteinerizada;28,93;Desembarcados;BRPNG;BRAM012
1556870;Cabotagem;2;Carga Conteinerizada;Conteinerizada;28,97;Desembarcados;BRPNG;BRAM012
1556870;Cabotagem;2;Carga Conteinerizada;Conteinerizada;29;Desembarcados;BRPNG;BRAM012
1556870;Cabotagem;2;Carga Conteinerizada;Conteinerizada;29,3;Desembarcados;BRPNG;BRAM012
1556870;Cabotagem;2;Carga Conteinerizada;Conteinerizada;29,56;Desembarcados;BRPNG;BRAM012
1556870;Cabotagem;2;Carga Conteinerizada;Conteinerizada;29,74;Desembarcados;BRPNG;BRAM012
1556870;Cabotagem;2;Carga Conteinerizada;Conteinerizada;29,81;Desembarcados;BRPNG;BRAM012
1556870;Cabotagem;2;Carga Conteinerizada;Conteinerizada;29,81;Desembarcados;BRPNG;BRAM012
1556870;Cabotagem;2;Carga Conteinerizada;Conteinerizada;30,6;Desembarcados;BRPNG;BRAM012
1556870;Cabotagem;2;Carga Conteinerizada;Conteinerizada;31;Desembarcados;BRPNG;BRAM012
1556870;Cabotagem;2;Carga Conteinerizada;Conteinerizada;31,25;Desembarcados;BRPNG;BRAM012
1556870;Cabotagem;2;Carga Conteinerizada;Conteinerizada;31,55;Desembarcados;BRPNG;BRAM012
1556870;Cabotagem;2;Carga Conteinerizada;Conteinerizada;31,57;Desembarcados;BRPNG;BRAM012
1556870;Cabotagem;2;Carga Conteinerizada;Conteinerizada;31,81;Desembarcados;BRPNG;BRAM012
1556870;Cabotagem;2;Carga Conteinerizada;Conteinerizada;32,2;Desembarcados;BRPNG;BRAM012
1556870;Cabotagem;2;Carga Conteinerizada;Conteinerizada;3,98;Desembarcados;BRPNG;BRAM012
1556870;Cabotagem;2;Carga Conteinerizada;Conteinerizada;3,98;Desembarcados;BRPNG;BRAM012
1556870;Cabotagem;2;Carga Conteinerizada;Conteinerizada;3,98;Desembarcados;BRPNG;BRAM012
1556870;Cabotagem;2;Carga Conteinerizada;Conteinerizada;3,98;Desembarcados;BRPNG;BRAM012
1556870;Cabotagem;2;Carga Conteinerizada;Conteinerizada;3,98;Desembarcados;BRPNG;BRAM012
1556870;Cabotagem;2;Carga Conteinerizada;Conteinerizada;3,98;Desembarcados;BRPNG;BRAM012
1556870;Cabotagem;2;Carga Conteinerizada;Conteinerizada;3,98;Desembarcados;BRPNG;BRAM012
1556870;Cabotagem;2;Carga Conteinerizada;Conteinerizada;3,98;Desembarcados;BRPNG;BRAM012
1556870;Cabotagem;2;Carga Conteinerizada;Conteinerizada;3,98;Desembarcados;BRPNG;BRAM012
1556870;Cabotagem;2;Carga Conteinerizada;Conteinerizada;3,98;Desembarcados;BRPNG;BRAM012
1556870;Cabotagem;2;Carga Conteinerizada;Conteinerizada;3,98;Desembarcados;BRPNG;BRAM012
1556870;Cabotagem;2;Carga Conteinerizada;Conteinerizada;3,98;Desembarcados;BRPNG;BRAM012
1556870;Cabotagem;2;Carga Conteinerizada;Conteinerizada;3,98;Desembarcados;BRPNG;BRAM012
1556870;Cabotagem;2;Carga Conteinerizada;Conteinerizada;3,98;Desembarcados;BRPNG;BRAM012
1556870;Cabotagem;2;Carga Conteinerizada;Conteinerizada;3,98;Desembarcados;BRPNG;BRAM012
1556870;Cabotagem;2;Carga Conteinerizada;Conteinerizada;3,98;Desembarcados;BRPNG;BRAM012
1556870;Cabotagem;2;Carga Conteinerizada;Conteinerizada;3,98;Desembarcados;BRPNG;BRAM012
1556870;Cabotagem;2;Carga Conteinerizada;Conteinerizada;3,98;Desembarcados;BRPNG;BRAM012
1556870;Cabotagem;2;Carga Conteinerizada;Conteinerizada;3,98;Desembarcados;BRPNG;BRAM012
1556870;Cabotagem;2;Carga Conteinerizada;Conteinerizada;6,27;Desembarcados;BRPNG;BRAM012
1556870;Cabotagem;2;Carga Conteinerizada;Conteinerizada;6,41;Desembarcados;BRPNG;BRAM012
1556870;Cabotagem;2;Carga Conteinerizada;Conteinerizada;7,59;Desembarcados;BRPNG;BRAM012
1556870;Cabotagem;2;Carga Conteinerizada;Conteinerizada;8,03;Desembarcados;BRPNG;BRAM012
1556870;Cabotagem;2;Carga Conteinerizada;Conteinerizada;8,03;Desembarcados;BRPNG;BRAM012
1556870;Cabotagem;2;Carga Conteinerizada;Conteinerizada;8,14;Desembarcados;BRPNG;BRAM012
1556870;Cabotagem;2;Carga Conteinerizada;Conteinerizada;8,14;Desembarcados;BRPNG;BRAM012
1556870;Cabotagem;2;Carga Conteinerizada;Conteinerizada;8,15;Desembarcados;BRPNG;BRAM012
1556870;Cabotagem;2;Carga Conteinerizada;Conteinerizada;8,16;Desembarcados;BRPNG;BRAM012
1556870;Cabotagem;2;Carga Conteinerizada;Conteinerizada;8,28;Desembarcados;BRPNG;BRAM012
1556870;Cabotagem;2;Carga Conteinerizada;Conteinerizada;8,5;Desembarcados;BRPNG;BRAM012
1556870;Cabotagem;2;Carga Conteinerizada;Conteinerizada;8,79;Desembarcados;BRPNG;BRAM012
1556870;Cabotagem;2;Carga Conteinerizada;Conteinerizada;9;Desembarcados;BRPNG;BRAM012
1556870;Cabotagem;2;Carga Conteinerizada;Conteinerizada;9,05;Desembarcados;BRPNG;BRAM012
1556870;Cabotagem;2;Carga Conteinerizada;Conteinerizada;9,08;Desembarcados;BRPNG;BRAM012
1556870;Cabotagem;2;Carga Conteinerizada;Conteinerizada;9,15;Desembarcados;BRPNG;BRAM012
1556870;Cabotagem;2;Carga Conteinerizada;Conteinerizada;9,15;Desembarcados;BRPNG;BRAM012
1556870;Cabotagem;2;Carga Conteinerizada;Conteinerizada;9,16;Desembarcados;BRPNG;BRAM012
1556870;Cabotagem;2;Carga Conteinerizada;Conteinerizada;9,38;Desembarcados;BRPNG;BRAM012
1556870;Cabotagem;2;Carga Conteinerizada;Conteinerizada;9,4;Desembarcados;BRPNG;BRAM012
1556870;Cabotagem;2;Carga Conteinerizada;Conteinerizada;9,42;Desembarcados;BRPNG;BRAM012
1556870;Cabotagem;2;Carga Conteinerizada;Conteinerizada;9,42;Desembarcados;BRPNG;BRAM012
1556870;Cabotagem;2;Carga Conteinerizada;Conteinerizada;9,48;Desembarcados;BRPNG;BRAM012
1556870;Cabotagem;2;Carga Conteinerizada;Conteinerizada;9,66;Desembarcados;BRPNG;BRAM012
1556870;Cabotagem;2;Carga Conteinerizada;Conteinerizada;9,68;Desembarcados;BRPNG;BRAM012
1556870;Cabotagem;2;Carga Conteinerizada;Conteinerizada;9,68;Desembarcados;BRPNG;BRAM012
1556870;Cabotagem;2;Carga Conteinerizada;Conteinerizada;9,86;Desembarcados;BRPNG;BRAM012
1556870;Cabotagem;2;Carga Conteinerizada;Conteinerizada;9,89;Desembarcados;BRPNG;BRAM012
1556870;Cabotagem;2;Carga Conteinerizada;Conteinerizada;9,99;Desembarcados;BRPNG;BRAM012
1556870;Cabotagem;2;Carga Conteinerizada;Conteinerizada;12,42;Desembarcados;BRSSZ;BRAM012
1556870;Cabotagem;2;Carga Conteinerizada;Conteinerizada;12,52;Desembarcados;BRSSZ;BRAM012
1556870;Cabotagem;2;Carga Conteinerizada;Conteinerizada;14,31;Desembarcados;BRSSZ;BRAM012
1556870;Cabotagem;2;Carga Conteinerizada;Conteinerizada;15,09;Desembarcados;BRSSZ;BRAM012
1556870;Cabotagem;2;Carga Conteinerizada;Conteinerizada;15,3;Desembarcados;BRSSZ;BRAM012
1556870;Cabotagem;2;Carga Conteinerizada;Conteinerizada;15,31;Desembarcados;BRSSZ;BRAM012
1556870;Cabotagem;2;Carga Conteinerizada;Conteinerizada;16,47;Desembarcados;BRSSZ;BRAM012
1556870;Cabotagem;2;Carga Conteinerizada;Conteinerizada;17,25;Desembarcados;BRSSZ;BRAM012
1556870;Cabotagem;2;Carga Conteinerizada;Conteinerizada;17,83;Desembarcados;BRSSZ;BRAM012
1556870;Cabotagem;2;Carga Conteinerizada;Conteinerizada;18,1;Desembarcados;BRSSZ;BRAM012
1556870;Cabotagem;2;Carga Conteinerizada;Conteinerizada;19,05;Desembarcados;BRSSZ;BRAM012
1556870;Cabotagem;2;Carga Conteinerizada;Conteinerizada;23,68;Desembarcados;BRSSZ;BRAM012
1556870;Cabotagem;2;Carga Conteinerizada;Conteinerizada;27,36;Desembarcados;BRSSZ;BRAM012
1556870;Cabotagem;2;Carga Conteinerizada;Conteinerizada;28,02;Desembarcados;BRSSZ;BRAM012
1556870;Cabotagem;2;Carga Conteinerizada;Conteinerizada;28,63;Desembarcados;BRSSZ;BRAM012
1556870;Cabotagem;2;Carga Conteinerizada;Conteinerizada;28,72;Desembarcados;BRSSZ;BRAM012
1556870;Cabotagem;2;Carga Conteinerizada;Conteinerizada;28,94;Desembarcados;BRSSZ;BRAM012
1556870;Cabotagem;2;Carga Conteinerizada;Conteinerizada;28,96;Desembarcados;BRSSZ;BRAM012
1556870;Cabotagem;2;Carga Conteinerizada;Conteinerizada;29,07;Desembarcados;BRSSZ;BRAM012
1556870;Cabotagem;2;Carga Conteinerizada;Conteinerizada;29,1;Desembarcados;BRSSZ;BRAM012
1556870;Cabotagem;2;Carga Conteinerizada;Conteinerizada;29,24;Desembarcados;BRSSZ;BRAM012
1556870;Cabotagem;2;Carga Conteinerizada;Conteinerizada;29,27;Desembarcados;BRSSZ;BRAM012
1556870;Cabotagem;2;Carga Conteinerizada;Conteinerizada;29,4;Desembarcados;BRSSZ;BRAM012
1556870;Cabotagem;2;Carga Conteinerizada;Conteinerizada;29,57;Desembarcados;BRSSZ;BRAM012
1556870;Cabotagem;2;Carga Conteinerizada;Conteinerizada;29,68;Desembarcados;BRSSZ;BRAM012
1556870;Cabotagem;2;Carga Conteinerizada;Conteinerizada;29,82;Desembarcados;BRSSZ;BRAM012
1556870;Cabotagem;2;Carga Conteinerizada;Conteinerizada;29,84;Desembarcados;BRSSZ;BRAM012
1556870;Cabotagem;2;Carga Conteinerizada;Conteinerizada;29,9;Desembarcados;BRSSZ;BRAM012
1556870;Cabotagem;2;Carga Conteinerizada;Conteinerizada;29,92;Desembarcados;BRSSZ;BRAM012
1556870;Cabotagem;2;Carga Conteinerizada;Conteinerizada;30;Desembarcados;BRSSZ;BRAM012
1556870;Cabotagem;2;Carga Conteinerizada;Conteinerizada;30,02;Desembarcados;BRSSZ;BRAM012
1556870;Cabotagem;2;Carga Conteinerizada;Conteinerizada;30,08;Desembarcados;BRSSZ;BRAM012
1556870;Cabotagem;2;Carga Conteinerizada;Conteinerizada;30,15;Desembarcados;BRSSZ;BRAM012
1556870;Cabotagem;2;Carga Conteinerizada;Conteinerizada;30,15;Desembarcados;BRSSZ;BRAM012
1556870;Cabotagem;2;Carga Conteinerizada;Conteinerizada;30,25;Desembarcados;BRSSZ;BRAM012
1556870;Cabotagem;2;Carga Conteinerizada;Conteinerizada;30,29;Desembarcados;BRSSZ;BRAM012
1556870;Cabotagem;2;Carga Conteinerizada;Conteinerizada;30,49;Desembarcados;BRSSZ;BRAM012
1556870;Cabotagem;2;Carga Conteinerizada;Conteinerizada;30,6;Desembarcados;BRSSZ;BRAM012
1556870;Cabotagem;2;Carga Conteinerizada;Conteinerizada;30,62;Desembarcados;BRSSZ;BRAM012
1556870;Cabotagem;2;Carga Conteinerizada;Conteinerizada;30,63;Desembarcados;BRSSZ;BRAM012
1556870;Cabotagem;2;Carga Conteinerizada;Conteinerizada;30,65;Desembarcados;BRSSZ;BRAM012
1556870;Cabotagem;2;Carga Conteinerizada;Conteinerizada;30,66;Desembarcados;BRSSZ;BRAM012
1556870;Cabotagem;2;Carga Conteinerizada;Conteinerizada;30,69;Desembarcados;BRSSZ;BRAM012
1556870;Cabotagem;2;Carga Conteinerizada;Conteinerizada;30,69;Desembarcados;BRSSZ;BRAM012
1556870;Cabotagem;2;Carga Conteinerizada;Conteinerizada;30,69;Desembarcados;BRSSZ;BRAM012
1556870;Cabotagem;2;Carga Conteinerizada;Conteinerizada;30,72;Desembarcados;BRSSZ;BRAM012
1556870;Cabotagem;2;Carga Conteinerizada;Conteinerizada;30,73;Desembarcados;BRSSZ;BRAM012
1556870;Cabotagem;2;Carga Conteinerizada;Conteinerizada;30,74;Desembarcados;BRSSZ;BRAM012
1556870;Cabotagem;2;Carga Conteinerizada;Conteinerizada;30,74;Desembarcados;BRSSZ;BRAM012
1556870;Cabotagem;2;Carga Conteinerizada;Conteinerizada;30,79;Desembarcados;BRSSZ;BRAM012
1556870;Cabotagem;2;Carga Conteinerizada;Conteinerizada;30,81;Desembarcados;BRSSZ;BRAM012
1556870;Cabotagem;2;Carga Conteinerizada;Conteinerizada;30,82;Desembarcados;BRSSZ;BRAM012
1556870;Cabotagem;2;Carga Conteinerizada;Conteinerizada;30,83;Desembarcados;BRSSZ;BRAM012
1556870;Cabotagem;2;Carga Conteinerizada;Conteinerizada;30,83;Desembarcados;BRSSZ;BRAM012
1556870;Cabotagem;2;Carga Conteinerizada;Conteinerizada;30,84;Desembarcados;BRSSZ;BRAM012
1556870;Cabotagem;2;Carga Conteinerizada;Conteinerizada;30,87;Desembarcados;BRSSZ;BRAM012
1556870;Cabotagem;2;Carga Conteinerizada;Conteinerizada;30,87;Desembarcados;BRSSZ;BRAM012
1556870;Cabotagem;2;Carga Conteinerizada;Conteinerizada;31;Desembarcados;BRSSZ;BRAM012
1556870;Cabotagem;2;Carga Conteinerizada;Conteinerizada;31,03;Desembarcados;BRSSZ;BRAM012
1556870;Cabotagem;2;Carga Conteinerizada;Conteinerizada;31,04;Desembarcados;BRSSZ;BRAM012
1556870;Cabotagem;2;Carga Conteinerizada;Conteinerizada;31,06;Desembarcados;BRSSZ;BRAM012
1556870;Cabotagem;2;Carga Conteinerizada;Conteinerizada;31,08;Desembarcados;BRSSZ;BRAM012
1556870;Cabotagem;2;Carga Conteinerizada;Conteinerizada;31,11;Desembarcados;BRSSZ;BRAM012
1556870;Cabotagem;2;Carga Conteinerizada;Conteinerizada;31,14;Desembarcados;BRSSZ;BRAM012
1556870;Cabotagem;2;Carga Conteinerizada;Conteinerizada;31,22;Desembarcados;BRSSZ;BRAM012
1556870;Cabotagem;2;Carga Conteinerizada;Conteinerizada;31,25;Desembarcados;BRSSZ;BRAM012
1556870;Cabotagem;2;Carga Conteinerizada;Conteinerizada;31,25;Desembarcados;BRSSZ;BRAM012
1556870;Cabotagem;2;Carga Conteinerizada;Conteinerizada;31,27;Desembarcados;BRSSZ;BRAM012
1556870;Cabotagem;2;Carga Conteinerizada;Conteinerizada;31,28;Desembarcados;BRSSZ;BRAM012
1556870;Cabotagem;2;Carga Conteinerizada;Conteinerizada;31,28;Desembarcados;BRSSZ;BRAM012
1556870;Cabotagem;2;Carga Conteinerizada;Conteinerizada;31,29;Desembarcados;BRSSZ;BRAM012
1556870;Cabotagem;2;Carga Conteinerizada;Conteinerizada;31,3;Desembarcados;BRSSZ;BRAM012
1556870;Cabotagem;2;Carga Conteinerizada;Conteinerizada;31,32;Desembarcados;BRSSZ;BRAM012
1556870;Cabotagem;2;Carga Conteinerizada;Conteinerizada;31,35;Desembarcados;BRSSZ;BRAM012
1556870;Cabotagem;2;Carga Conteinerizada;Conteinerizada;31,36;Desembarcados;BRSSZ;BRAM012
1556870;Cabotagem;2;Carga Conteinerizada;Conteinerizada;31,42;Desembarcados;BRSSZ;BRAM012
1556870;Cabotagem;2;Carga Conteinerizada;Conteinerizada;31,54;Desembarcados;BRSSZ;BRAM012
1556870;Cabotagem;2;Carga Conteinerizada;Conteinerizada;31,56;Desembarcados;BRSSZ;BRAM012
1556870;Cabotagem;2;Carga Conteinerizada;Conteinerizada;31,6;Desembarcados;BRSSZ;BRAM012
1556870;Cabotagem;2;Carga Conteinerizada;Conteinerizada;31,65;Desembarcados;BRSSZ;BRAM012
1556870;Cabotagem;2;Carga Conteinerizada;Conteinerizada;31,79;Desembarcados;BRSSZ;BRAM012
1556870;Cabotagem;2;Carga Conteinerizada;Conteinerizada;31,94;Desembarcados;BRSSZ;BRAM012
1556870;Cabotagem;2;Carga Conteinerizada;Conteinerizada;31,95;Desembarcados;BRSSZ;BRAM012
1556870;Cabotagem;2;Carga Conteinerizada;Conteinerizada;31,96;Desembarcados;BRSSZ;BRAM012
1556870;Cabotagem;2;Carga Conteinerizada;Conteinerizada;32,41;Desembarcados;BRSSZ;BRAM012
1556870;Cabotagem;2;Carga Conteinerizada;Conteinerizada;32,66;Desembarcados;BRSSZ;BRAM012
1556870;Cabotagem;2;Carga Conteinerizada;Conteinerizada;33,75;Desembarcados;BRSSZ;BRAM012
1556870;Cabotagem;2;Carga Conteinerizada;Conteinerizada;5,39;Desembarcados;BRSSZ;BRAM012
1556870;Cabotagem;2;Carga Conteinerizada;Conteinerizada;5,41;Desembarcados;BRSSZ;BRAM012
1556870;Cabotagem;2;Carga Conteinerizada;Conteinerizada;5,42;Desembarcados;BRSSZ;BRAM012
1556870;Cabotagem;2;Carga Conteinerizada;Conteinerizada;5,49;Desembarcados;BRSSZ;BRAM012
1556870;Cabotagem;2;Carga Conteinerizada;Conteinerizada;5,49;Desembarcados;BRSSZ;BRAM012
1556870;Cabotagem;2;Carga Conteinerizada;Conteinerizada;5,54;Desembarcados;BRSSZ;BRAM012
1556870;Cabotagem;2;Carga Conteinerizada;Conteinerizada;5,54;Desembarcados;BRSSZ;BRAM012
1556870;Cabotagem;2;Carga Conteinerizada;Conteinerizada;5,56;Desembarcados;BRSSZ;BRAM012
1556870;Cabotagem;2;Carga Conteinerizada;Conteinerizada;5,56;Desembarcados;BRSSZ;BRAM012
1556870;Cabotagem;2;Carga Conteinerizada;Conteinerizada;5,6;Desembarcados;BRSSZ;BRAM012
1556870;Cabotagem;2;Carga Conteinerizada;Conteinerizada;5,63;Desembarcados;BRSSZ;BRAM012
1556870;Cabotagem;2;Carga Conteinerizada;Conteinerizada;7,55;Desembarcados;BRSSZ;BRAM012
1556870;Cabotagem;2;Carga Conteinerizada;Conteinerizada;7,56;Desembarcados;BRSSZ;BRAM012
1556870;Cabotagem;2;Carga Conteinerizada;Conteinerizada;7,66;Desembarcados;BRSSZ;BRAM012
1556870;Cabotagem;2;Carga Conteinerizada;Conteinerizada;7,77;Desembarcados;BRSSZ;BRAM012
1556870;Cabotagem;2;Carga Conteinerizada;Conteinerizada;7,88;Desembarcados;BRSSZ;BRAM012
1556870;Cabotagem;2;Carga Conteinerizada;Conteinerizada;8,13;Desembarcados;BRSSZ;BRAM012
1556870;Cabotagem;2;Carga Conteinerizada;Conteinerizada;8,14;Desembarcados;BRSSZ;BRAM012
1556870;Cabotagem;2;Carga Conteinerizada;Conteinerizada;8,15;Desembarcados;BRSSZ;BRAM012
1556870;Cabotagem;2;Carga Conteinerizada;Conteinerizada;8,19;Desembarcados;BRSSZ;BRAM012
1556870;Cabotagem;2;Carga Conteinerizada;Conteinerizada;8,68;Desembarcados;BRSSZ;BRAM012
1556870;Cabotagem;2;Carga Conteinerizada;Conteinerizada;8,78;Desembarcados;BRSSZ;BRAM012
1556870;Cabotagem;2;Carga Conteinerizada;Conteinerizada;8,89;Desembarcados;BRSSZ;BRAM012
1556870;Cabotagem;2;Carga Conteinerizada;Conteinerizada;8,95;Desembarcados;BRSSZ;BRAM012
1556870;Cabotagem;2;Carga Conteinerizada;Conteinerizada;8,97;Desembarcados;BRSSZ;BRAM012
1556870;Cabotagem;2;Carga Conteinerizada;Conteinerizada;9,06;Desembarcados;BRSSZ;BRAM012
1556870;Cabotagem;2;Carga Conteinerizada;Conteinerizada;9,1;Desembarcados;BRSSZ;BRAM012
1556870;Cabotagem;2;Carga Conteinerizada;Conteinerizada;9,12;Desembarcados;BRSSZ;BRAM012
1556870;Cabotagem;2;Carga Conteinerizada;Conteinerizada;9,13;Desembarcados;BRSSZ;BRAM012
1556870;Cabotagem;2;Carga Conteinerizada;Conteinerizada;9,18;Desembarcados;BRSSZ;BRAM012
1556870;Cabotagem;2;Carga Conteinerizada;Conteinerizada;9,19;Desembarcados;BRSSZ;BRAM012
1556870;Cabotagem;2;Carga Conteinerizada;Conteinerizada;9,2;Desembarcados;BRSSZ;BRAM012
1556870;Cabotagem;2;Carga Conteinerizada;Conteinerizada;9,21;Desembarcados;BRSSZ;BRAM012
1556870;Cabotagem;2;Carga Conteinerizada;Conteinerizada;9,21;Desembarcados;BRSSZ;BRAM012
1556870;Cabotagem;2;Carga Conteinerizada;Conteinerizada;9,26;Desembarcados;BRSSZ;BRAM012
1556870;Cabotagem;2;Carga Conteinerizada;Conteinerizada;9,26;Desembarcados;BRSSZ;BRAM012
1556870;Cabotagem;2;Carga Conteinerizada;Conteinerizada;9,27;Desembarcados;BRSSZ;BRAM012
1556870;Cabotagem;2;Carga Conteinerizada;Conteinerizada;9,27;Desembarcados;BRSSZ;BRAM012
1556870;Cabotagem;2;Carga Conteinerizada;Conteinerizada;9,28;Desembarcados;BRSSZ;BRAM012
1556870;Cabotagem;2;Carga Conteinerizada;Conteinerizada;9,28;Desembarcados;BRSSZ;BRAM012
1556870;Cabotagem;2;Carga Conteinerizada;Conteinerizada;9,3;Desembarcados;BRSSZ;BRAM012
1556870;Cabotagem;2;Carga Conteinerizada;Conteinerizada;9,31;Desembarcados;BRSSZ;BRAM012
1556870;Cabotagem;2;Carga Conteinerizada;Conteinerizada;9,32;Desembarcados;BRSSZ;BRAM012
1556870;Cabotagem;2;Carga Conteinerizada;Conteinerizada;9,32;Desembarcados;BRSSZ;BRAM012
1556870;Cabotagem;2;Carga Conteinerizada;Conteinerizada;9,38;Desembarcados;BRSSZ;BRAM012
1556870;Cabotagem;2;Carga Conteinerizada;Conteinerizada;9,38;Desembarcados;BRSSZ;BRAM012
1556870;Cabotagem;2;Carga Conteinerizada;Conteinerizada;9,38;Desembarcados;BRSSZ;BRAM012
1556870;Cabotagem;2;Carga Conteinerizada;Conteinerizada;9,39;Desembarcados;BRSSZ;BRAM012
1556870;Cabotagem;2;Carga Conteinerizada;Conteinerizada;9,39;Desembarcados;BRSSZ;BRAM012
1556870;Cabotagem;2;Carga Conteinerizada;Conteinerizada;9,39;Desembarcados;BRSSZ;BRAM012
1556870;Cabotagem;2;Carga Conteinerizada;Conteinerizada;9,43;Desembarcados;BRSSZ;BRAM012
1556870;Cabotagem;2;Carga Conteinerizada;Conteinerizada;9,44;Desembarcados;BRSSZ;BRAM012
1556870;Cabotagem;2;Carga Conteinerizada;Conteinerizada;9,49;Desembarcados;BRSSZ;BRAM012
1556870;Cabotagem;2;Carga Conteinerizada;Conteinerizada;9,52;Desembarcados;BRSSZ;BRAM012
1556870;Cabotagem;2;Carga Conteinerizada;Conteinerizada;9,7;Desembarcados;BRSSZ;BRAM012
1556870;Cabotagem;2;Carga Conteinerizada;Conteinerizada;9,85;Desembarcados;BRSSZ;BRAM012
1556870;Cabotagem;2;Carga Conteinerizada;Conteinerizada;9,91;Desembarcados;BRSSZ;BRAM012
1556870;Cabotagem;2;Carga Conteinerizada;Conteinerizada;10,16;Desembarcados;BRSUA;BRAM012
1556870;Cabotagem;2;Carga Conteinerizada;Conteinerizada;10,16;Desembarcados;BRSUA;BRAM012
1556870;Cabotagem;2;Carga Conteinerizada;Conteinerizada;12,29;Desembarcados;BRSUA;BRAM012
1556870;Cabotagem;2;Carga Conteinerizada;Conteinerizada;12,67;Desembarcados;BRSUA;BRAM012
1556870;Cabotagem;2;Carga Conteinerizada;Conteinerizada;15,49;Desembarcados;BRSUA;BRAM012
1556870;Cabotagem;2;Carga Conteinerizada;Conteinerizada;15,73;Desembarcados;BRSUA;BRAM012
1556870;Cabotagem;2;Carga Conteinerizada;Conteinerizada;18,03;Desembarcados;BRSUA;BRAM012
1556870;Cabotagem;2;Carga Conteinerizada;Conteinerizada;18,92;Desembarcados;BRSUA;BRAM012
1556870;Cabotagem;2;Carga Conteinerizada;Conteinerizada;19,83;Desembarcados;BRSUA;BRAM012
1556870;Cabotagem;2;Carga Conteinerizada;Conteinerizada;20,52;Desembarcados;BRSUA;BRAM012
1556870;Cabotagem;2;Carga Conteinerizada;Conteinerizada;21,8;Desembarcados;BRSUA;BRAM012
1556870;Cabotagem;2;Carga Conteinerizada;Conteinerizada;22,27;Desembarcados;BRSUA;BRAM012
1556870;Cabotagem;2;Carga Conteinerizada;Conteinerizada;22,31;Desembarcados;BRSUA;BRAM012
1556870;Cabotagem;2;Carga Conteinerizada;Conteinerizada;22,86;Desembarcados;BRSUA;BRAM012
1556870;Cabotagem;2;Carga Conteinerizada;Conteinerizada;22,89;Desembarcados;BRSUA;BRAM012
1556870;Cabotagem;2;Carga Conteinerizada;Conteinerizada;22,92;Desembarcados;BRSUA;BRAM012
1556870;Cabotagem;2;Carga Conteinerizada;Conteinerizada;24,03;Desembarcados;BRSUA;BRAM012
1556870;Cabotagem;2;Carga Conteinerizada;Conteinerizada;24,35;Desembarcados;BRSUA;BRAM012
1556870;Cabotagem;2;Carga Conteinerizada;Conteinerizada;24,35;Desembarcados;BRSUA;BRAM012
1556870;Cabotagem;2;Carga Conteinerizada;Conteinerizada;24,35;Desembarcados;BRSUA;BRAM012
1556870;Cabotagem;2;Carga Conteinerizada;Conteinerizada;24,35;Desembarcados;BRSUA;BRAM012
1556870;Cabotagem;2;Carga Conteinerizada;Conteinerizada;24,35;Desembarcados;BRSUA;BRAM012
1556870;Cabotagem;2;Carga Conteinerizada;Conteinerizada;24,53;Desembarcados;BRSUA;BRAM012
1556870;Cabotagem;2;Carga Conteinerizada;Conteinerizada;24,79;Desembarcados;BRSUA;BRAM012
1556870;Cabotagem;2;Carga Conteinerizada;Conteinerizada;24,8;Desembarcados;BRSUA;BRAM012
1556870;Cabotagem;2;Carga Conteinerizada;Conteinerizada;24,84;Desembarcados;BRSUA;BRAM012
1556870;Cabotagem;2;Carga Conteinerizada;Conteinerizada;25,02;Desembarcados;BRSUA;BRAM012
1556870;Cabotagem;2;Carga Conteinerizada;Conteinerizada;25,23;Desembarcados;BRSUA;BRAM012
1556870;Cabotagem;2;Carga Conteinerizada;Conteinerizada;25,8;Desembarcados;BRSUA;BRAM012
1556870;Cabotagem;2;Carga Conteinerizada;Conteinerizada;25,89;Desembarcados;BRSUA;BRAM012
1556870;Cabotagem;2;Carga Conteinerizada;Conteinerizada;26,21;Desembarcados;BRSUA;BRAM012
1556870;Cabotagem;2;Carga Conteinerizada;Conteinerizada;26,22;Desembarcados;BRSUA;BRAM012
1556870;Cabotagem;2;Carga Conteinerizada;Conteinerizada;26,73;Desembarcados;BRSUA;BRAM012
1556870;Cabotagem;2;Carga Conteinerizada;Conteinerizada;27,31;Desembarcados;BRSUA;BRAM012
1556870;Cabotagem;2;Carga Conteinerizada;Conteinerizada;27,51;Desembarcados;BRSUA;BRAM012
1556870;Cabotagem;2;Carga Conteinerizada;Conteinerizada;27,62;Desembarcados;BRSUA;BRAM012
1556870;Cabotagem;2;Carga Conteinerizada;Conteinerizada;28,31;Desembarcados;BRSUA;BRAM012
1556870;Cabotagem;2;Carga Conteinerizada;Conteinerizada;28,77;Desembarcados;BRSUA;BRAM012
1556870;Cabotagem;2;Carga Conteinerizada;Conteinerizada;28,79;Desembarcados;BRSUA;BRAM012
1556870;Cabotagem;2;Carga Conteinerizada;Conteinerizada;29,02;Desembarcados;BRSUA;BRAM012
1556870;Cabotagem;2;Carga Conteinerizada;Conteinerizada;29,07;Desembarcados;BRSUA;BRAM012
1556870;Cabotagem;2;Carga Conteinerizada;Conteinerizada;29,19;Desembarcados;BRSUA;BRAM012
1556870;Cabotagem;2;Carga Conteinerizada;Conteinerizada;29,2;Desembarcados;BRSUA;BRAM012
1556870;Cabotagem;2;Carga Conteinerizada;Conteinerizada;29,43;Desembarcados;BRSUA;BRAM012
1556870;Cabotagem;2;Carga Conteinerizada;Conteinerizada;29,47;Desembarcados;BRSUA;BRAM012
1556870;Cabotagem;2;Carga Conteinerizada;Conteinerizada;29,49;Desembarcados;BRSUA;BRAM012
1556870;Cabotagem;2;Carga Conteinerizada;Conteinerizada;29,6;Desembarcados;BRSUA;BRAM012
1556870;Cabotagem;2;Carga Conteinerizada;Conteinerizada;29,6;Desembarcados;BRSUA;BRAM012
1556870;Cabotagem;2;Carga Conteinerizada;Conteinerizada;31,29;Desembarcados;BRSUA;BRAM012
1556870;Cabotagem;2;Carga Conteinerizada;Conteinerizada;31,93;Desembarcados;BRSUA;BRAM012
1556870;Cabotagem;2;Carga Conteinerizada;Conteinerizada;31,95;Desembarcados;BRSUA;BRAM012
1556870;Cabotagem;2;Carga Conteinerizada;Conteinerizada;31,99;Desembarcados;BRSUA;BRAM012
1556870;Cabotagem;2;Carga Conteinerizada;Conteinerizada;32;Desembarcados;BRSUA;BRAM012
1556870;Cabotagem;2;Carga Conteinerizada;Conteinerizada;32;Desembarcados;BRSUA;BRAM012
1556870;Cabotagem;2;Carga Conteinerizada;Conteinerizada;32;Desembarcados;BRSUA;BRAM012
1556870;Cabotagem;2;Carga Conteinerizada;Conteinerizada;32;Desembarcados;BRSUA;BRAM012
1556870;Cabotagem;2;Carga Conteinerizada;Conteinerizada;32;Desembarcados;BRSUA;BRAM012
1556870;Cabotagem;2;Carga Conteinerizada;Conteinerizada;32;Desembarcados;BRSUA;BRAM012
1556870;Cabotagem;2;Carga Conteinerizada;Conteinerizada;32;Desembarcados;BRSUA;BRAM012
1556870;Cabotagem;2;Carga Conteinerizada;Conteinerizada;32;Desembarcados;BRSUA;BRAM012
1556870;Cabotagem;2;Carga Conteinerizada;Conteinerizada;32;Desembarcados;BRSUA;BRAM012
1556870;Cabotagem;2;Carga Conteinerizada;Conteinerizada;32;Desembarcados;BRSUA;BRAM012
1556870;Cabotagem;2;Carga Conteinerizada;Conteinerizada;32;Desembarcados;BRSUA;BRAM012
1556870;Cabotagem;2;Carga Conteinerizada;Conteinerizada;32;Desembarcados;BRSUA;BRAM012
1556870;Cabotagem;2;Carga Conteinerizada;Conteinerizada;32;Desembarcados;BRSUA;BRAM012
1556870;Cabotagem;2;Carga Conteinerizada;Conteinerizada;32;Desembarcados;BRSUA;BRAM012
1556870;Cabotagem;2;Carga Conteinerizada;Conteinerizada;32;Desembarcados;BRSUA;BRAM012
1556870;Cabotagem;2;Carga Conteinerizada;Conteinerizada;32;Desembarcados;BRSUA;BRAM012
1556870;Cabotagem;2;Carga Conteinerizada;Conteinerizada;32;Desembarcados;BRSUA;BRAM012
1556870;Cabotagem;2;Carga Conteinerizada;Conteinerizada;32;Desembarcados;BRSUA;BRAM012
1556870;Cabotagem;2;Carga Conteinerizada;Conteinerizada;32;Desembarcados;BRSUA;BRAM012
1556870;Cabotagem;2;Carga Conteinerizada;Conteinerizada;32;Desembarcados;BRSUA;BRAM012
1556870;Cabotagem;2;Carga Conteinerizada;Conteinerizada;32,08;Desembarcados;BRSUA;BRAM012
1556870;Cabotagem;2;Carga Conteinerizada;Conteinerizada;32,09;Desembarcados;BRSUA;BRAM012
1556870;Cabotagem;2;Carga Conteinerizada;Conteinerizada;32,1;Desembarcados;BRSUA;BRAM012
1556870;Cabotagem;2;Carga Conteinerizada;Conteinerizada;32,23;Desembarcados;BRSUA;BRAM012
1556870;Cabotagem;2;Carga Conteinerizada;Conteinerizada;32,26;Desembarcados;BRSUA;BRAM012
1556870;Cabotagem;2;Carga Conteinerizada;Conteinerizada;32,4;Desembarcados;BRSUA;BRAM012
1556870;Cabotagem;2;Carga Conteinerizada;Conteinerizada;32,42;Desembarcados;BRSUA;BRAM012
1556870;Cabotagem;2;Carga Conteinerizada;Conteinerizada;32,45;Desembarcados;BRSUA;BRAM012
1556870;Cabotagem;2;Carga Conteinerizada;Conteinerizada;32,45;Desembarcados;BRSUA;BRAM012
1556870;Cabotagem;2;Carga Conteinerizada;Conteinerizada;4,75;Desembarcados;BRSUA;BRAM012
1556870;Cabotagem;2;Carga Conteinerizada;Conteinerizada;4,78;Desembarcados;BRSUA;BRAM012
1556870;Cabotagem;2;Carga Conteinerizada;Conteinerizada;4,78;Desembarcados;BRSUA;BRAM012
1556870;Cabotagem;2;Carga Conteinerizada;Conteinerizada;4,79;Desembarcados;BRSUA;BRAM012
1556870;Cabotagem;2;Carga Conteinerizada;Conteinerizada;4,79;Desembarcados;BRSUA;BRAM012
1556870;Cabotagem;2;Carga Conteinerizada;Conteinerizada;4,79;Desembarcados;BRSUA;BRAM012
1556870;Cabotagem;2;Carga Conteinerizada;Conteinerizada;4,81;Desembarcados;BRSUA;BRAM012
1556870;Cabotagem;2;Carga Conteinerizada;Conteinerizada;4,81;Desembarcados;BRSUA;BRAM012
1556870;Cabotagem;2;Carga Conteinerizada;Conteinerizada;5,19;Desembarcados;BRSUA;BRAM012
1556870;Cabotagem;2;Carga Conteinerizada;Conteinerizada;5,24;Desembarcados;BRSUA;BRAM012
1556870;Cabotagem;2;Carga Conteinerizada;Conteinerizada;5,27;Desembarcados;BRSUA;BRAM012
1556870;Cabotagem;2;Carga Conteinerizada;Conteinerizada;5,31;Desembarcados;BRSUA;BRAM012
1556870;Cabotagem;2;Carga Conteinerizada;Conteinerizada;5,37;Desembarcados;BRSUA;BRAM012
1556870;Cabotagem;2;Carga Conteinerizada;Conteinerizada;5,72;Desembarcados;BRSUA;BRAM012
1556870;Cabotagem;2;Carga Conteinerizada;Conteinerizada;5,95;Desembarcados;BRSUA;BRAM012
1556870;Cabotagem;2;Carga Conteinerizada;Conteinerizada;5,95;Desembarcados;BRSUA;BRAM012
1556870;Cabotagem;2;Carga Conteinerizada;Conteinerizada;5,95;Desembarcados;BRSUA;BRAM012
1556870;Cabotagem;2;Carga Conteinerizada;Conteinerizada;8,92;Desembarcados;BRSUA;BRAM012
1556870;Cabotagem;2;Carga Conteinerizada;Conteinerizada;9,39;Desembarcados;BRSUA;BRAM012
1556870;Cabotagem;2;Carga Conteinerizada;Conteinerizada;27,23;Desembarcados;BRPNG;BRAM012
1556870;Cabotagem;2;Carga Conteinerizada;Conteinerizada;33,92;Desembarcados;BRPNG;BRAM012
1556870;Cabotagem;2;Carga Conteinerizada;Conteinerizada;33,38;Desembarcados;BRSSZ;BRAM012
1556870;Cabotagem;1;Carga Conteinerizada;Conteinerizada;3,7;Embarcados;BRAM012;BRITJ
1556870;Cabotagem;1;Carga Conteinerizada;Conteinerizada;3,7;Embarcados;BRAM012;BRITJ
1556870;Cabotagem;2;Carga Conteinerizada;Conteinerizada;27,51;Embarcados;BRAM012;BRCE001
1556870;Cabotagem;2;Carga Conteinerizada;Conteinerizada;27,53;Embarcados;BRAM012;BRCE001
1556870;Cabotagem;2;Carga Conteinerizada;Conteinerizada;27,53;Embarcados;BRAM012;BRCE001
1556870;Cabotagem;2;Carga Conteinerizada;Conteinerizada;27,53;Embarcados;BRAM012;BRCE001
1556870;Cabotagem;2;Carga Conteinerizada;Conteinerizada;27,73;Embarcados;BRAM012;BRCE001
1556870;Cabotagem;2;Carga Conteinerizada;Conteinerizada;27,78;Embarcados;BRAM012;BRCE001
1556870;Cabotagem;2;Carga Conteinerizada;Conteinerizada;10,96;Embarcados;BRAM012;BRITJ
1556870;Cabotagem;2;Carga Conteinerizada;Conteinerizada;11,67;Embarcados;BRAM012;BRITJ
1556870;Cabotagem;2;Carga Conteinerizada;Conteinerizada;12,07;Embarcados;BRAM012;BRITJ
1556870;Cabotagem;2;Carga Conteinerizada;Conteinerizada;14,4;Embarcados;BRAM012;BRITJ
1556870;Cabotagem;2;Carga Conteinerizada;Conteinerizada;15,28;Embarcados;BRAM012;BRITJ
1556870;Cabotagem;2;Carga Conteinerizada;Conteinerizada;17,44;Embarcados;BRAM012;BRITJ
1556870;Cabotagem;2;Carga Conteinerizada;Conteinerizada;28,05;Embarcados;BRAM012;BRITJ
1556870;Cabotagem;2;Carga Conteinerizada;Conteinerizada;28,18;Embarcados;BRAM012;BRITJ
1556870;Cabotagem;2;Carga Conteinerizada;Conteinerizada;28,44;Embarcados;BRAM012;BRITJ
1556870;Cabotagem;2;Carga Conteinerizada;Conteinerizada;29,53;Embarcados;BRAM012;BRITJ
1556870;Cabotagem;2;Carga Conteinerizada;Conteinerizada;29,82;Embarcados;BRAM012;BRITJ
1556870;Cabotagem;2;Carga Conteinerizada;Conteinerizada;30,4;Embarcados;BRAM012;BRITJ
1556870;Cabotagem;2;Carga Conteinerizada;Conteinerizada;30,84;Embarcados;BRAM012;BRITJ
1556870;Cabotagem;2;Carga Conteinerizada;Conteinerizada;30,87;Embarcados;BRAM012;BRITJ
1556870;Cabotagem;2;Carga Conteinerizada;Conteinerizada;30,94;Embarcados;BRAM012;BRITJ
1556870;Cabotagem;2;Carga Conteinerizada;Conteinerizada;31,37;Embarcados;BRAM012;BRITJ
1556870;Cabotagem;2;Carga Conteinerizada;Conteinerizada;31,42;Embarcados;BRAM012;BRITJ
1556870;Cabotagem;2;Carga Conteinerizada;Conteinerizada;31,42;Embarcados;BRAM012;BRITJ
1556870;Cabotagem;2;Carga Conteinerizada;Conteinerizada;31,45;Embarcados;BRAM012;BRITJ
1556870;Cabotagem;2;Carga Conteinerizada;Conteinerizada;31,51;Embarcados;BRAM012;BRITJ
1556870;Cabotagem;2;Carga Conteinerizada;Conteinerizada;31,61;Embarcados;BRAM012;BRITJ
1556870;Cabotagem;2;Carga Conteinerizada;Conteinerizada;31,61;Embarcados;BRAM012;BRITJ
1556870;Cabotagem;2;Carga Conteinerizada;Conteinerizada;31,63;Embarcados;BRAM012;BRITJ
1556870;Cabotagem;2;Carga Conteinerizada;Conteinerizada;31,64;Embarcados;BRAM012;BRITJ
1556870;Cabotagem;2;Carga Conteinerizada;Conteinerizada;31,65;Embarcados;BRAM012;BRITJ
1556870;Cabotagem;2;Carga Conteinerizada;Conteinerizada;31,65;Embarcados;BRAM012;BRITJ
1556870;Cabotagem;2;Carga Conteinerizada;Conteinerizada;31,67;Embarcados;BRAM012;BRITJ
1556870;Cabotagem;2;Carga Conteinerizada;Conteinerizada;31,68;Embarcados;BRAM012;BRITJ
1556870;Cabotagem;2;Carga Conteinerizada;Conteinerizada;31,76;Embarcados;BRAM012;BRITJ
1556870;Cabotagem;2;Carga Conteinerizada;Conteinerizada;31,86;Embarcados;BRAM012;BRITJ
1556870;Cabotagem;2;Carga Conteinerizada;Conteinerizada;31,87;Embarcados;BRAM012;BRITJ
1556870;Cabotagem;2;Carga Conteinerizada;Conteinerizada;31,89;Embarcados;BRAM012;BRITJ
1556870;Cabotagem;2;Carga Conteinerizada;Conteinerizada;31,99;Embarcados;BRAM012;BRITJ
1556870;Cabotagem;2;Carga Conteinerizada;Conteinerizada;31,99;Embarcados;BRAM012;BRITJ
1556870;Cabotagem;2;Carga Conteinerizada;Conteinerizada;32,08;Embarcados;BRAM012;BRITJ
1556870;Cabotagem;2;Carga Conteinerizada;Conteinerizada;32,14;Embarcados;BRAM012;BRITJ
1556870;Cabotagem;2;Carga Conteinerizada;Conteinerizada;32,16;Embarcados;BRAM012;BRITJ
1556870;Cabotagem;2;Carga Conteinerizada;Conteinerizada;32,18;Embarcados;BRAM012;BRITJ
1556870;Cabotagem;2;Carga Conteinerizada;Conteinerizada;32,2;Embarcados;BRAM012;BRITJ
1556870;Cabotagem;2;Carga Conteinerizada;Conteinerizada;32,29;Embarcados;BRAM012;BRITJ
1556870;Cabotagem;2;Carga Conteinerizada;Conteinerizada;32,41;Embarcados;BRAM012;BRITJ
1556870;Cabotagem;2;Carga Conteinerizada;Conteinerizada;32,48;Embarcados;BRAM012;BRITJ
1556870;Cabotagem;2;Carga Conteinerizada;Conteinerizada;13,11;Embarcados;BRAM012;BRPNG
1556870;Cabotagem;2;Carga Conteinerizada;Conteinerizada;16,18;Embarcados;BRAM012;BRPNG
1556870;Cabotagem;2;Carga Conteinerizada;Conteinerizada;17,81;Embarcados;BRAM012;BRPNG
1556870;Cabotagem;2;Carga Conteinerizada;Conteinerizada;18,58;Embarcados;BRAM012;BRPNG
1556870;Cabotagem;2;Carga Conteinerizada;Conteinerizada;19,74;Embarcados;BRAM012;BRPNG
1556870;Cabotagem;2;Carga Conteinerizada;Conteinerizada;19,85;Embarcados;BRAM012;BRPNG
1556870;Cabotagem;2;Carga Conteinerizada;Conteinerizada;19,96;Embarcados;BRAM012;BRPNG
1556870;Cabotagem;2;Carga Conteinerizada;Conteinerizada;23,48;Embarcados;BRAM012;BRPNG
1556870;Cabotagem;2;Carga Conteinerizada;Conteinerizada;23,8;Embarcados;BRAM012;BRPNG
1556870;Cabotagem;2;Carga Conteinerizada;Conteinerizada;24,21;Embarcados;BRAM012;BRPNG
1556870;Cabotagem;2;Carga Conteinerizada;Conteinerizada;27,91;Embarcados;BRAM012;BRPNG
1556870;Cabotagem;2;Carga Conteinerizada;Conteinerizada;29,32;Embarcados;BRAM012;BRPNG
1556870;Cabotagem;2;Carga Conteinerizada;Conteinerizada;30,02;Embarcados;BRAM012;BRPNG
1556870;Cabotagem;2;Carga Conteinerizada;Conteinerizada;30,04;Embarcados;BRAM012;BRPNG
1556870;Cabotagem;2;Carga Conteinerizada;Conteinerizada;30,3;Embarcados;BRAM012;BRPNG
1556870;Cabotagem;2;Carga Conteinerizada;Conteinerizada;30,45;Embarcados;BRAM012;BRPNG
1556870;Cabotagem;2;Carga Conteinerizada;Conteinerizada;31,27;Embarcados;BRAM012;BRPNG
1556870;Cabotagem;2;Carga Conteinerizada;Conteinerizada;31,38;Embarcados;BRAM012;BRPNG
1556870;Cabotagem;2;Carga Conteinerizada;Conteinerizada;31,4;Embarcados;BRAM012;BRPNG
1556870;Cabotagem;2;Carga Conteinerizada;Conteinerizada;31,41;Embarcados;BRAM012;BRPNG
1556870;Cabotagem;2;Carga Conteinerizada;Conteinerizada;31,43;Embarcados;BRAM012;BRPNG
1556870;Cabotagem;2;Carga Conteinerizada;Conteinerizada;31,65;Embarcados;BRAM012;BRPNG
1556870;Cabotagem;2;Carga Conteinerizada;Conteinerizada;31,66;Embarcados;BRAM012;BRPNG
1556870;Cabotagem;2;Carga Conteinerizada;Conteinerizada;31,76;Embarcados;BRAM012;BRPNG
1556870;Cabotagem;2;Carga Conteinerizada;Conteinerizada;31,86;Embarcados;BRAM012;BRPNG
1556870;Cabotagem;2;Carga Conteinerizada;Conteinerizada;32,03;Embarcados;BRAM012;BRPNG
1556870;Cabotagem;2;Carga Conteinerizada;Conteinerizada;32,03;Embarcados;BRAM012;BRPNG
1556870;Cabotagem;2;Carga Conteinerizada;Conteinerizada;32,06;Embarcados;BRAM012;BRPNG
1556870;Cabotagem;2;Carga Conteinerizada;Conteinerizada;32,2;Embarcados;BRAM012;BRPNG
1556870;Cabotagem;2;Carga Conteinerizada;Conteinerizada;32,2;Embarcados;BRAM012;BRPNG
1556870;Cabotagem;2;Carga Conteinerizada;Conteinerizada;32,35;Embarcados;BRAM012;BRPNG
1556870;Cabotagem;2;Carga Conteinerizada;Conteinerizada;32,46;Embarcados;BRAM012;BRPNG
1556870;Cabotagem;2;Carga Conteinerizada;Conteinerizada;10,01;Embarcados;BRAM012;BRSSZ
1556870;Cabotagem;2;Carga Conteinerizada;Conteinerizada;10,03;Embarcados;BRAM012;BRSSZ
1556870;Cabotagem;2;Carga Conteinerizada;Conteinerizada;10,18;Embarcados;BRAM012;BRSSZ
1556870;Cabotagem;2;Carga Conteinerizada;Conteinerizada;10,29;Embarcados;BRAM012;BRSSZ
1556870;Cabotagem;2;Carga Conteinerizada;Conteinerizada;10,29;Embarcados;BRAM012;BRSSZ
1556870;Cabotagem;2;Carga Conteinerizada;Conteinerizada;10,44;Embarcados;BRAM012;BRSSZ
1556870;Cabotagem;2;Carga Conteinerizada;Conteinerizada;10,62;Embarcados;BRAM012;BRSSZ
1556870;Cabotagem;2;Carga Conteinerizada;Conteinerizada;10,64;Embarcados;BRAM012;BRSSZ
1556870;Cabotagem;2;Carga Conteinerizada;Conteinerizada;10,72;Embarcados;BRAM012;BRSSZ
1556870;Cabotagem;2;Carga Conteinerizada;Conteinerizada;10,99;Embarcados;BRAM012;BRSSZ
1556870;Cabotagem;2;Carga Conteinerizada;Conteinerizada;11,09;Embarcados;BRAM012;BRSSZ
1556870;Cabotagem;2;Carga Conteinerizada;Conteinerizada;11,23;Embarcados;BRAM012;BRSSZ
1556870;Cabotagem;2;Carga Conteinerizada;Conteinerizada;11,25;Embarcados;BRAM012;BRSSZ
1556870;Cabotagem;2;Carga Conteinerizada;Conteinerizada;11,38;Embarcados;BRAM012;BRSSZ
1556870;Cabotagem;2;Carga Conteinerizada;Conteinerizada;11,38;Embarcados;BRAM012;BRSSZ
1556870;Cabotagem;2;Carga Conteinerizada;Conteinerizada;11,4;Embarcados;BRAM012;BRSSZ
1556870;Cabotagem;2;Carga Conteinerizada;Conteinerizada;11,52;Embarcados;BRAM012;BRSSZ
1556870;Cabotagem;2;Carga Conteinerizada;Conteinerizada;11,56;Embarcados;BRAM012;BRSSZ
1556870;Cabotagem;2;Carga Conteinerizada;Conteinerizada;11,56;Embarcados;BRAM012;BRSSZ
1556870;Cabotagem;2;Carga Conteinerizada;Conteinerizada;11,57;Embarcados;BRAM012;BRSSZ
1556870;Cabotagem;2;Carga Conteinerizada;Conteinerizada;11,65;Embarcados;BRAM012;BRSSZ
1556870;Cabotagem;2;Carga Conteinerizada;Conteinerizada;11,98;Embarcados;BRAM012;BRSSZ
1556870;Cabotagem;2;Carga Conteinerizada;Conteinerizada;11,98;Embarcados;BRAM012;BRSSZ
1556870;Cabotagem;2;Carga Conteinerizada;Conteinerizada;11,98;Embarcados;BRAM012;BRSSZ
1556870;Cabotagem;2;Carga Conteinerizada;Conteinerizada;12,05;Embarcados;BRAM012;BRSSZ
1556870;Cabotagem;2;Carga Conteinerizada;Conteinerizada;12,39;Embarcados;BRAM012;BRSSZ
1556870;Cabotagem;2;Carga Conteinerizada;Conteinerizada;12,47;Embarcados;BRAM012;BRSSZ
1556870;Cabotagem;2;Carga Conteinerizada;Conteinerizada;12,86;Embarcados;BRAM012;BRSSZ
1556870;Cabotagem;2;Carga Conteinerizada;Conteinerizada;12,86;Embarcados;BRAM012;BRSSZ
1556870;Cabotagem;2;Carga Conteinerizada;Conteinerizada;12,94;Embarcados;BRAM012;BRSSZ
1556870;Cabotagem;2;Carga Conteinerizada;Conteinerizada;13,09;Embarcados;BRAM012;BRSSZ
1556870;Cabotagem;2;Carga Conteinerizada;Conteinerizada;13,13;Embarcados;BRAM012;BRSSZ
1556870;Cabotagem;2;Carga Conteinerizada;Conteinerizada;13,21;Embarcados;BRAM012;BRSSZ
1556870;Cabotagem;2;Carga Conteinerizada;Conteinerizada;13,46;Embarcados;BRAM012;BRSSZ
1556870;Cabotagem;2;Carga Conteinerizada;Conteinerizada;13,68;Embarcados;BRAM012;BRSSZ
1556870;Cabotagem;2;Carga Conteinerizada;Conteinerizada;13,69;Embarcados;BRAM012;BRSSZ
1556870;Cabotagem;2;Carga Conteinerizada;Conteinerizada;14,24;Embarcados;BRAM012;BRSSZ
1556870;Cabotagem;2;Carga Conteinerizada;Conteinerizada;14,83;Embarcados;BRAM012;BRSSZ
1556870;Cabotagem;2;Carga Conteinerizada;Conteinerizada;15,4;Embarcados;BRAM012;BRSSZ
1556870;Cabotagem;2;Carga Conteinerizada;Conteinerizada;15,57;Embarcados;BRAM012;BRSSZ
1556870;Cabotagem;2;Carga Conteinerizada;Conteinerizada;16,18;Embarcados;BRAM012;BRSSZ
1556870;Cabotagem;2;Carga Conteinerizada;Conteinerizada;16,2;Embarcados;BRAM012;BRSSZ
1556870;Cabotagem;2;Carga Conteinerizada;Conteinerizada;16,77;Embarcados;BRAM012;BRSSZ
1556870;Cabotagem;2;Carga Conteinerizada;Conteinerizada;17,96;Embarcados;BRAM012;BRSSZ
1556870;Cabotagem;2;Carga Conteinerizada;Conteinerizada;18,18;Embarcados;BRAM012;BRSSZ
1556870;Cabotagem;2;Carga Conteinerizada;Conteinerizada;18,77;Embarcados;BRAM012;BRSSZ
1556870;Cabotagem;2;Carga Conteinerizada;Conteinerizada;18,77;Embarcados;BRAM012;BRSSZ
1556870;Cabotagem;2;Carga Conteinerizada;Conteinerizada;18,97;Embarcados;BRAM012;BRSSZ
1556870;Cabotagem;2;Carga Conteinerizada;Conteinerizada;21,16;Embarcados;BRAM012;BRSSZ
1556870;Cabotagem;2;Carga Conteinerizada;Conteinerizada;22,58;Embarcados;BRAM012;BRSSZ
1556870;Cabotagem;2;Carga Conteinerizada;Conteinerizada;23,66;Embarcados;BRAM012;BRSSZ
1556870;Cabotagem;2;Carga Conteinerizada;Conteinerizada;23,72;Embarcados;BRAM012;BRSSZ
1556870;Cabotagem;2;Carga Conteinerizada;Conteinerizada;23,72;Embarcados;BRAM012;BRSSZ
1556870;Cabotagem;2;Carga Conteinerizada;Conteinerizada;23,85;Embarcados;BRAM012;BRSSZ
1556870;Cabotagem;2;Carga Conteinerizada;Conteinerizada;23,86;Embarcados;BRAM012;BRSSZ
1556870;Cabotagem;2;Carga Conteinerizada;Conteinerizada;23,88;Embarcados;BRAM012;BRSSZ
1556870;Cabotagem;2;Carga Conteinerizada;Conteinerizada;23,94;Embarcados;BRAM012;BRSSZ
1556870;Cabotagem;2;Carga Conteinerizada;Conteinerizada;24,17;Embarcados;BRAM012;BRSSZ
1556870;Cabotagem;2;Carga Conteinerizada;Conteinerizada;24,68;Embarcados;BRAM012;BRSSZ
1556870;Cabotagem;2;Carga Conteinerizada;Conteinerizada;24,75;Embarcados;BRAM012;BRSSZ
1556870;Cabotagem;2;Carga Conteinerizada;Conteinerizada;25,27;Embarcados;BRAM012;BRSSZ
1556870;Cabotagem;2;Carga Conteinerizada;Conteinerizada;25,36;Embarcados;BRAM012;BRSSZ
1556870;Cabotagem;2;Carga Conteinerizada;Conteinerizada;25,58;Embarcados;BRAM012;BRSSZ
1556870;Cabotagem;2;Carga Conteinerizada;Conteinerizada;25,78;Embarcados;BRAM012;BRSSZ
1556870;Cabotagem;2;Carga Conteinerizada;Conteinerizada;26,12;Embarcados;BRAM012;BRSSZ
1556870;Cabotagem;2;Carga Conteinerizada;Conteinerizada;26,77;Embarcados;BRAM012;BRSSZ
1556870;Cabotagem;2;Carga Conteinerizada;Conteinerizada;26,82;Embarcados;BRAM012;BRSSZ
1556870;Cabotagem;2;Carga Conteinerizada;Conteinerizada;26,83;Embarcados;BRAM012;BRSSZ
1556870;Cabotagem;2;Carga Conteinerizada;Conteinerizada;27,14;Embarcados;BRAM012;BRSSZ
1556870;Cabotagem;2;Carga Conteinerizada;Conteinerizada;27,35;Embarcados;BRAM012;BRSSZ
1556870;Cabotagem;2;Carga Conteinerizada;Conteinerizada;27,45;Embarcados;BRAM012;BRSSZ
1556870;Cabotagem;2;Carga Conteinerizada;Conteinerizada;27,51;Embarcados;BRAM012;BRSSZ
1556870;Cabotagem;2;Carga Conteinerizada;Conteinerizada;27,53;Embarcados;BRAM012;BRSSZ
1556870;Cabotagem;2;Carga Conteinerizada;Conteinerizada;27,53;Embarcados;BRAM012;BRSSZ
1556870;Cabotagem;2;Carga Conteinerizada;Conteinerizada;27,64;Embarcados;BRAM012;BRSSZ
1556870;Cabotagem;2;Carga Conteinerizada;Conteinerizada;27,68;Embarcados;BRAM012;BRSSZ
1556870;Cabotagem;2;Carga Conteinerizada;Conteinerizada;27,68;Embarcados;BRAM012;BRSSZ
1556870;Cabotagem;2;Carga Conteinerizada;Conteinerizada;27,72;Embarcados;BRAM012;BRSSZ
1556870;Cabotagem;2;Carga Conteinerizada;Conteinerizada;27,73;Embarcados;BRAM012;BRSSZ
1556870;Cabotagem;2;Carga Conteinerizada;Conteinerizada;27,73;Embarcados;BRAM012;BRSSZ
1556870;Cabotagem;2;Carga Conteinerizada;Conteinerizada;27,73;Embarcados;BRAM012;BRSSZ
1556870;Cabotagem;2;Carga Conteinerizada;Conteinerizada;27,93;Embarcados;BRAM012;BRSSZ
1556870;Cabotagem;2;Carga Conteinerizada;Conteinerizada;28,03;Embarcados;BRAM012;BRSSZ
1556870;Cabotagem;2;Carga Conteinerizada;Conteinerizada;28,14;Embarcados;BRAM012;BRSSZ
1556870;Cabotagem;2;Carga Conteinerizada;Conteinerizada;28,24;Embarcados;BRAM012;BRSSZ
1556870;Cabotagem;2;Carga Conteinerizada;Conteinerizada;28,29;Embarcados;BRAM012;BRSSZ
1556870;Cabotagem;2;Carga Conteinerizada;Conteinerizada;28,31;Embarcados;BRAM012;BRSSZ
1556870;Cabotagem;2;Carga Conteinerizada;Conteinerizada;28,45;Embarcados;BRAM012;BRSSZ
1556870;Cabotagem;2;Carga Conteinerizada;Conteinerizada;28,65;Embarcados;BRAM012;BRSSZ
1556870;Cabotagem;2;Carga Conteinerizada;Conteinerizada;28,79;Embarcados;BRAM012;BRSSZ
1556870;Cabotagem;2;Carga Conteinerizada;Conteinerizada;28,83;Embarcados;BRAM012;BRSSZ
1556870;Cabotagem;2;Carga Conteinerizada;Conteinerizada;28,84;Embarcados;BRAM012;BRSSZ
1556870;Cabotagem;2;Carga Conteinerizada;Conteinerizada;28,85;Embarcados;BRAM012;BRSSZ
1556870;Cabotagem;2;Carga Conteinerizada;Conteinerizada;28,85;Embarcados;BRAM012;BRSSZ
1556870;Cabotagem;2;Carga Conteinerizada;Conteinerizada;28,85;Embarcados;BRAM012;BRSSZ
1556870;Cabotagem;2;Carga Conteinerizada;Conteinerizada;28,93;Embarcados;BRAM012;BRSSZ
1556870;Cabotagem;2;Carga Conteinerizada;Conteinerizada;28,93;Embarcados;BRAM012;BRSSZ
1556870;Cabotagem;2;Carga Conteinerizada;Conteinerizada;28,93;Embarcados;BRAM012;BRSSZ
1556870;Cabotagem;2;Carga Conteinerizada;Conteinerizada;28,93;Embarcados;BRAM012;BRSSZ
1556870;Cabotagem;2;Carga Conteinerizada;Conteinerizada;28,93;Embarcados;BRAM012;BRSSZ
1556870;Cabotagem;2;Carga Conteinerizada;Conteinerizada;28,93;Embarcados;BRAM012;BRSSZ
1556870;Cabotagem;2;Carga Conteinerizada;Conteinerizada;28,93;Embarcados;BRAM012;BRSSZ
1556870;Cabotagem;2;Carga Conteinerizada;Conteinerizada;28,93;Embarcados;BRAM012;BRSSZ
1556870;Cabotagem;2;Carga Conteinerizada;Conteinerizada;28,93;Embarcados;BRAM012;BRSSZ
1556870;Cabotagem;2;Carga Conteinerizada;Conteinerizada;28,93;Embarcados;BRAM012;BRSSZ
1556870;Cabotagem;2;Carga Conteinerizada;Conteinerizada;28,95;Embarcados;BRAM012;BRSSZ
1556870;Cabotagem;2;Carga Conteinerizada;Conteinerizada;28,95;Embarcados;BRAM012;BRSSZ
1556870;Cabotagem;2;Carga Conteinerizada;Conteinerizada;28,95;Embarcados;BRAM012;BRSSZ
1556870;Cabotagem;2;Carga Conteinerizada;Conteinerizada;28,95;Embarcados;BRAM012;BRSSZ
1556870;Cabotagem;2;Carga Conteinerizada;Conteinerizada;28,95;Embarcados;BRAM012;BRSSZ
1556870;Cabotagem;2;Carga Conteinerizada;Conteinerizada;28,95;Embarcados;BRAM012;BRSSZ
1556870;Cabotagem;2;Carga Conteinerizada;Conteinerizada;28,95;Embarcados;BRAM012;BRSSZ
1556870;Cabotagem;2;Carga Conteinerizada;Conteinerizada;28,95;Embarcados;BRAM012;BRSSZ
1556870;Cabotagem;2;Carga Conteinerizada;Conteinerizada;28,97;Embarcados;BRAM012;BRSSZ
1556870;Cabotagem;2;Carga Conteinerizada;Conteinerizada;29,08;Embarcados;BRAM012;BRSSZ
1556870;Cabotagem;2;Carga Conteinerizada;Conteinerizada;29,11;Embarcados;BRAM012;BRSSZ
1556870;Cabotagem;2;Carga Conteinerizada;Conteinerizada;29,15;Embarcados;BRAM012;BRSSZ
1556870;Cabotagem;2;Carga Conteinerizada;Conteinerizada;29,15;Embarcados;BRAM012;BRSSZ
1556870;Cabotagem;2;Carga Conteinerizada;Conteinerizada;29,15;Embarcados;BRAM012;BRSSZ
1556870;Cabotagem;2;Carga Conteinerizada;Conteinerizada;29,15;Embarcados;BRAM012;BRSSZ
1556870;Cabotagem;2;Carga Conteinerizada;Conteinerizada;29,15;Embarcados;BRAM012;BRSSZ
1556870;Cabotagem;2;Carga Conteinerizada;Conteinerizada;29,15;Embarcados;BRAM012;BRSSZ
1556870;Cabotagem;2;Carga Conteinerizada;Conteinerizada;29,15;Embarcados;BRAM012;BRSSZ
1556870;Cabotagem;2;Carga Conteinerizada;Conteinerizada;29,15;Embarcados;BRAM012;BRSSZ
1556870;Cabotagem;2;Carga Conteinerizada;Conteinerizada;29,15;Embarcados;BRAM012;BRSSZ
1556870;Cabotagem;2;Carga Conteinerizada;Conteinerizada;29,2;Embarcados;BRAM012;BRSSZ
1556870;Cabotagem;2;Carga Conteinerizada;Conteinerizada;29,2;Embarcados;BRAM012;BRSSZ
1556870;Cabotagem;2;Carga Conteinerizada;Conteinerizada;29,2;Embarcados;BRAM012;BRSSZ
1556870;Cabotagem;2;Carga Conteinerizada;Conteinerizada;29,2;Embarcados;BRAM012;BRSSZ
1556870;Cabotagem;2;Carga Conteinerizada;Conteinerizada;29,26;Embarcados;BRAM012;BRSSZ
1556870;Cabotagem;2;Carga Conteinerizada;Conteinerizada;29,26;Embarcados;BRAM012;BRSSZ
1556870;Cabotagem;2;Carga Conteinerizada;Conteinerizada;29,33;Embarcados;BRAM012;BRSSZ
1556870;Cabotagem;2;Carga Conteinerizada;Conteinerizada;29,34;Embarcados;BRAM012;BRSSZ
1556870;Cabotagem;2;Carga Conteinerizada;Conteinerizada;29,34;Embarcados;BRAM012;BRSSZ
1556870;Cabotagem;2;Carga Conteinerizada;Conteinerizada;29,34;Embarcados;BRAM012;BRSSZ
1556870;Cabotagem;2;Carga Conteinerizada;Conteinerizada;29,54;Embarcados;BRAM012;BRSSZ
1556870;Cabotagem;2;Carga Conteinerizada;Conteinerizada;29,59;Embarcados;BRAM012;BRSSZ
1556870;Cabotagem;2;Carga Conteinerizada;Conteinerizada;29,63;Embarcados;BRAM012;BRSSZ
1556870;Cabotagem;2;Carga Conteinerizada;Conteinerizada;29,65;Embarcados;BRAM012;BRSSZ
1556870;Cabotagem;2;Carga Conteinerizada;Conteinerizada;29,68;Embarcados;BRAM012;BRSSZ
1556870;Cabotagem;2;Carga Conteinerizada;Conteinerizada;29,84;Embarcados;BRAM012;BRSSZ
1556870;Cabotagem;2;Carga Conteinerizada;Conteinerizada;30,07;Embarcados;BRAM012;BRSSZ
1556870;Cabotagem;2;Carga Conteinerizada;Conteinerizada;30,17;Embarcados;BRAM012;BRSSZ
1556870;Cabotagem;2;Carga Conteinerizada;Conteinerizada;30,17;Embarcados;BRAM012;BRSSZ
1556870;Cabotagem;2;Carga Conteinerizada;Conteinerizada;30,2;Embarcados;BRAM012;BRSSZ
1556870;Cabotagem;2;Carga Conteinerizada;Conteinerizada;30,35;Embarcados;BRAM012;BRSSZ
1556870;Cabotagem;2;Carga Conteinerizada;Conteinerizada;30,42;Embarcados;BRAM012;BRSSZ
1556870;Cabotagem;2;Carga Conteinerizada;Conteinerizada;30,48;Embarcados;BRAM012;BRSSZ
1556870;Cabotagem;2;Carga Conteinerizada;Conteinerizada;30,59;Embarcados;BRAM012;BRSSZ
1556870;Cabotagem;2;Carga Conteinerizada;Conteinerizada;30,63;Embarcados;BRAM012;BRSSZ
1556870;Cabotagem;2;Carga Conteinerizada;Conteinerizada;30,68;Embarcados;BRAM012;BRSSZ
1556870;Cabotagem;2;Carga Conteinerizada;Conteinerizada;30,77;Embarcados;BRAM012;BRSSZ
1556870;Cabotagem;2;Carga Conteinerizada;Conteinerizada;30,79;Embarcados;BRAM012;BRSSZ
1556870;Cabotagem;2;Carga Conteinerizada;Conteinerizada;30,83;Embarcados;BRAM012;BRSSZ
1556870;Cabotagem;2;Carga Conteinerizada;Conteinerizada;30,84;Embarcados;BRAM012;BRSSZ
1556870;Cabotagem;2;Carga Conteinerizada;Conteinerizada;30,86;Embarcados;BRAM012;BRSSZ
1556870;Cabotagem;2;Carga Conteinerizada;Conteinerizada;30,89;Embarcados;BRAM012;BRSSZ
1556870;Cabotagem;2;Carga Conteinerizada;Conteinerizada;30,92;Embarcados;BRAM012;BRSSZ
1556870;Cabotagem;2;Carga Conteinerizada;Conteinerizada;31,11;Embarcados;BRAM012;BRSSZ
1556870;Cabotagem;2;Carga Conteinerizada;Conteinerizada;31,16;Embarcados;BRAM012;BRSSZ
1556870;Cabotagem;2;Carga Conteinerizada;Conteinerizada;31,16;Embarcados;BRAM012;BRSSZ
1556870;Cabotagem;2;Carga Conteinerizada;Conteinerizada;31,2;Embarcados;BRAM012;BRSSZ
1556870;Cabotagem;2;Carga Conteinerizada;Conteinerizada;31,22;Embarcados;BRAM012;BRSSZ
1556870;Cabotagem;2;Carga Conteinerizada;Conteinerizada;31,24;Embarcados;BRAM012;BRSSZ
1556870;Cabotagem;2;Carga Conteinerizada;Conteinerizada;31,27;Embarcados;BRAM012;BRSSZ
1556870;Cabotagem;2;Carga Conteinerizada;Conteinerizada;31,32;Embarcados;BRAM012;BRSSZ
1556870;Cabotagem;2;Carga Conteinerizada;Conteinerizada;31,33;Embarcados;BRAM012;BRSSZ
1556870;Cabotagem;2;Carga Conteinerizada;Conteinerizada;31,37;Embarcados;BRAM012;BRSSZ
1556870;Cabotagem;2;Carga Conteinerizada;Conteinerizada;31,38;Embarcados;BRAM012;BRSSZ
1556870;Cabotagem;2;Carga Conteinerizada;Conteinerizada;31,4;Embarcados;BRAM012;BRSSZ
1556870;Cabotagem;2;Carga Conteinerizada;Conteinerizada;31,41;Embarcados;BRAM012;BRSSZ
1556870;Cabotagem;2;Carga Conteinerizada;Conteinerizada;31,42;Embarcados;BRAM012;BRSSZ
1556870;Cabotagem;2;Carga Conteinerizada;Conteinerizada;31,43;Embarcados;BRAM012;BRSSZ
1556870;Cabotagem;2;Carga Conteinerizada;Conteinerizada;31,44;Embarcados;BRAM012;BRSSZ
1556870;Cabotagem;2;Carga Conteinerizada;Conteinerizada;31,44;Embarcados;BRAM012;BRSSZ
1556870;Cabotagem;2;Carga Conteinerizada;Conteinerizada;31,46;Embarcados;BRAM012;BRSSZ
1556870;Cabotagem;2;Carga Conteinerizada;Conteinerizada;31,53;Embarcados;BRAM012;BRSSZ
1556870;Cabotagem;2;Carga Conteinerizada;Conteinerizada;31,53;Embarcados;BRAM012;BRSSZ
1556870;Cabotagem;2;Carga Conteinerizada;Conteinerizada;31,54;Embarcados;BRAM012;BRSSZ
1556870;Cabotagem;2;Carga Conteinerizada;Conteinerizada;31,6;Embarcados;BRAM012;BRSSZ
1556870;Cabotagem;2;Carga Conteinerizada;Conteinerizada;31,68;Embarcados;BRAM012;BRSSZ
1556870;Cabotagem;2;Carga Conteinerizada;Conteinerizada;31,72;Embarcados;BRAM012;BRSSZ
1556870;Cabotagem;2;Carga Conteinerizada;Conteinerizada;31,74;Embarcados;BRAM012;BRSSZ
1556870;Cabotagem;2;Carga Conteinerizada;Conteinerizada;31,84;Embarcados;BRAM012;BRSSZ
1556870;Cabotagem;2;Carga Conteinerizada;Conteinerizada;31,85;Embarcados;BRAM012;BRSSZ
1556870;Cabotagem;2;Carga Conteinerizada;Conteinerizada;31,85;Embarcados;BRAM012;BRSSZ
1556870;Cabotagem;2;Carga Conteinerizada;Conteinerizada;31,86;Embarcados;BRAM012;BRSSZ
1556870;Cabotagem;2;Carga Conteinerizada;Conteinerizada;31,87;Embarcados;BRAM012;BRSSZ
1556870;Cabotagem;2;Carga Conteinerizada;Conteinerizada;31,9;Embarcados;BRAM012;BRSSZ
1556870;Cabotagem;2;Carga Conteinerizada;Conteinerizada;31,91;Embarcados;BRAM012;BRSSZ
1556870;Cabotagem;2;Carga Conteinerizada;Conteinerizada;31,92;Embarcados;BRAM012;BRSSZ
1556870;Cabotagem;2;Carga Conteinerizada;Conteinerizada;32;Embarcados;BRAM012;BRSSZ
1556870;Cabotagem;2;Carga Conteinerizada;Conteinerizada;32,01;Embarcados;BRAM012;BRSSZ
1556870;Cabotagem;2;Carga Conteinerizada;Conteinerizada;32,02;Embarcados;BRAM012;BRSSZ
1556870;Cabotagem;2;Carga Conteinerizada;Conteinerizada;32,09;Embarcados;BRAM012;BRSSZ
1556870;Cabotagem;2;Carga Conteinerizada;Conteinerizada;32,21;Embarcados;BRAM012;BRSSZ
1556870;Cabotagem;2;Carga Conteinerizada;Conteinerizada;32,22;Embarcados;BRAM012;BRSSZ
1556870;Cabotagem;2;Carga Conteinerizada;Conteinerizada;32,4;Embarcados;BRAM012;BRSSZ
1556870;Cabotagem;2;Carga Conteinerizada;Conteinerizada;32,42;Embarcados;BRAM012;BRSSZ
1556870;Cabotagem;2;Carga Conteinerizada;Conteinerizada;32,47;Embarcados;BRAM012;BRSSZ
1556870;Cabotagem;2;Carga Conteinerizada;Conteinerizada;7,67;Embarcados;BRAM012;BRSSZ
1556870;Cabotagem;2;Carga Conteinerizada;Conteinerizada;7,67;Embarcados;BRAM012;BRSSZ
1556870;Cabotagem;2;Carga Conteinerizada;Conteinerizada;7,69;Embarcados;BRAM012;BRSSZ
1556870;Cabotagem;2;Carga Conteinerizada;Conteinerizada;7,94;Embarcados;BRAM012;BRSSZ
1556870;Cabotagem;2;Carga Conteinerizada;Conteinerizada;8,39;Embarcados;BRAM012;BRSSZ
1556870;Cabotagem;2;Carga Conteinerizada;Conteinerizada;8,55;Embarcados;BRAM012;BRSSZ
1556870;Cabotagem;2;Carga Conteinerizada;Conteinerizada;8,61;Embarcados;BRAM012;BRSSZ
1556870;Cabotagem;2;Carga Conteinerizada;Conteinerizada;8,78;Embarcados;BRAM012;BRSSZ
1556870;Cabotagem;2;Carga Conteinerizada;Conteinerizada;8,91;Embarcados;BRAM012;BRSSZ
1556870;Cabotagem;2;Carga Conteinerizada;Conteinerizada;8,93;Embarcados;BRAM012;BRSSZ
1556870;Cabotagem;2;Carga Conteinerizada;Conteinerizada;9,2;Embarcados;BRAM012;BRSSZ
1556870;Cabotagem;2;Carga Conteinerizada;Conteinerizada;9,2;Embarcados;BRAM012;BRSSZ
1556870;Cabotagem;2;Carga Conteinerizada;Conteinerizada;9,2;Embarcados;BRAM012;BRSSZ
1556870;Cabotagem;2;Carga Conteinerizada;Conteinerizada;9,25;Embarcados;BRAM012;BRSSZ
1556870;Cabotagem;2;Carga Conteinerizada;Conteinerizada;9,27;Embarcados;BRAM012;BRSSZ
1556870;Cabotagem;2;Carga Conteinerizada;Conteinerizada;9,27;Embarcados;BRAM012;BRSSZ
1556870;Cabotagem;2;Carga Conteinerizada;Conteinerizada;9,4;Embarcados;BRAM012;BRSSZ
1556870;Cabotagem;2;Carga Conteinerizada;Conteinerizada;9,45;Embarcados;BRAM012;BRSSZ
1556870;Cabotagem;2;Carga Conteinerizada;Conteinerizada;9,93;Embarcados;BRAM012;BRSSZ
1556870;Cabotagem;2;Carga Conteinerizada;Conteinerizada;16,52;Embarcados;BRAM012;BRSUA
1556870;Cabotagem;2;Carga Conteinerizada;Conteinerizada;18,65;Embarcados;BRAM012;BRSUA
1556870;Cabotagem;2;Carga Conteinerizada;Conteinerizada;18,8;Embarcados;BRAM012;BRSUA
1556870;Cabotagem;2;Carga Conteinerizada;Conteinerizada;32,15;Embarcados;BRAM012;BRSUA
1574875;Cabotagem;670;Carga Conteinerizada;Conteinerizada;7871,95;Desembarcados;BRMAO;BRSSZ
1574875;Cabotagem;61;Carga Conteinerizada;Conteinerizada;1493,29;Embarcados;BRSSZ;BRMAO
1574875;Cabotagem;446;Carga Conteinerizada;Conteinerizada;5466,51;Embarcados;BRSSZ;BRMAO
1574875;Cabotagem;8;Carga Conteinerizada;Conteinerizada;87,95;Embarcados;BRSSZ;BRMAO
1574875;Cabotagem;36;Carga Conteinerizada;Conteinerizada;493,31;Embarcados;BRSSZ;BRCE001
1574875;Cabotagem;2;Carga Conteinerizada;Conteinerizada;32,22;Embarcados;BRSSZ;BRCE001
1574875;Cabotagem;10;Carga Conteinerizada;Conteinerizada;236,73;Embarcados;BRSSZ;BRSUA
1574875;Cabotagem;302;Carga Conteinerizada;Conteinerizada;3739,16;Embarcados;BRSSZ;BRSUA
1574875;Cabotagem;26;Carga Conteinerizada;Conteinerizada;197,39;Embarcados;BRSSZ;BRSUA
1574875;Cabotagem;6;Carga Conteinerizada;Conteinerizada;92,95;Desembarcados;BRMAO;BRSSZ
1574875;Cabotagem;6;Carga Conteinerizada;Conteinerizada;73,66;Embarcados;BRSSZ;BRSC011
1574875;Cabotagem;6;Carga Conteinerizada;Conteinerizada;150;Embarcados;BRSSZ;BRMAO
1574875;Cabotagem;92;Carga Conteinerizada;Conteinerizada;733,49;Embarcados;BRSSZ;BRMAO
1574875;Cabotagem;3;Carga Conteinerizada;Conteinerizada;57,22;Embarcados;BRSSZ;BRCE001
1574875;Cabotagem;32;Carga Conteinerizada;Conteinerizada;296,39;Embarcados;BRSSZ;BRCE001
1574875;Cabotagem;2;Carga Conteinerizada;Conteinerizada;20,89;Embarcados;BRSSZ;BRCE001
1574875;Cabotagem;6;Carga Conteinerizada;Conteinerizada;94,53;Embarcados;BRSSZ;BRSUA
1574875;Cabotagem;2;Carga Conteinerizada;Conteinerizada;29,56;Embarcados;BRSSZ;BRSC011
1574875;Cabotagem;7;Carga Conteinerizada;Conteinerizada;104,93;Embarcados;BRSSZ;BRMAO
1574875;Cabotagem;36;Carga Conteinerizada;Conteinerizada;379,71;Embarcados;BRSSZ;BRMAO
1574875;Cabotagem;1;Carga Conteinerizada;Conteinerizada;2,22;Desembarcados;BRMAO;BRSSZ
1574875;Cabotagem;1;Carga Conteinerizada;Conteinerizada;2,12;Desembarcados;BRMAO;BRSSZ
1574875;Cabotagem;1;Carga Conteinerizada;Conteinerizada;2,12;Desembarcados;BRMAO;BRSSZ
1574875;Cabotagem;1;Carga Conteinerizada;Conteinerizada;2,12;Desembarcados;BRMAO;BRSSZ
1574875;Cabotagem;1;Carga Conteinerizada;Conteinerizada;2,22;Desembarcados;BRMAO;BRSSZ
1574875;Cabotagem;1;Carga Conteinerizada;Conteinerizada;2,12;Desembarcados;BRMAO;BRSSZ
1574875;Cabotagem;1;Carga Conteinerizada;Conteinerizada;2,22;Desembarcados;BRMAO;BRSSZ
1574875;Cabotagem;1;Carga Conteinerizada;Conteinerizada;2,12;Desembarcados;BRMAO;BRSSZ
1574875;Cabotagem;1;Carga Conteinerizada;Conteinerizada;2,12;Desembarcados;BRMAO;BRSSZ
1574875;Cabotagem;1;Carga Conteinerizada;Conteinerizada;2,12;Desembarcados;BRMAO;BRSSZ
1574875;Cabotagem;1;Carga Conteinerizada;Conteinerizada;2,12;Desembarcados;BRMAO;BRSSZ
1574875;Cabotagem;1;Carga Conteinerizada;Conteinerizada;2,12;Desembarcados;BRMAO;BRSSZ
1574875;Cabotagem;1;Carga Conteinerizada;Conteinerizada;2,12;Desembarcados;BRMAO;BRSSZ
1574875;Cabotagem;1;Carga Conteinerizada;Conteinerizada;2,12;Desembarcados;BRMAO;BRSSZ
1574875;Cabotagem;1;Carga Conteinerizada;Conteinerizada;2,12;Desembarcados;BRMAO;BRSSZ
1574875;Cabotagem;1;Carga Conteinerizada;Conteinerizada;2,12;Desembarcados;BRMAO;BRSSZ
1574875;Cabotagem;1;Carga Conteinerizada;Conteinerizada;2,19;Desembarcados;BRMAO;BRSSZ
1574875;Cabotagem;1;Carga Conteinerizada;Conteinerizada;2,19;Desembarcados;BRMAO;BRSSZ
1574875;Cabotagem;1;Carga Conteinerizada;Conteinerizada;2,12;Desembarcados;BRMAO;BRSSZ
1574875;Cabotagem;1;Carga Conteinerizada;Conteinerizada;2,12;Desembarcados;BRMAO;BRSSZ
1574875;Cabotagem;1;Carga Conteinerizada;Conteinerizada;2,12;Desembarcados;BRMAO;BRSSZ
1574875;Cabotagem;1;Carga Conteinerizada;Conteinerizada;2,12;Desembarcados;BRMAO;BRSSZ
1574875;Cabotagem;1;Carga Conteinerizada;Conteinerizada;2,12;Desembarcados;BRMAO;BRSSZ
1574875;Cabotagem;1;Carga Conteinerizada;Conteinerizada;2,12;Desembarcados;BRMAO;BRSSZ
1574875;Cabotagem;1;Carga Conteinerizada;Conteinerizada;2,12;Desembarcados;BRMAO;BRSSZ
1574875;Cabotagem;1;Carga Conteinerizada;Conteinerizada;2,12;Desembarcados;BRMAO;BRSSZ
1574875;Cabotagem;1;Carga Conteinerizada;Conteinerizada;2,12;Desembarcados;BRMAO;BRSSZ
1574875;Cabotagem;1;Carga Conteinerizada;Conteinerizada;2,12;Desembarcados;BRMAO;BRSSZ
1574875;Cabotagem;1;Carga Conteinerizada;Conteinerizada;2,12;Desembarcados;BRMAO;BRSSZ
1574875;Cabotagem;1;Carga Conteinerizada;Conteinerizada;2,12;Desembarcados;BRMAO;BRSSZ
1574875;Cabotagem;1;Carga Conteinerizada;Conteinerizada;2,12;Desembarcados;BRMAO;BRSSZ
1574875;Cabotagem;1;Carga Conteinerizada;Conteinerizada;2,23;Desembarcados;BRMAO;BRSSZ
1574875;Cabotagem;1;Carga Conteinerizada;Conteinerizada;2,12;Desembarcados;BRMAO;BRSSZ
1574875;Cabotagem;1;Carga Conteinerizada;Conteinerizada;2,18;Desembarcados;BRMAO;BRSSZ
1574875;Cabotagem;1;Carga Conteinerizada;Conteinerizada;2,12;Desembarcados;BRMAO;BRSSZ
1574875;Cabotagem;1;Carga Conteinerizada;Conteinerizada;2,19;Desembarcados;BRMAO;BRSSZ
1574875;Cabotagem;1;Carga Conteinerizada;Conteinerizada;2,12;Desembarcados;BRMAO;BRSSZ
1574875;Cabotagem;1;Carga Conteinerizada;Conteinerizada;2,12;Desembarcados;BRMAO;BRSSZ
1574875;Cabotagem;1;Carga Conteinerizada;Conteinerizada;2,18;Desembarcados;BRMAO;BRSSZ
1574875;Cabotagem;1;Carga Conteinerizada;Conteinerizada;2,16;Desembarcados;BRMAO;BRSSZ
1574875;Cabotagem;1;Carga Conteinerizada;Conteinerizada;2,16;Desembarcados;BRMAO;BRSSZ
1574875;Cabotagem;1;Carga Conteinerizada;Conteinerizada;2,12;Desembarcados;BRMAO;BRSSZ
1574875;Cabotagem;1;Carga Conteinerizada;Conteinerizada;2,12;Desembarcados;BRMAO;BRSSZ
1574875;Cabotagem;1;Carga Conteinerizada;Conteinerizada;2,12;Desembarcados;BRMAO;BRSSZ
1574875;Cabotagem;1;Carga Conteinerizada;Conteinerizada;2,16;Desembarcados;BRMAO;BRSSZ
1574875;Cabotagem;1;Carga Conteinerizada;Conteinerizada;2,12;Desembarcados;BRMAO;BRSSZ
1574875;Cabotagem;1;Carga Conteinerizada;Conteinerizada;2,16;Desembarcados;BRMAO;BRSSZ
1574875;Cabotagem;1;Carga Conteinerizada;Conteinerizada;2,12;Desembarcados;BRMAO;BRSSZ
1574875;Cabotagem;1;Carga Conteinerizada;Conteinerizada;2,16;Desembarcados;BRMAO;BRSSZ
1574875;Cabotagem;1;Carga Conteinerizada;Conteinerizada;2,16;Desembarcados;BRMAO;BRSSZ
1574875;Cabotagem;1;Carga Conteinerizada;Conteinerizada;2,16;Desembarcados;BRMAO;BRSSZ
1574875;Cabotagem;1;Carga Conteinerizada;Conteinerizada;2,12;Desembarcados;BRMAO;BRSSZ
1574875;Cabotagem;1;Carga Conteinerizada;Conteinerizada;2,12;Desembarcados;BRMAO;BRSSZ
1574875;Cabotagem;1;Carga Conteinerizada;Conteinerizada;2,12;Desembarcados;BRMAO;BRSSZ
1574875;Cabotagem;1;Carga Conteinerizada;Conteinerizada;2,12;Desembarcados;BRMAO;BRSSZ
1574875;Cabotagem;1;Carga Conteinerizada;Conteinerizada;2,12;Desembarcados;BRMAO;BRSSZ
1574875;Cabotagem;1;Carga Conteinerizada;Conteinerizada;2,12;Desembarcados;BRMAO;BRSSZ
1574875;Cabotagem;1;Carga Conteinerizada;Conteinerizada;2,12;Desembarcados;BRMAO;BRSSZ
1574875;Cabotagem;1;Carga Conteinerizada;Conteinerizada;2,12;Desembarcados;BRMAO;BRSSZ
1574875;Cabotagem;1;Carga Conteinerizada;Conteinerizada;2,12;Desembarcados;BRMAO;BRSSZ
1574875;Cabotagem;1;Carga Conteinerizada;Conteinerizada;2,16;Desembarcados;BRMAO;BRSSZ
1574875;Cabotagem;1;Carga Conteinerizada;Conteinerizada;2,12;Desembarcados;BRMAO;BRSSZ
1574875;Cabotagem;1;Carga Conteinerizada;Conteinerizada;2,12;Desembarcados;BRMAO;BRSSZ
1574875;Cabotagem;1;Carga Conteinerizada;Conteinerizada;2,12;Desembarcados;BRMAO;BRSSZ
1574875;Cabotagem;1;Carga Conteinerizada;Conteinerizada;2,12;Desembarcados;BRMAO;BRSSZ
1574875;Cabotagem;1;Carga Conteinerizada;Conteinerizada;2,12;Desembarcados;BRMAO;BRSSZ
1574875;Cabotagem;1;Carga Conteinerizada;Conteinerizada;2,12;Desembarcados;BRMAO;BRSSZ
1574875;Cabotagem;1;Carga Conteinerizada;Conteinerizada;2,12;Desembarcados;BRMAO;BRSSZ
1574875;Cabotagem;1;Carga Conteinerizada;Conteinerizada;2,1;Desembarcados;BRMAO;BRSSZ
1574875;Cabotagem;1;Carga Conteinerizada;Conteinerizada;2,12;Desembarcados;BRMAO;BRSSZ
1574875;Cabotagem;1;Carga Conteinerizada;Conteinerizada;2,12;Desembarcados;BRMAO;BRSSZ
1574875;Cabotagem;1;Carga Conteinerizada;Conteinerizada;2,12;Desembarcados;BRMAO;BRSSZ
1574875;Cabotagem;1;Carga Conteinerizada;Conteinerizada;2,1;Desembarcados;BRMAO;BRSSZ
1574875;Cabotagem;1;Carga Conteinerizada;Conteinerizada;2,12;Desembarcados;BRMAO;BRSSZ
1574875;Cabotagem;1;Carga Conteinerizada;Conteinerizada;2,12;Desembarcados;BRMAO;BRSSZ
1574875;Cabotagem;1;Carga Conteinerizada;Conteinerizada;2,12;Desembarcados;BRMAO;BRSSZ
1574875;Cabotagem;1;Carga Conteinerizada;Conteinerizada;2,12;Desembarcados;BRMAO;BRSSZ
1574875;Cabotagem;1;Carga Conteinerizada;Conteinerizada;2,12;Desembarcados;BRMAO;BRSSZ
1574875;Cabotagem;1;Carga Conteinerizada;Conteinerizada;2,12;Desembarcados;BRMAO;BRSSZ
1574875;Cabotagem;1;Carga Conteinerizada;Conteinerizada;2,12;Desembarcados;BRMAO;BRSSZ
1574875;Cabotagem;1;Carga Conteinerizada;Conteinerizada;2,12;Desembarcados;BRMAO;BRSSZ
1574875;Cabotagem;1;Carga Conteinerizada;Conteinerizada;2,12;Desembarcados;BRMAO;BRSSZ
1574875;Cabotagem;1;Carga Conteinerizada;Conteinerizada;2,12;Desembarcados;BRMAO;BRSSZ
1574875;Cabotagem;1;Carga Conteinerizada;Conteinerizada;2,12;Desembarcados;BRMAO;BRSSZ
1574875;Cabotagem;1;Carga Conteinerizada;Conteinerizada;2,1;Desembarcados;BRMAO;BRSSZ
1574875;Cabotagem;1;Carga Conteinerizada;Conteinerizada;2,12;Desembarcados;BRMAO;BRSSZ
1574875;Cabotagem;1;Carga Conteinerizada;Conteinerizada;2,12;Desembarcados;BRMAO;BRSSZ
1574875;Cabotagem;1;Carga Conteinerizada;Conteinerizada;2,12;Desembarcados;BRMAO;BRSSZ
1574875;Cabotagem;1;Carga Conteinerizada;Conteinerizada;2,12;Desembarcados;BRMAO;BRSSZ
1574875;Cabotagem;1;Carga Conteinerizada;Conteinerizada;2,12;Desembarcados;BRMAO;BRSSZ
1574875;Cabotagem;1;Carga Conteinerizada;Conteinerizada;2,12;Desembarcados;BRMAO;BRSSZ
1574875;Cabotagem;1;Carga Conteinerizada;Conteinerizada;2,12;Desembarcados;BRMAO;BRSSZ
1574875;Cabotagem;1;Carga Conteinerizada;Conteinerizada;2,23;Desembarcados;BRMAO;BRSSZ
1574875;Cabotagem;1;Carga Conteinerizada;Conteinerizada;2,12;Desembarcados;BRMAO;BRSSZ
1574875;Cabotagem;1;Carga Conteinerizada;Conteinerizada;2,12;Desembarcados;BRMAO;BRSSZ
1574875;Cabotagem;1;Carga Conteinerizada;Conteinerizada;2,12;Desembarcados;BRMAO;BRSSZ
1574875;Cabotagem;1;Carga Conteinerizada;Conteinerizada;2,12;Desembarcados;BRMAO;BRSSZ
1574875;Cabotagem;1;Carga Conteinerizada;Conteinerizada;2,2;Desembarcados;BRMAO;BRSSZ
1574875;Cabotagem;1;Carga Conteinerizada;Conteinerizada;2,12;Desembarcados;BRMAO;BRSSZ
1574875;Cabotagem;1;Carga Conteinerizada;Conteinerizada;2,2;Desembarcados;BRMAO;BRSSZ
1574875;Cabotagem;1;Carga Conteinerizada;Conteinerizada;2,12;Desembarcados;BRMAO;BRSSZ
1574875;Cabotagem;1;Carga Conteinerizada;Conteinerizada;2,12;Desembarcados;BRMAO;BRSSZ
1574875;Cabotagem;1;Carga Conteinerizada;Conteinerizada;2,12;Desembarcados;BRMAO;BRSSZ
1574875;Cabotagem;1;Carga Conteinerizada;Conteinerizada;2,2;Desembarcados;BRMAO;BRSSZ
1574875;Cabotagem;1;Carga Conteinerizada;Conteinerizada;2,12;Desembarcados;BRMAO;BRSSZ
1574875;Cabotagem;1;Carga Conteinerizada;Conteinerizada;2,2;Desembarcados;BRMAO;BRSSZ
1574875;Cabotagem;1;Carga Conteinerizada;Conteinerizada;2,23;Desembarcados;BRMAO;BRSSZ
1574875;Cabotagem;1;Carga Conteinerizada;Conteinerizada;2,12;Desembarcados;BRMAO;BRSSZ
1574875;Cabotagem;1;Carga Conteinerizada;Conteinerizada;2,18;Desembarcados;BRMAO;BRSSZ
1574875;Cabotagem;1;Carga Conteinerizada;Conteinerizada;2,12;Desembarcados;BRMAO;BRSSZ
1574875;Cabotagem;1;Carga Conteinerizada;Conteinerizada;2,2;Desembarcados;BRMAO;BRSSZ
1574875;Cabotagem;1;Carga Conteinerizada;Conteinerizada;2,12;Desembarcados;BRMAO;BRSSZ
1574875;Cabotagem;1;Carga Conteinerizada;Conteinerizada;2,12;Desembarcados;BRMAO;BRSSZ
1574875;Cabotagem;1;Carga Conteinerizada;Conteinerizada;2,12;Desembarcados;BRMAO;BRSSZ
1574875;Cabotagem;1;Carga Conteinerizada;Conteinerizada;2,18;Desembarcados;BRMAO;BRSSZ
1574875;Cabotagem;1;Carga Conteinerizada;Conteinerizada;2,12;Desembarcados;BRMAO;BRSSZ
1574875;Cabotagem;1;Carga Conteinerizada;Conteinerizada;2,2;Desembarcados;BRMAO;BRSSZ
1574875;Cabotagem;1;Carga Conteinerizada;Conteinerizada;2,2;Desembarcados;BRMAO;BRSSZ
1574875;Cabotagem;1;Carga Conteinerizada;Conteinerizada;2,12;Desembarcados;BRMAO;BRSSZ
1574875;Cabotagem;1;Carga Conteinerizada;Conteinerizada;2,12;Desembarcados;BRMAO;BRSSZ
1574875;Cabotagem;1;Carga Conteinerizada;Conteinerizada;2,2;Desembarcados;BRMAO;BRSSZ
1574875;Cabotagem;1;Carga Conteinerizada;Conteinerizada;2,12;Desembarcados;BRMAO;BRSSZ
1574875;Cabotagem;1;Carga Conteinerizada;Conteinerizada;2,18;Desembarcados;BRMAO;BRSSZ
1574875;Cabotagem;1;Carga Conteinerizada;Conteinerizada;2,18;Desembarcados;BRMAO;BRSSZ
1574875;Cabotagem;1;Carga Conteinerizada;Conteinerizada;2,18;Desembarcados;BRMAO;BRSSZ
1574875;Cabotagem;1;Carga Conteinerizada;Conteinerizada;2,12;Desembarcados;BRMAO;BRSSZ
1574875;Cabotagem;1;Carga Conteinerizada;Conteinerizada;2,2;Desembarcados;BRMAO;BRSSZ
1574875;Cabotagem;1;Carga Conteinerizada;Conteinerizada;2,12;Desembarcados;BRMAO;BRSSZ
1574875;Cabotagem;1;Carga Conteinerizada;Conteinerizada;2,12;Desembarcados;BRMAO;BRSSZ
1574875;Cabotagem;1;Carga Conteinerizada;Conteinerizada;2,12;Desembarcados;BRMAO;BRSSZ
1574875;Cabotagem;1;Carga Conteinerizada;Conteinerizada;2,12;Desembarcados;BRMAO;BRSSZ
1574875;Cabotagem;1;Carga Conteinerizada;Conteinerizada;2,12;Desembarcados;BRMAO;BRSSZ
1574875;Cabotagem;1;Carga Conteinerizada;Conteinerizada;2,12;Desembarcados;BRMAO;BRSSZ
1574875;Cabotagem;1;Carga Conteinerizada;Conteinerizada;2,12;Desembarcados;BRMAO;BRSSZ
1574875;Cabotagem;1;Carga Conteinerizada;Conteinerizada;2,2;Desembarcados;BRMAO;BRSSZ
1574875;Cabotagem;1;Carga Conteinerizada;Conteinerizada;2,12;Desembarcados;BRMAO;BRSSZ
1574875;Cabotagem;1;Carga Conteinerizada;Conteinerizada;2,12;Desembarcados;BRMAO;BRSSZ
1574875;Cabotagem;1;Carga Conteinerizada;Conteinerizada;2,1;Desembarcados;BRMAO;BRSSZ
1574875;Cabotagem;1;Carga Conteinerizada;Conteinerizada;2,12;Desembarcados;BRMAO;BRSSZ
1574875;Cabotagem;1;Carga Conteinerizada;Conteinerizada;2,12;Desembarcados;BRMAO;BRSSZ
1574875;Cabotagem;1;Carga Conteinerizada;Conteinerizada;2,12;Desembarcados;BRMAO;BRSSZ
1574875;Cabotagem;1;Carga Conteinerizada;Conteinerizada;2,12;Desembarcados;BRMAO;BRSSZ
1574875;Cabotagem;1;Carga Conteinerizada;Conteinerizada;2,12;Desembarcados;BRMAO;BRSSZ
1574875;Cabotagem;1;Carga Conteinerizada;Conteinerizada;2,12;Desembarcados;BRMAO;BRSSZ
1574875;Cabotagem;1;Carga Conteinerizada;Conteinerizada;2,18;Desembarcados;BRMAO;BRSSZ
1574875;Cabotagem;1;Carga Conteinerizada;Conteinerizada;2,12;Desembarcados;BRMAO;BRSSZ
1574875;Cabotagem;1;Carga Conteinerizada;Conteinerizada;2,12;Desembarcados;BRMAO;BRSSZ
1574875;Cabotagem;1;Carga Conteinerizada;Conteinerizada;2,18;Desembarcados;BRMAO;BRSSZ
1574875;Cabotagem;1;Carga Conteinerizada;Conteinerizada;2,18;Desembarcados;BRMAO;BRSSZ
1574875;Cabotagem;1;Carga Conteinerizada;Conteinerizada;2,12;Desembarcados;BRMAO;BRSSZ
1574875;Cabotagem;1;Carga Conteinerizada;Conteinerizada;2,2;Desembarcados;BRMAO;BRSSZ
1574875;Cabotagem;1;Carga Conteinerizada;Conteinerizada;2,12;Desembarcados;BRMAO;BRSSZ
1574875;Cabotagem;1;Carga Conteinerizada;Conteinerizada;2,12;Desembarcados;BRMAO;BRSSZ
1574875;Cabotagem;1;Carga Conteinerizada;Conteinerizada;2,23;Desembarcados;BRMAO;BRSSZ
1574875;Cabotagem;1;Carga Conteinerizada;Conteinerizada;2,12;Desembarcados;BRMAO;BRSSZ
1574875;Cabotagem;1;Carga Conteinerizada;Conteinerizada;2,12;Desembarcados;BRMAO;BRSSZ
1574875;Cabotagem;1;Carga Conteinerizada;Conteinerizada;2,12;Desembarcados;BRMAO;BRSSZ
1574875;Cabotagem;1;Carga Conteinerizada;Conteinerizada;2,23;Desembarcados;BRMAO;BRSSZ
1574875;Cabotagem;1;Carga Conteinerizada;Conteinerizada;2,23;Desembarcados;BRMAO;BRSSZ
1574875;Cabotagem;1;Carga Conteinerizada;Conteinerizada;2,2;Desembarcados;BRMAO;BRSSZ
1574875;Cabotagem;1;Carga Conteinerizada;Conteinerizada;2,12;Desembarcados;BRMAO;BRSSZ
1574875;Cabotagem;1;Carga Conteinerizada;Conteinerizada;2,12;Desembarcados;BRMAO;BRSSZ
1574875;Cabotagem;1;Carga Conteinerizada;Conteinerizada;2,18;Desembarcados;BRMAO;BRSSZ
1574875;Cabotagem;1;Carga Conteinerizada;Conteinerizada;2,12;Desembarcados;BRMAO;BRSSZ
1574875;Cabotagem;2;Carga Conteinerizada;Conteinerizada;3,8;Desembarcados;BRMAO;BRSSZ
1574875;Cabotagem;2;Carga Conteinerizada;Conteinerizada;3,95;Desembarcados;BRMAO;BRSSZ
1574875;Cabotagem;2;Carga Conteinerizada;Conteinerizada;3,9;Desembarcados;BRMAO;BRSSZ
1574875;Cabotagem;2;Carga Conteinerizada;Conteinerizada;3,95;Desembarcados;BRMAO;BRSSZ
1574875;Cabotagem;2;Carga Conteinerizada;Conteinerizada;3,95;Desembarcados;BRMAO;BRSSZ
1574875;Cabotagem;2;Carga Conteinerizada;Conteinerizada;3,95;Desembarcados;BRMAO;BRSSZ
1574875;Cabotagem;2;Carga Conteinerizada;Conteinerizada;3,95;Desembarcados;BRMAO;BRSSZ
1574875;Cabotagem;2;Carga Conteinerizada;Conteinerizada;3,95;Desembarcados;BRMAO;BRSSZ
1574875;Cabotagem;2;Carga Conteinerizada;Conteinerizada;3,95;Desembarcados;BRMAO;BRSSZ
1574875;Cabotagem;2;Carga Conteinerizada;Conteinerizada;3,95;Desembarcados;BRMAO;BRSSZ
1574875;Cabotagem;2;Carga Conteinerizada;Conteinerizada;3,95;Desembarcados;BRMAO;BRSSZ
1574875;Cabotagem;2;Carga Conteinerizada;Conteinerizada;3,95;Desembarcados;BRMAO;BRSSZ
1574875;Cabotagem;2;Carga Conteinerizada;Conteinerizada;3,95;Desembarcados;BRMAO;BRSSZ
1574875;Cabotagem;2;Carga Conteinerizada;Conteinerizada;3,95;Desembarcados;BRMAO;BRSSZ
1574875;Cabotagem;2;Carga Conteinerizada;Conteinerizada;3,95;Desembarcados;BRMAO;BRSSZ
1574875;Cabotagem;2;Carga Conteinerizada;Conteinerizada;3,95;Desembarcados;BRMAO;BRSSZ
1574875;Cabotagem;2;Carga Conteinerizada;Conteinerizada;3,95;Desembarcados;BRMAO;BRSSZ
1574875;Cabotagem;2;Carga Conteinerizada;Conteinerizada;3,95;Desembarcados;BRMAO;BRSSZ
1574875;Cabotagem;2;Carga Conteinerizada;Conteinerizada;3,87;Desembarcados;BRMAO;BRSSZ
1574875;Cabotagem;2;Carga Conteinerizada;Conteinerizada;3,75;Desembarcados;BRMAO;BRSSZ
1574875;Cabotagem;2;Carga Conteinerizada;Conteinerizada;3,95;Desembarcados;BRMAO;BRSSZ
1574875;Cabotagem;2;Carga Conteinerizada;Conteinerizada;3,95;Desembarcados;BRMAO;BRSSZ
1574875;Cabotagem;2;Carga Conteinerizada;Conteinerizada;3,75;Desembarcados;BRMAO;BRSSZ
1574875;Cabotagem;2;Carga Conteinerizada;Conteinerizada;3,95;Desembarcados;BRMAO;BRSSZ
1574875;Cabotagem;2;Carga Conteinerizada;Conteinerizada;3,75;Desembarcados;BRMAO;BRSSZ
1574875;Cabotagem;2;Carga Conteinerizada;Conteinerizada;3,95;Desembarcados;BRMAO;BRSSZ
1574875;Cabotagem;2;Carga Conteinerizada;Conteinerizada;3,95;Desembarcados;BRMAO;BRSSZ
1574875;Cabotagem;2;Carga Conteinerizada;Conteinerizada;3,95;Desembarcados;BRMAO;BRSSZ
1574875;Cabotagem;2;Carga Conteinerizada;Conteinerizada;3,95;Desembarcados;BRMAO;BRSSZ
1574875;Cabotagem;2;Carga Conteinerizada;Conteinerizada;3,95;Desembarcados;BRMAO;BRSSZ
1574875;Cabotagem;2;Carga Conteinerizada;Conteinerizada;3,7;Desembarcados;BRMAO;BRSSZ
1574875;Cabotagem;2;Carga Conteinerizada;Conteinerizada;3,95;Desembarcados;BRMAO;BRSSZ
1574875;Cabotagem;2;Carga Conteinerizada;Conteinerizada;3,95;Desembarcados;BRMAO;BRSSZ
1574875;Cabotagem;2;Carga Conteinerizada;Conteinerizada;3,95;Desembarcados;BRMAO;BRSSZ
1574875;Cabotagem;2;Carga Conteinerizada;Conteinerizada;3,95;Desembarcados;BRMAO;BRSSZ
1574875;Cabotagem;2;Carga Conteinerizada;Conteinerizada;3,7;Desembarcados;BRMAO;BRSSZ
1574875;Cabotagem;2;Carga Conteinerizada;Conteinerizada;3,95;Desembarcados;BRMAO;BRSSZ
1574875;Cabotagem;2;Carga Conteinerizada;Conteinerizada;3,95;Desembarcados;BRMAO;BRSSZ
1574875;Cabotagem;2;Carga Conteinerizada;Conteinerizada;3,95;Desembarcados;BRMAO;BRSSZ
1574875;Cabotagem;2;Carga Conteinerizada;Conteinerizada;3,7;Desembarcados;BRMAO;BRSSZ
1574875;Cabotagem;2;Carga Conteinerizada;Conteinerizada;3,7;Desembarcados;BRMAO;BRSSZ
1574875;Cabotagem;2;Carga Conteinerizada;Conteinerizada;3,88;Desembarcados;BRMAO;BRSSZ
1574875;Cabotagem;2;Carga Conteinerizada;Conteinerizada;3,86;Desembarcados;BRMAO;BRSSZ
1574875;Cabotagem;2;Carga Conteinerizada;Conteinerizada;3,95;Desembarcados;BRMAO;BRSSZ
1574875;Cabotagem;2;Carga Conteinerizada;Conteinerizada;3,95;Desembarcados;BRMAO;BRSSZ
1574875;Cabotagem;2;Carga Conteinerizada;Conteinerizada;3,95;Desembarcados;BRMAO;BRSSZ
1574875;Cabotagem;2;Carga Conteinerizada;Conteinerizada;4;Desembarcados;BRMAO;BRSSZ
1574875;Cabotagem;2;Carga Conteinerizada;Conteinerizada;3,95;Desembarcados;BRMAO;BRSSZ
1574875;Cabotagem;2;Carga Conteinerizada;Conteinerizada;4,06;Desembarcados;BRMAO;BRSSZ
1574875;Cabotagem;2;Carga Conteinerizada;Conteinerizada;3,95;Desembarcados;BRMAO;BRSSZ
1574875;Cabotagem;2;Carga Conteinerizada;Conteinerizada;3,95;Desembarcados;BRMAO;BRSSZ
1574875;Cabotagem;2;Carga Conteinerizada;Conteinerizada;3,95;Desembarcados;BRMAO;BRSSZ
1574875;Cabotagem;2;Carga Conteinerizada;Conteinerizada;3,7;Desembarcados;BRMAO;BRSSZ
1574875;Cabotagem;2;Carga Conteinerizada;Conteinerizada;3,95;Desembarcados;BRMAO;BRSSZ
1574875;Cabotagem;2;Carga Conteinerizada;Conteinerizada;3,95;Desembarcados;BRMAO;BRSSZ
1574875;Cabotagem;2;Carga Conteinerizada;Conteinerizada;3,95;Desembarcados;BRMAO;BRSSZ
1574875;Cabotagem;2;Carga Conteinerizada;Conteinerizada;3,95;Desembarcados;BRMAO;BRSSZ
1574875;Cabotagem;2;Carga Conteinerizada;Conteinerizada;3,95;Desembarcados;BRMAO;BRSSZ
1574875;Cabotagem;2;Carga Conteinerizada;Conteinerizada;3,95;Desembarcados;BRMAO;BRSSZ
1574875;Cabotagem;2;Carga Conteinerizada;Conteinerizada;3,95;Desembarcados;BRMAO;BRSSZ
1574875;Cabotagem;2;Carga Conteinerizada;Conteinerizada;3,7;Desembarcados;BRMAO;BRSSZ
1574875;Cabotagem;2;Carga Conteinerizada;Conteinerizada;3,95;Desembarcados;BRMAO;BRSSZ
1574875;Cabotagem;2;Carga Conteinerizada;Conteinerizada;3,95;Desembarcados;BRMAO;BRSSZ
1574875;Cabotagem;2;Carga Conteinerizada;Conteinerizada;3,95;Desembarcados;BRMAO;BRSSZ
1574875;Cabotagem;2;Carga Conteinerizada;Conteinerizada;3,95;Desembarcados;BRMAO;BRSSZ
1574875;Cabotagem;2;Carga Conteinerizada;Conteinerizada;3,95;Desembarcados;BRMAO;BRSSZ
1574875;Cabotagem;2;Carga Conteinerizada;Conteinerizada;3,95;Desembarcados;BRMAO;BRSSZ
1574875;Cabotagem;2;Carga Conteinerizada;Conteinerizada;3,95;Desembarcados;BRMAO;BRSSZ
1574875;Cabotagem;2;Carga Conteinerizada;Conteinerizada;3,95;Desembarcados;BRMAO;BRSSZ
1574875;Cabotagem;2;Carga Conteinerizada;Conteinerizada;3,95;Desembarcados;BRMAO;BRSSZ
1574875;Cabotagem;2;Carga Conteinerizada;Conteinerizada;4;Desembarcados;BRMAO;BRSSZ
1574875;Cabotagem;2;Carga Conteinerizada;Conteinerizada;3,95;Desembarcados;BRMAO;BRSSZ
1574875;Cabotagem;2;Carga Conteinerizada;Conteinerizada;3,95;Desembarcados;BRMAO;BRSSZ
1574875;Cabotagem;2;Carga Conteinerizada;Conteinerizada;3,95;Desembarcados;BRMAO;BRSSZ
1574875;Cabotagem;2;Carga Conteinerizada;Conteinerizada;3,9;Desembarcados;BRMAO;BRSSZ
1574875;Cabotagem;2;Carga Conteinerizada;Conteinerizada;3,95;Desembarcados;BRMAO;BRSSZ
1574875;Cabotagem;2;Carga Conteinerizada;Conteinerizada;3,95;Desembarcados;BRMAO;BRSSZ
1574875;Cabotagem;2;Carga Conteinerizada;Conteinerizada;3,95;Desembarcados;BRMAO;BRSSZ
1574875;Cabotagem;2;Carga Conteinerizada;Conteinerizada;3,95;Desembarcados;BRMAO;BRSSZ
1574875;Cabotagem;2;Carga Conteinerizada;Conteinerizada;3,9;Desembarcados;BRMAO;BRSSZ
1574875;Cabotagem;2;Carga Conteinerizada;Conteinerizada;3,95;Desembarcados;BRMAO;BRSSZ
1574875;Cabotagem;2;Carga Conteinerizada;Conteinerizada;3,95;Desembarcados;BRMAO;BRSSZ
1574875;Cabotagem;2;Carga Conteinerizada;Conteinerizada;3,95;Desembarcados;BRMAO;BRSSZ
1574875;Cabotagem;2;Carga Conteinerizada;Conteinerizada;3,95;Desembarcados;BRMAO;BRSSZ
1574875;Cabotagem;2;Carga Conteinerizada;Conteinerizada;3,95;Desembarcados;BRMAO;BRSSZ
1574875;Cabotagem;2;Carga Conteinerizada;Conteinerizada;3,95;Desembarcados;BRMAO;BRSSZ
1574875;Cabotagem;2;Carga Conteinerizada;Conteinerizada;3,7;Desembarcados;BRMAO;BRSSZ
1574875;Cabotagem;2;Carga Conteinerizada;Conteinerizada;3,95;Desembarcados;BRMAO;BRSSZ
1574875;Cabotagem;2;Carga Conteinerizada;Conteinerizada;3,95;Desembarcados;BRMAO;BRSSZ
1574875;Cabotagem;2;Carga Conteinerizada;Conteinerizada;3,95;Desembarcados;BRMAO;BRSSZ
1574875;Cabotagem;2;Carga Conteinerizada;Conteinerizada;3,95;Desembarcados;BRMAO;BRSSZ
1574875;Cabotagem;2;Carga Conteinerizada;Conteinerizada;3,95;Desembarcados;BRMAO;BRSSZ
1574875;Cabotagem;2;Carga Conteinerizada;Conteinerizada;3,95;Desembarcados;BRMAO;BRSSZ
1574875;Cabotagem;2;Carga Conteinerizada;Conteinerizada;3,95;Desembarcados;BRMAO;BRSSZ
1574875;Cabotagem;2;Carga Conteinerizada;Conteinerizada;3,95;Desembarcados;BRMAO;BRSSZ
1574875;Cabotagem;2;Carga Conteinerizada;Conteinerizada;3,7;Desembarcados;BRMAO;BRSSZ
1574875;Cabotagem;2;Carga Conteinerizada;Conteinerizada;3,95;Desembarcados;BRMAO;BRSSZ
1574875;Cabotagem;2;Carga Conteinerizada;Conteinerizada;3,95;Desembarcados;BRMAO;BRSSZ
1574875;Cabotagem;2;Carga Conteinerizada;Conteinerizada;3,95;Desembarcados;BRMAO;BRSSZ
1574875;Cabotagem;2;Carga Conteinerizada;Conteinerizada;3,95;Desembarcados;BRMAO;BRSSZ
1574875;Cabotagem;2;Carga Conteinerizada;Conteinerizada;3,95;Desembarcados;BRMAO;BRSSZ
1574875;Cabotagem;2;Carga Conteinerizada;Conteinerizada;3,95;Desembarcados;BRMAO;BRSSZ
1574875;Cabotagem;2;Carga Conteinerizada;Conteinerizada;3,95;Desembarcados;BRMAO;BRSSZ
1574875;Cabotagem;2;Carga Conteinerizada;Conteinerizada;3,95;Desembarcados;BRMAO;BRSSZ
1574875;Cabotagem;2;Carga Conteinerizada;Conteinerizada;3,95;Desembarcados;BRMAO;BRSSZ
1574875;Cabotagem;2;Carga Conteinerizada;Conteinerizada;3,7;Desembarcados;BRMAO;BRSSZ
1574875;Cabotagem;2;Carga Conteinerizada;Conteinerizada;3,95;Desembarcados;BRMAO;BRSSZ
1574875;Cabotagem;2;Carga Conteinerizada;Conteinerizada;3,95;Desembarcados;BRMAO;BRSSZ
1574875;Cabotagem;2;Carga Conteinerizada;Conteinerizada;3,95;Desembarcados;BRMAO;BRSSZ
1574875;Cabotagem;2;Carga Conteinerizada;Conteinerizada;3,3;Desembarcados;BRMAO;BRSSZ
1574875;Cabotagem;2;Carga Conteinerizada;Conteinerizada;3,95;Desembarcados;BRMAO;BRSSZ
1574875;Cabotagem;2;Carga Conteinerizada;Conteinerizada;3,95;Desembarcados;BRMAO;BRSSZ
1574875;Cabotagem;2;Carga Conteinerizada;Conteinerizada;3,86;Desembarcados;BRMAO;BRSSZ
1574875;Cabotagem;2;Carga Conteinerizada;Conteinerizada;3,86;Desembarcados;BRMAO;BRSSZ
1574875;Cabotagem;2;Carga Conteinerizada;Conteinerizada;3,95;Desembarcados;BRMAO;BRSSZ
1574875;Cabotagem;2;Carga Conteinerizada;Conteinerizada;3,95;Desembarcados;BRMAO;BRSSZ
1574875;Cabotagem;2;Carga Conteinerizada;Conteinerizada;3,95;Desembarcados;BRMAO;BRSSZ
1574875;Cabotagem;2;Carga Conteinerizada;Conteinerizada;3,95;Desembarcados;BRMAO;BRSSZ
1574875;Cabotagem;2;Carga Conteinerizada;Conteinerizada;3,95;Desembarcados;BRMAO;BRSSZ
1574875;Cabotagem;2;Carga Conteinerizada;Conteinerizada;3,95;Desembarcados;BRMAO;BRSSZ
1574875;Cabotagem;2;Carga Conteinerizada;Conteinerizada;3,7;Desembarcados;BRMAO;BRSSZ
1574875;Cabotagem;2;Carga Conteinerizada;Conteinerizada;3,95;Desembarcados;BRMAO;BRSSZ
1574875;Cabotagem;2;Carga Conteinerizada;Conteinerizada;3,95;Desembarcados;BRMAO;BRSSZ
1574875;Cabotagem;2;Carga Conteinerizada;Conteinerizada;3,95;Desembarcados;BRMAO;BRSSZ
1574875;Cabotagem;2;Carga Conteinerizada;Conteinerizada;3,95;Desembarcados;BRMAO;BRSSZ
1574875;Cabotagem;2;Carga Conteinerizada;Conteinerizada;3,95;Desembarcados;BRMAO;BRSSZ
1574875;Cabotagem;2;Carga Conteinerizada;Conteinerizada;3,95;Desembarcados;BRMAO;BRSSZ
1574875;Cabotagem;2;Carga Conteinerizada;Conteinerizada;3,86;Desembarcados;BRMAO;BRSSZ
1574875;Cabotagem;2;Carga Conteinerizada;Conteinerizada;3,95;Desembarcados;BRMAO;BRSSZ
1574875;Cabotagem;2;Carga Conteinerizada;Conteinerizada;3,95;Desembarcados;BRMAO;BRSSZ
1574875;Cabotagem;2;Carga Conteinerizada;Conteinerizada;3,95;Desembarcados;BRMAO;BRSSZ
1574875;Cabotagem;2;Carga Conteinerizada;Conteinerizada;3,95;Desembarcados;BRMAO;BRSSZ
1574875;Cabotagem;2;Carga Conteinerizada;Conteinerizada;4;Desembarcados;BRMAO;BRSSZ
1574875;Cabotagem;2;Carga Conteinerizada;Conteinerizada;3,95;Desembarcados;BRMAO;BRSSZ
1574875;Cabotagem;2;Carga Conteinerizada;Conteinerizada;3,86;Desembarcados;BRMAO;BRSSZ
1574875;Cabotagem;2;Carga Conteinerizada;Conteinerizada;3,86;Desembarcados;BRMAO;BRSSZ
1574875;Cabotagem;2;Carga Conteinerizada;Conteinerizada;3,9;Desembarcados;BRMAO;BRSSZ
1574875;Cabotagem;2;Carga Conteinerizada;Conteinerizada;3,95;Desembarcados;BRMAO;BRSSZ
1574875;Cabotagem;2;Carga Conteinerizada;Conteinerizada;3,95;Desembarcados;BRMAO;BRSSZ
1574875;Cabotagem;2;Carga Conteinerizada;Conteinerizada;3,95;Desembarcados;BRMAO;BRSSZ
1574875;Cabotagem;2;Carga Conteinerizada;Conteinerizada;3,95;Desembarcados;BRMAO;BRSSZ
1574875;Cabotagem;2;Carga Conteinerizada;Conteinerizada;3,95;Desembarcados;BRMAO;BRSSZ
1574875;Cabotagem;2;Carga Conteinerizada;Conteinerizada;3,95;Desembarcados;BRMAO;BRSSZ
1574875;Cabotagem;2;Carga Conteinerizada;Conteinerizada;3,95;Desembarcados;BRMAO;BRSSZ
1574875;Cabotagem;2;Carga Conteinerizada;Conteinerizada;3,95;Desembarcados;BRMAO;BRSSZ
1574875;Cabotagem;2;Carga Conteinerizada;Conteinerizada;3,3;Desembarcados;BRMAO;BRSSZ
1574875;Cabotagem;2;Carga Conteinerizada;Conteinerizada;3,95;Desembarcados;BRMAO;BRSSZ
1574875;Cabotagem;2;Carga Conteinerizada;Conteinerizada;3,95;Desembarcados;BRMAO;BRSSZ
1574875;Cabotagem;2;Carga Conteinerizada;Conteinerizada;3,95;Desembarcados;BRMAO;BRSSZ
1574875;Cabotagem;2;Carga Conteinerizada;Conteinerizada;3,95;Desembarcados;BRMAO;BRSSZ
1574875;Cabotagem;2;Carga Conteinerizada;Conteinerizada;3,95;Desembarcados;BRMAO;BRSSZ
1574875;Cabotagem;2;Carga Conteinerizada;Conteinerizada;3,95;Desembarcados;BRMAO;BRSSZ
1574875;Cabotagem;2;Carga Conteinerizada;Conteinerizada;3,95;Desembarcados;BRMAO;BRSSZ
1574875;Cabotagem;2;Carga Conteinerizada;Conteinerizada;3,95;Desembarcados;BRMAO;BRSSZ
1574875;Cabotagem;2;Carga Conteinerizada;Conteinerizada;3,95;Desembarcados;BRMAO;BRSSZ
1574875;Cabotagem;2;Carga Conteinerizada;Conteinerizada;4,06;Desembarcados;BRMAO;BRSSZ
1574875;Cabotagem;2;Carga Conteinerizada;Conteinerizada;3,86;Desembarcados;BRMAO;BRSSZ
1574875;Cabotagem;2;Carga Conteinerizada;Conteinerizada;3,95;Desembarcados;BRMAO;BRSSZ
1574875;Cabotagem;2;Carga Conteinerizada;Conteinerizada;3,95;Desembarcados;BRMAO;BRSSZ
1574875;Cabotagem;2;Carga Conteinerizada;Conteinerizada;3,95;Desembarcados;BRMAO;BRSSZ
1574875;Cabotagem;2;Carga Conteinerizada;Conteinerizada;3,95;Desembarcados;BRMAO;BRSSZ
1574875;Cabotagem;2;Carga Conteinerizada;Conteinerizada;3,95;Desembarcados;BRMAO;BRSSZ
1574875;Cabotagem;2;Carga Conteinerizada;Conteinerizada;3,86;Desembarcados;BRMAO;BRSSZ
1574875;Cabotagem;2;Carga Conteinerizada;Conteinerizada;3,95;Desembarcados;BRMAO;BRSSZ
1574875;Cabotagem;2;Carga Conteinerizada;Conteinerizada;3,95;Desembarcados;BRMAO;BRSSZ
1574875;Cabotagem;2;Carga Conteinerizada;Conteinerizada;3,7;Desembarcados;BRMAO;BRSSZ
1574875;Cabotagem;2;Carga Conteinerizada;Conteinerizada;3,86;Desembarcados;BRMAO;BRSSZ
1574875;Cabotagem;2;Carga Conteinerizada;Conteinerizada;3,95;Desembarcados;BRMAO;BRSSZ
1574875;Cabotagem;2;Carga Conteinerizada;Conteinerizada;3,95;Desembarcados;BRMAO;BRSSZ
1574875;Cabotagem;2;Carga Conteinerizada;Conteinerizada;3,95;Desembarcados;BRMAO;BRSSZ
1574875;Cabotagem;2;Carga Conteinerizada;Conteinerizada;3,95;Desembarcados;BRMAO;BRSSZ
1574875;Cabotagem;2;Carga Conteinerizada;Conteinerizada;3,95;Desembarcados;BRMAO;BRSSZ
1574875;Cabotagem;2;Carga Conteinerizada;Conteinerizada;3,95;Desembarcados;BRMAO;BRSSZ
1574875;Cabotagem;2;Carga Conteinerizada;Conteinerizada;3,95;Desembarcados;BRMAO;BRSSZ
1574875;Cabotagem;2;Carga Conteinerizada;Conteinerizada;3,95;Desembarcados;BRMAO;BRSSZ
1574875;Cabotagem;2;Carga Conteinerizada;Conteinerizada;3,95;Desembarcados;BRMAO;BRSSZ
1574875;Cabotagem;2;Carga Conteinerizada;Conteinerizada;3,95;Desembarcados;BRMAO;BRSSZ
1574875;Cabotagem;2;Carga Conteinerizada;Conteinerizada;3,95;Desembarcados;BRMAO;BRSSZ
1574875;Cabotagem;2;Carga Conteinerizada;Conteinerizada;3,95;Desembarcados;BRMAO;BRSSZ
1574875;Cabotagem;2;Carga Conteinerizada;Conteinerizada;3,95;Desembarcados;BRMAO;BRSSZ
1574875;Cabotagem;2;Carga Conteinerizada;Conteinerizada;3,86;Desembarcados;BRMAO;BRSSZ
1574875;Cabotagem;2;Carga Conteinerizada;Conteinerizada;3,95;Desembarcados;BRMAO;BRSSZ
1574875;Cabotagem;2;Carga Conteinerizada;Conteinerizada;3,95;Desembarcados;BRMAO;BRSSZ
1574875;Cabotagem;2;Carga Conteinerizada;Conteinerizada;4,2;Desembarcados;BRMAO;BRSSZ
1574875;Cabotagem;2;Carga Conteinerizada;Conteinerizada;3,95;Desembarcados;BRMAO;BRSSZ
1574875;Cabotagem;2;Carga Conteinerizada;Conteinerizada;3,7;Desembarcados;BRMAO;BRSSZ
1574875;Cabotagem;2;Carga Conteinerizada;Conteinerizada;3,95;Desembarcados;BRMAO;BRSSZ
1574875;Cabotagem;2;Carga Conteinerizada;Conteinerizada;3,95;Desembarcados;BRMAO;BRSSZ
1574875;Cabotagem;2;Carga Conteinerizada;Conteinerizada;3,95;Desembarcados;BRMAO;BRSSZ
1574875;Cabotagem;2;Carga Conteinerizada;Conteinerizada;4,06;Desembarcados;BRMAO;BRSSZ
1574875;Cabotagem;2;Carga Conteinerizada;Conteinerizada;3,95;Desembarcados;BRMAO;BRSSZ
1574875;Cabotagem;2;Carga Conteinerizada;Conteinerizada;3,95;Desembarcados;BRMAO;BRSSZ
1574875;Cabotagem;2;Carga Conteinerizada;Conteinerizada;3,7;Desembarcados;BRMAO;BRSSZ
1574875;Cabotagem;2;Carga Conteinerizada;Conteinerizada;3,95;Desembarcados;BRMAO;BRSSZ
1574875;Cabotagem;2;Carga Conteinerizada;Conteinerizada;3,7;Desembarcados;BRMAO;BRSSZ
1574875;Cabotagem;2;Carga Conteinerizada;Conteinerizada;3,95;Desembarcados;BRMAO;BRSSZ
1574875;Cabotagem;2;Carga Conteinerizada;Conteinerizada;3,95;Desembarcados;BRMAO;BRSSZ
1574875;Cabotagem;2;Carga Conteinerizada;Conteinerizada;3,7;Desembarcados;BRMAO;BRSSZ
1574875;Cabotagem;2;Carga Conteinerizada;Conteinerizada;3,95;Desembarcados;BRMAO;BRSSZ
1574875;Cabotagem;2;Carga Conteinerizada;Conteinerizada;3,95;Desembarcados;BRMAO;BRSSZ
1574875;Cabotagem;2;Carga Conteinerizada;Conteinerizada;3,95;Desembarcados;BRMAO;BRSSZ
1574875;Cabotagem;2;Carga Conteinerizada;Conteinerizada;3,9;Desembarcados;BRMAO;BRSSZ
1574875;Cabotagem;2;Carga Conteinerizada;Conteinerizada;3,95;Desembarcados;BRMAO;BRSSZ
1574875;Cabotagem;2;Carga Conteinerizada;Conteinerizada;3,95;Desembarcados;BRMAO;BRSSZ
1574875;Cabotagem;2;Carga Conteinerizada;Conteinerizada;3,95;Desembarcados;BRMAO;BRSSZ
1574875;Cabotagem;2;Carga Conteinerizada;Conteinerizada;3,7;Desembarcados;BRMAO;BRSSZ
1574875;Cabotagem;2;Carga Conteinerizada;Conteinerizada;3,95;Desembarcados;BRMAO;BRSSZ
1574875;Cabotagem;2;Carga Conteinerizada;Conteinerizada;3,7;Desembarcados;BRMAO;BRSSZ
1574875;Cabotagem;2;Carga Conteinerizada;Conteinerizada;3,95;Desembarcados;BRMAO;BRSSZ
1574875;Cabotagem;2;Carga Conteinerizada;Conteinerizada;3,95;Desembarcados;BRMAO;BRSSZ
1574875;Cabotagem;2;Carga Conteinerizada;Conteinerizada;3,7;Desembarcados;BRMAO;BRSSZ
1574875;Cabotagem;2;Carga Conteinerizada;Conteinerizada;3,95;Desembarcados;BRMAO;BRSSZ
1574875;Cabotagem;2;Carga Conteinerizada;Conteinerizada;3,7;Desembarcados;BRMAO;BRSSZ
1574875;Cabotagem;2;Carga Conteinerizada;Conteinerizada;3,95;Desembarcados;BRMAO;BRSSZ
1574875;Cabotagem;2;Carga Conteinerizada;Conteinerizada;3,7;Desembarcados;BRMAO;BRSSZ
1574875;Cabotagem;2;Carga Conteinerizada;Conteinerizada;3,7;Desembarcados;BRMAO;BRSSZ
1574875;Cabotagem;2;Carga Conteinerizada;Conteinerizada;3,95;Desembarcados;BRMAO;BRSSZ
1574875;Cabotagem;2;Carga Conteinerizada;Conteinerizada;3,95;Desembarcados;BRMAO;BRSSZ
1574875;Cabotagem;2;Carga Conteinerizada;Conteinerizada;3,95;Desembarcados;BRMAO;BRSSZ
1574875;Cabotagem;2;Carga Conteinerizada;Conteinerizada;3,95;Desembarcados;BRMAO;BRSSZ
1574875;Cabotagem;2;Carga Conteinerizada;Conteinerizada;3,95;Desembarcados;BRMAO;BRSSZ
1574875;Cabotagem;2;Carga Conteinerizada;Conteinerizada;3,95;Desembarcados;BRMAO;BRSSZ
1574875;Cabotagem;2;Carga Conteinerizada;Conteinerizada;3,95;Desembarcados;BRMAO;BRSSZ
1574875;Cabotagem;2;Carga Conteinerizada;Conteinerizada;3,95;Desembarcados;BRMAO;BRSSZ
1574875;Cabotagem;2;Carga Conteinerizada;Conteinerizada;3,95;Desembarcados;BRMAO;BRSSZ
1574875;Cabotagem;2;Carga Conteinerizada;Conteinerizada;3,95;Desembarcados;BRMAO;BRSSZ
1574875;Cabotagem;2;Carga Conteinerizada;Conteinerizada;3,95;Desembarcados;BRMAO;BRSSZ
1574875;Cabotagem;2;Carga Conteinerizada;Conteinerizada;3,95;Desembarcados;BRMAO;BRSSZ
1574875;Cabotagem;2;Carga Conteinerizada;Conteinerizada;3,95;Desembarcados;BRMAO;BRSSZ
1574875;Cabotagem;2;Carga Conteinerizada;Conteinerizada;3,95;Desembarcados;BRMAO;BRSSZ
1574875;Cabotagem;2;Carga Conteinerizada;Conteinerizada;3,95;Desembarcados;BRMAO;BRSSZ
1574875;Cabotagem;2;Carga Conteinerizada;Conteinerizada;3,95;Desembarcados;BRMAO;BRSSZ
1574875;Cabotagem;2;Carga Conteinerizada;Conteinerizada;3,95;Desembarcados;BRMAO;BRSSZ
1574875;Cabotagem;2;Carga Conteinerizada;Conteinerizada;3,95;Desembarcados;BRMAO;BRSSZ
1574875;Cabotagem;2;Carga Conteinerizada;Conteinerizada;3,95;Desembarcados;BRMAO;BRSSZ
1574875;Cabotagem;2;Carga Conteinerizada;Conteinerizada;3,95;Desembarcados;BRMAO;BRSSZ
1574875;Cabotagem;2;Carga Conteinerizada;Conteinerizada;3,95;Desembarcados;BRMAO;BRSSZ
1574875;Cabotagem;2;Carga Conteinerizada;Conteinerizada;3,7;Desembarcados;BRMAO;BRSSZ
1574875;Cabotagem;2;Carga Conteinerizada;Conteinerizada;3,95;Desembarcados;BRMAO;BRSSZ
1574875;Cabotagem;2;Carga Conteinerizada;Conteinerizada;3,95;Desembarcados;BRMAO;BRSSZ
1574875;Cabotagem;2;Carga Conteinerizada;Conteinerizada;3,95;Desembarcados;BRMAO;BRSSZ
1574875;Cabotagem;2;Carga Conteinerizada;Conteinerizada;3,95;Desembarcados;BRMAO;BRSSZ
1574875;Cabotagem;2;Carga Conteinerizada;Conteinerizada;3,95;Desembarcados;BRMAO;BRSSZ
1574875;Cabotagem;2;Carga Conteinerizada;Conteinerizada;3,95;Desembarcados;BRMAO;BRSSZ
1574875;Cabotagem;2;Carga Conteinerizada;Conteinerizada;3,95;Desembarcados;BRMAO;BRSSZ
1574875;Cabotagem;2;Carga Conteinerizada;Conteinerizada;3,95;Desembarcados;BRMAO;BRSSZ
1574875;Cabotagem;2;Carga Conteinerizada;Conteinerizada;3,95;Desembarcados;BRMAO;BRSSZ
1574875;Cabotagem;2;Carga Conteinerizada;Conteinerizada;3,7;Desembarcados;BRMAO;BRSSZ
1574875;Cabotagem;2;Carga Conteinerizada;Conteinerizada;3,95;Desembarcados;BRMAO;BRSSZ
1574875;Cabotagem;2;Carga Conteinerizada;Conteinerizada;3,95;Desembarcados;BRMAO;BRSSZ
1574875;Cabotagem;2;Carga Conteinerizada;Conteinerizada;3,95;Desembarcados;BRMAO;BRSSZ
1574875;Cabotagem;2;Carga Conteinerizada;Conteinerizada;3,7;Desembarcados;BRMAO;BRSSZ
1574875;Cabotagem;2;Carga Conteinerizada;Conteinerizada;3,95;Desembarcados;BRMAO;BRSSZ
1574875;Cabotagem;2;Carga Conteinerizada;Conteinerizada;3,95;Desembarcados;BRMAO;BRSSZ
1574875;Cabotagem;2;Carga Conteinerizada;Conteinerizada;3,95;Desembarcados;BRMAO;BRSSZ
1574875;Cabotagem;2;Carga Conteinerizada;Conteinerizada;3,7;Desembarcados;BRMAO;BRSSZ
1574875;Cabotagem;2;Carga Conteinerizada;Conteinerizada;3,95;Desembarcados;BRMAO;BRSSZ
1574875;Cabotagem;2;Carga Conteinerizada;Conteinerizada;3,95;Desembarcados;BRMAO;BRSSZ
1574875;Cabotagem;2;Carga Conteinerizada;Conteinerizada;3,95;Desembarcados;BRMAO;BRSSZ
1574875;Cabotagem;2;Carga Conteinerizada;Conteinerizada;3,95;Desembarcados;BRMAO;BRSSZ
1574875;Cabotagem;2;Carga Conteinerizada;Conteinerizada;3,95;Desembarcados;BRMAO;BRSSZ
1574875;Cabotagem;2;Carga Conteinerizada;Conteinerizada;3,95;Desembarcados;BRMAO;BRSSZ
1574875;Cabotagem;2;Carga Conteinerizada;Conteinerizada;3,7;Desembarcados;BRMAO;BRSSZ
1574875;Cabotagem;2;Carga Conteinerizada;Conteinerizada;3,95;Desembarcados;BRMAO;BRSSZ
1574875;Cabotagem;2;Carga Conteinerizada;Conteinerizada;4;Desembarcados;BRMAO;BRSSZ
1574875;Cabotagem;2;Carga Conteinerizada;Conteinerizada;3,95;Desembarcados;BRMAO;BRSSZ
1574875;Cabotagem;2;Carga Conteinerizada;Conteinerizada;3,95;Desembarcados;BRMAO;BRSSZ
1574875;Cabotagem;2;Carga Conteinerizada;Conteinerizada;3,95;Desembarcados;BRMAO;BRSSZ
1574875;Cabotagem;2;Carga Conteinerizada;Conteinerizada;3,95;Desembarcados;BRMAO;BRSSZ
1574875;Cabotagem;2;Carga Conteinerizada;Conteinerizada;3,95;Desembarcados;BRMAO;BRSSZ
1574875;Cabotagem;2;Carga Conteinerizada;Conteinerizada;3,95;Desembarcados;BRMAO;BRSSZ
1574875;Cabotagem;2;Carga Conteinerizada;Conteinerizada;3,95;Desembarcados;BRMAO;BRSSZ
1574875;Cabotagem;2;Carga Conteinerizada;Conteinerizada;3,95;Desembarcados;BRMAO;BRSSZ
1574875;Cabotagem;2;Carga Conteinerizada;Conteinerizada;3,95;Desembarcados;BRMAO;BRSSZ
1574875;Cabotagem;2;Carga Conteinerizada;Conteinerizada;3,9;Desembarcados;BRMAO;BRSSZ
1574875;Cabotagem;2;Carga Conteinerizada;Conteinerizada;3,95;Desembarcados;BRMAO;BRSSZ
1574875;Cabotagem;2;Carga Conteinerizada;Conteinerizada;3,95;Desembarcados;BRMAO;BRSSZ
1574875;Cabotagem;2;Carga Conteinerizada;Conteinerizada;3,95;Desembarcados;BRMAO;BRSSZ
1574875;Cabotagem;2;Carga Conteinerizada;Conteinerizada;3,95;Desembarcados;BRMAO;BRSSZ
1574875;Cabotagem;2;Carga Conteinerizada;Conteinerizada;3,95;Desembarcados;BRMAO;BRSSZ
1574875;Cabotagem;2;Carga Conteinerizada;Conteinerizada;3,95;Desembarcados;BRMAO;BRSSZ
1574875;Cabotagem;2;Carga Conteinerizada;Conteinerizada;3,95;Desembarcados;BRMAO;BRSSZ
1574875;Cabotagem;2;Carga Conteinerizada;Conteinerizada;3,95;Desembarcados;BRMAO;BRSSZ
1574875;Cabotagem;2;Carga Conteinerizada;Conteinerizada;3,95;Desembarcados;BRMAO;BRSSZ
1574875;Cabotagem;2;Carga Conteinerizada;Conteinerizada;3,95;Desembarcados;BRMAO;BRSSZ
1574875;Cabotagem;2;Carga Conteinerizada;Conteinerizada;3,95;Desembarcados;BRMAO;BRSSZ
1574875;Cabotagem;2;Carga Conteinerizada;Conteinerizada;3,95;Desembarcados;BRMAO;BRSSZ
1574875;Cabotagem;2;Carga Conteinerizada;Conteinerizada;3,84;Desembarcados;BRMAO;BRSSZ
1574875;Cabotagem;2;Carga Conteinerizada;Conteinerizada;3,95;Desembarcados;BRMAO;BRSSZ
1574875;Cabotagem;2;Carga Conteinerizada;Conteinerizada;3,95;Desembarcados;BRMAO;BRSSZ
1574875;Cabotagem;2;Carga Conteinerizada;Conteinerizada;3,95;Desembarcados;BRMAO;BRSSZ
1574875;Cabotagem;2;Carga Conteinerizada;Conteinerizada;3,7;Desembarcados;BRMAO;BRSSZ
1574875;Cabotagem;2;Carga Conteinerizada;Conteinerizada;3,95;Desembarcados;BRMAO;BRSSZ
1574875;Cabotagem;2;Carga Conteinerizada;Conteinerizada;3,95;Desembarcados;BRMAO;BRSSZ
1574875;Cabotagem;2;Carga Conteinerizada;Conteinerizada;3,95;Desembarcados;BRMAO;BRSSZ
1574875;Cabotagem;2;Carga Conteinerizada;Conteinerizada;3,95;Desembarcados;BRMAO;BRSSZ
1574875;Cabotagem;2;Carga Conteinerizada;Conteinerizada;3,7;Desembarcados;BRMAO;BRSSZ
1574875;Cabotagem;2;Carga Conteinerizada;Conteinerizada;3,95;Desembarcados;BRMAO;BRSSZ
1574875;Cabotagem;2;Carga Conteinerizada;Conteinerizada;3,95;Desembarcados;BRMAO;BRSSZ
1574875;Cabotagem;2;Carga Conteinerizada;Conteinerizada;3,95;Desembarcados;BRMAO;BRSSZ
1574875;Cabotagem;2;Carga Conteinerizada;Conteinerizada;3,95;Desembarcados;BRMAO;BRSSZ
1574875;Cabotagem;2;Carga Conteinerizada;Conteinerizada;3,95;Desembarcados;BRMAO;BRSSZ
1574875;Cabotagem;2;Carga Conteinerizada;Conteinerizada;3,95;Desembarcados;BRMAO;BRSSZ
1574875;Cabotagem;2;Carga Conteinerizada;Conteinerizada;3,95;Desembarcados;BRMAO;BRSSZ
1574875;Cabotagem;2;Carga Conteinerizada;Conteinerizada;3,95;Desembarcados;BRMAO;BRSSZ
1574875;Cabotagem;2;Carga Conteinerizada;Conteinerizada;3,95;Desembarcados;BRMAO;BRSSZ
1574875;Cabotagem;2;Carga Conteinerizada;Conteinerizada;3,95;Desembarcados;BRMAO;BRSSZ
1574875;Cabotagem;2;Carga Conteinerizada;Conteinerizada;3,95;Desembarcados;BRMAO;BRSSZ
1574875;Cabotagem;2;Carga Conteinerizada;Conteinerizada;3,7;Desembarcados;BRMAO;BRSSZ
1574875;Cabotagem;2;Carga Conteinerizada;Conteinerizada;3,95;Desembarcados;BRMAO;BRSSZ
1574875;Cabotagem;2;Carga Conteinerizada;Conteinerizada;3,95;Desembarcados;BRMAO;BRSSZ
1574875;Cabotagem;2;Carga Conteinerizada;Conteinerizada;3,95;Desembarcados;BRMAO;BRSSZ
1574875;Cabotagem;2;Carga Conteinerizada;Conteinerizada;3,95;Desembarcados;BRMAO;BRSSZ
1574875;Cabotagem;2;Carga Conteinerizada;Conteinerizada;3,95;Desembarcados;BRMAO;BRSSZ
1574875;Cabotagem;2;Carga Conteinerizada;Conteinerizada;3,95;Desembarcados;BRMAO;BRSSZ
1574875;Cabotagem;2;Carga Conteinerizada;Conteinerizada;3,95;Desembarcados;BRMAO;BRSSZ
1574875;Cabotagem;2;Carga Conteinerizada;Conteinerizada;3,95;Desembarcados;BRMAO;BRSSZ
1574875;Cabotagem;2;Carga Conteinerizada;Conteinerizada;3,95;Desembarcados;BRMAO;BRSSZ
1574875;Cabotagem;2;Carga Conteinerizada;Conteinerizada;3,95;Desembarcados;BRMAO;BRSSZ
1574875;Cabotagem;2;Carga Conteinerizada;Conteinerizada;3,95;Desembarcados;BRMAO;BRSSZ
1574875;Cabotagem;2;Carga Conteinerizada;Conteinerizada;3,95;Desembarcados;BRMAO;BRSSZ
1574875;Cabotagem;2;Carga Conteinerizada;Conteinerizada;3,95;Desembarcados;BRMAO;BRSSZ
1574875;Cabotagem;2;Carga Conteinerizada;Conteinerizada;3,95;Desembarcados;BRMAO;BRSSZ
1574875;Cabotagem;2;Carga Conteinerizada;Conteinerizada;3,95;Desembarcados;BRMAO;BRSSZ
1574875;Cabotagem;2;Carga Conteinerizada;Conteinerizada;3,95;Desembarcados;BRMAO;BRSSZ
1574875;Cabotagem;2;Carga Conteinerizada;Conteinerizada;3,95;Desembarcados;BRMAO;BRSSZ
1574875;Cabotagem;2;Carga Conteinerizada;Conteinerizada;3,95;Desembarcados;BRMAO;BRSSZ
1574875;Cabotagem;2;Carga Conteinerizada;Conteinerizada;3,95;Desembarcados;BRMAO;BRSSZ
1574875;Cabotagem;2;Carga Conteinerizada;Conteinerizada;3,95;Desembarcados;BRMAO;BRSSZ
1574875;Cabotagem;2;Carga Conteinerizada;Conteinerizada;3,95;Desembarcados;BRMAO;BRSSZ
1574875;Cabotagem;2;Carga Conteinerizada;Conteinerizada;3,95;Desembarcados;BRMAO;BRSSZ
1574875;Cabotagem;2;Carga Conteinerizada;Conteinerizada;3,95;Desembarcados;BRMAO;BRSSZ
1574875;Cabotagem;2;Carga Conteinerizada;Conteinerizada;3,95;Desembarcados;BRMAO;BRSSZ
1574875;Cabotagem;2;Carga Conteinerizada;Conteinerizada;3,95;Desembarcados;BRMAO;BRSSZ
1574875;Cabotagem;2;Carga Conteinerizada;Conteinerizada;3,95;Desembarcados;BRMAO;BRSSZ
1574875;Cabotagem;2;Carga Conteinerizada;Conteinerizada;3,8;Desembarcados;BRMAO;BRSSZ
1574875;Cabotagem;2;Carga Conteinerizada;Conteinerizada;3,95;Desembarcados;BRMAO;BRSSZ
1574875;Cabotagem;2;Carga Conteinerizada;Conteinerizada;3,95;Desembarcados;BRMAO;BRSSZ
1574875;Cabotagem;2;Carga Conteinerizada;Conteinerizada;3,95;Desembarcados;BRMAO;BRSSZ
1574875;Cabotagem;2;Carga Conteinerizada;Conteinerizada;3,95;Desembarcados;BRMAO;BRSSZ
1574875;Cabotagem;2;Carga Conteinerizada;Conteinerizada;3,7;Desembarcados;BRMAO;BRSSZ
1574875;Cabotagem;2;Carga Conteinerizada;Conteinerizada;3,7;Desembarcados;BRMAO;BRSSZ
1574875;Cabotagem;2;Carga Conteinerizada;Conteinerizada;3,83;Desembarcados;BRMAO;BRSSZ
1574875;Cabotagem;2;Carga Conteinerizada;Conteinerizada;3,95;Desembarcados;BRMAO;BRSSZ
1574875;Cabotagem;2;Carga Conteinerizada;Conteinerizada;3,95;Desembarcados;BRMAO;BRSSZ
1574875;Cabotagem;2;Carga Conteinerizada;Conteinerizada;3,95;Desembarcados;BRMAO;BRSSZ
1574875;Cabotagem;2;Carga Conteinerizada;Conteinerizada;4;Desembarcados;BRMAO;BRSSZ
1574875;Cabotagem;2;Carga Conteinerizada;Conteinerizada;3,95;Desembarcados;BRMAO;BRSSZ
1574875;Cabotagem;2;Carga Conteinerizada;Conteinerizada;4;Desembarcados;BRMAO;BRSSZ
1574875;Cabotagem;2;Carga Conteinerizada;Conteinerizada;3,95;Desembarcados;BRMAO;BRSSZ
1574875;Cabotagem;2;Carga Conteinerizada;Conteinerizada;3,95;Desembarcados;BRMAO;BRSSZ
1574875;Cabotagem;2;Carga Conteinerizada;Conteinerizada;3,95;Desembarcados;BRMAO;BRSSZ
1574875;Cabotagem;2;Carga Conteinerizada;Conteinerizada;3,95;Desembarcados;BRMAO;BRSSZ
1574875;Cabotagem;2;Carga Conteinerizada;Conteinerizada;3,7;Desembarcados;BRMAO;BRSSZ
1574875;Cabotagem;2;Carga Conteinerizada;Conteinerizada;3,95;Desembarcados;BRMAO;BRSSZ
1574875;Cabotagem;2;Carga Conteinerizada;Conteinerizada;3,95;Desembarcados;BRMAO;BRSSZ
1574875;Cabotagem;2;Carga Conteinerizada;Conteinerizada;3,95;Desembarcados;BRMAO;BRSSZ
1574875;Cabotagem;2;Carga Conteinerizada;Conteinerizada;3,95;Desembarcados;BRMAO;BRSSZ
1574875;Cabotagem;2;Carga Conteinerizada;Conteinerizada;3,95;Desembarcados;BRMAO;BRSSZ
1574875;Cabotagem;2;Carga Conteinerizada;Conteinerizada;3,95;Desembarcados;BRMAO;BRSSZ
1574875;Cabotagem;2;Carga Conteinerizada;Conteinerizada;3,95;Desembarcados;BRMAO;BRSSZ
1574875;Cabotagem;2;Carga Conteinerizada;Conteinerizada;3,95;Desembarcados;BRMAO;BRSSZ
1574875;Cabotagem;2;Carga Conteinerizada;Conteinerizada;3,73;Desembarcados;BRMAO;BRSSZ
1574875;Cabotagem;2;Carga Conteinerizada;Conteinerizada;3,95;Desembarcados;BRMAO;BRSSZ
1574875;Cabotagem;2;Carga Conteinerizada;Conteinerizada;3,95;Desembarcados;BRMAO;BRSSZ
1574875;Cabotagem;2;Carga Conteinerizada;Conteinerizada;3,95;Desembarcados;BRMAO;BRSSZ
1574875;Cabotagem;2;Carga Conteinerizada;Conteinerizada;3,95;Desembarcados;BRMAO;BRSSZ
1574875;Cabotagem;2;Carga Conteinerizada;Conteinerizada;3,95;Desembarcados;BRMAO;BRSSZ
1574875;Cabotagem;2;Carga Conteinerizada;Conteinerizada;3,95;Desembarcados;BRMAO;BRSSZ
1574875;Cabotagem;2;Carga Conteinerizada;Conteinerizada;3,95;Desembarcados;BRMAO;BRSSZ
1574875;Cabotagem;2;Carga Conteinerizada;Conteinerizada;3,95;Desembarcados;BRMAO;BRSSZ
1574875;Cabotagem;2;Carga Conteinerizada;Conteinerizada;3,78;Desembarcados;BRMAO;BRSSZ
1574875;Cabotagem;2;Carga Conteinerizada;Conteinerizada;4;Desembarcados;BRMAO;BRSSZ
1574875;Cabotagem;2;Carga Conteinerizada;Conteinerizada;3,95;Desembarcados;BRMAO;BRSSZ
1574875;Cabotagem;2;Carga Conteinerizada;Conteinerizada;3,95;Desembarcados;BRMAO;BRSSZ
1574875;Cabotagem;2;Carga Conteinerizada;Conteinerizada;3,83;Desembarcados;BRMAO;BRSSZ
1574875;Cabotagem;2;Carga Conteinerizada;Conteinerizada;3,85;Desembarcados;BRMAO;BRSSZ
1574875;Cabotagem;2;Carga Conteinerizada;Conteinerizada;3,95;Desembarcados;BRMAO;BRSSZ
1574875;Cabotagem;2;Carga Conteinerizada;Conteinerizada;3,95;Desembarcados;BRMAO;BRSSZ
1574875;Cabotagem;2;Carga Conteinerizada;Conteinerizada;3,95;Desembarcados;BRMAO;BRSSZ
1574875;Cabotagem;2;Carga Conteinerizada;Conteinerizada;3,7;Desembarcados;BRMAO;BRSSZ
1574875;Cabotagem;2;Carga Conteinerizada;Conteinerizada;3,95;Desembarcados;BRMAO;BRSSZ
1574875;Cabotagem;2;Carga Conteinerizada;Conteinerizada;3,95;Desembarcados;BRMAO;BRSSZ
1574875;Cabotagem;2;Carga Conteinerizada;Conteinerizada;3,81;Desembarcados;BRMAO;BRSSZ
1574875;Cabotagem;2;Carga Conteinerizada;Conteinerizada;3,95;Desembarcados;BRMAO;BRSSZ
1574875;Cabotagem;2;Carga Conteinerizada;Conteinerizada;3,95;Desembarcados;BRMAO;BRSSZ
1574875;Cabotagem;2;Carga Conteinerizada;Conteinerizada;3,95;Desembarcados;BRMAO;BRSSZ
1574875;Cabotagem;2;Carga Conteinerizada;Conteinerizada;3,95;Desembarcados;BRMAO;BRSSZ
1574875;Cabotagem;2;Carga Conteinerizada;Conteinerizada;3,81;Desembarcados;BRMAO;BRSSZ
1574875;Cabotagem;2;Carga Conteinerizada;Conteinerizada;3,95;Desembarcados;BRMAO;BRSSZ
1574875;Cabotagem;2;Carga Conteinerizada;Conteinerizada;3,95;Desembarcados;BRMAO;BRSSZ
1574875;Cabotagem;2;Carga Conteinerizada;Conteinerizada;3,95;Desembarcados;BRMAO;BRSSZ
1574875;Cabotagem;2;Carga Conteinerizada;Conteinerizada;3,95;Desembarcados;BRMAO;BRSSZ
1574875;Cabotagem;2;Carga Conteinerizada;Conteinerizada;3,95;Desembarcados;BRMAO;BRSSZ
1574875;Cabotagem;2;Carga Conteinerizada;Conteinerizada;3,95;Desembarcados;BRMAO;BRSSZ
1574875;Cabotagem;2;Carga Conteinerizada;Conteinerizada;3,95;Desembarcados;BRMAO;BRSSZ
1574875;Cabotagem;2;Carga Conteinerizada;Conteinerizada;3,95;Desembarcados;BRMAO;BRSSZ
1574875;Cabotagem;2;Carga Conteinerizada;Conteinerizada;3,95;Desembarcados;BRMAO;BRSSZ
1574875;Cabotagem;2;Carga Conteinerizada;Conteinerizada;3,83;Desembarcados;BRMAO;BRSSZ
1574875;Cabotagem;2;Carga Conteinerizada;Conteinerizada;3,95;Desembarcados;BRMAO;BRSSZ
1574875;Cabotagem;2;Carga Conteinerizada;Conteinerizada;3,95;Desembarcados;BRMAO;BRSSZ
1574875;Cabotagem;2;Carga Conteinerizada;Conteinerizada;3,95;Desembarcados;BRMAO;BRSSZ
1574875;Cabotagem;2;Carga Conteinerizada;Conteinerizada;3,95;Desembarcados;BRMAO;BRSSZ
1574875;Cabotagem;2;Carga Conteinerizada;Conteinerizada;3,95;Desembarcados;BRMAO;BRSSZ
1574875;Cabotagem;2;Carga Conteinerizada;Conteinerizada;3,95;Desembarcados;BRMAO;BRSSZ
1574875;Cabotagem;2;Carga Conteinerizada;Conteinerizada;3,95;Desembarcados;BRMAO;BRSSZ
1574875;Cabotagem;2;Carga Conteinerizada;Conteinerizada;3,95;Desembarcados;BRMAO;BRSSZ
1574875;Cabotagem;2;Carga Conteinerizada;Conteinerizada;3,95;Desembarcados;BRMAO;BRSSZ
1574875;Cabotagem;2;Carga Conteinerizada;Conteinerizada;3,95;Desembarcados;BRMAO;BRSSZ
1574875;Cabotagem;2;Carga Conteinerizada;Conteinerizada;3,83;Desembarcados;BRMAO;BRSSZ
1574875;Cabotagem;2;Carga Conteinerizada;Conteinerizada;3,95;Desembarcados;BRMAO;BRSSZ
1574875;Cabotagem;2;Carga Conteinerizada;Conteinerizada;3,95;Desembarcados;BRMAO;BRSSZ
1574875;Cabotagem;2;Carga Conteinerizada;Conteinerizada;3,95;Desembarcados;BRMAO;BRSSZ
1574875;Cabotagem;2;Carga Conteinerizada;Conteinerizada;3,95;Desembarcados;BRMAO;BRSSZ
1574875;Cabotagem;2;Carga Conteinerizada;Conteinerizada;3,95;Desembarcados;BRMAO;BRSSZ
1574875;Cabotagem;2;Carga Conteinerizada;Conteinerizada;3,95;Desembarcados;BRMAO;BRSSZ
1574875;Cabotagem;2;Carga Conteinerizada;Conteinerizada;3,7;Desembarcados;BRMAO;BRSSZ
1574875;Cabotagem;2;Carga Conteinerizada;Conteinerizada;3,95;Desembarcados;BRMAO;BRSSZ
1574875;Cabotagem;2;Carga Conteinerizada;Conteinerizada;3,7;Desembarcados;BRMAO;BRSSZ
1574875;Cabotagem;2;Carga Conteinerizada;Conteinerizada;3,95;Desembarcados;BRMAO;BRSSZ
1574875;Cabotagem;2;Carga Conteinerizada;Conteinerizada;3,95;Desembarcados;BRMAO;BRSSZ
1574875;Cabotagem;2;Carga Conteinerizada;Conteinerizada;3,95;Desembarcados;BRMAO;BRSSZ
1574875;Cabotagem;2;Carga Conteinerizada;Conteinerizada;3,7;Desembarcados;BRMAO;BRSSZ
1574875;Cabotagem;2;Carga Conteinerizada;Conteinerizada;4;Desembarcados;BRMAO;BRSSZ
1574875;Cabotagem;2;Carga Conteinerizada;Conteinerizada;3,95;Desembarcados;BRMAO;BRSSZ
1574875;Cabotagem;2;Carga Conteinerizada;Conteinerizada;3,95;Desembarcados;BRMAO;BRSSZ
1574875;Cabotagem;2;Carga Conteinerizada;Conteinerizada;3,95;Desembarcados;BRMAO;BRSSZ
1574875;Cabotagem;2;Carga Conteinerizada;Conteinerizada;3,95;Desembarcados;BRMAO;BRSSZ
1574875;Cabotagem;2;Carga Conteinerizada;Conteinerizada;3,95;Desembarcados;BRMAO;BRSSZ
1574875;Cabotagem;2;Carga Conteinerizada;Conteinerizada;3,95;Desembarcados;BRMAO;BRSSZ
1574875;Cabotagem;2;Carga Conteinerizada;Conteinerizada;3,95;Desembarcados;BRMAO;BRSSZ
1574875;Cabotagem;2;Carga Conteinerizada;Conteinerizada;3,7;Desembarcados;BRMAO;BRSSZ
1574875;Cabotagem;2;Carga Conteinerizada;Conteinerizada;3,95;Desembarcados;BRMAO;BRSSZ
1574875;Cabotagem;2;Carga Conteinerizada;Conteinerizada;3,95;Desembarcados;BRMAO;BRSSZ
1574875;Cabotagem;2;Carga Conteinerizada;Conteinerizada;3,95;Desembarcados;BRMAO;BRSSZ
1574875;Cabotagem;2;Carga Conteinerizada;Conteinerizada;3,95;Desembarcados;BRMAO;BRSSZ
1574875;Cabotagem;2;Carga Conteinerizada;Conteinerizada;3,95;Desembarcados;BRMAO;BRSSZ
1574875;Cabotagem;2;Carga Conteinerizada;Conteinerizada;3,95;Desembarcados;BRMAO;BRSSZ
1574875;Cabotagem;2;Carga Conteinerizada;Conteinerizada;3,95;Desembarcados;BRMAO;BRSSZ
1574875;Cabotagem;2;Carga Conteinerizada;Conteinerizada;3,95;Desembarcados;BRMAO;BRSSZ
1574875;Cabotagem;2;Carga Conteinerizada;Conteinerizada;3,95;Desembarcados;BRMAO;BRSSZ
1574875;Cabotagem;2;Carga Conteinerizada;Conteinerizada;3,95;Desembarcados;BRMAO;BRSSZ
1574875;Cabotagem;2;Carga Conteinerizada;Conteinerizada;3,95;Desembarcados;BRMAO;BRSSZ
1574875;Cabotagem;2;Carga Conteinerizada;Conteinerizada;3,7;Desembarcados;BRMAO;BRSSZ
1574875;Cabotagem;2;Carga Conteinerizada;Conteinerizada;3,95;Desembarcados;BRMAO;BRSSZ
1574875;Cabotagem;2;Carga Conteinerizada;Conteinerizada;3,95;Desembarcados;BRMAO;BRSSZ
1574875;Cabotagem;2;Carga Conteinerizada;Conteinerizada;3,95;Desembarcados;BRMAO;BRSSZ
1574875;Cabotagem;2;Carga Conteinerizada;Conteinerizada;3,7;Desembarcados;BRMAO;BRSSZ
1574875;Cabotagem;2;Carga Conteinerizada;Conteinerizada;3,7;Desembarcados;BRMAO;BRSSZ
1574875;Cabotagem;2;Carga Conteinerizada;Conteinerizada;3,95;Desembarcados;BRMAO;BRSSZ
1574875;Cabotagem;2;Carga Conteinerizada;Conteinerizada;3,95;Desembarcados;BRMAO;BRSSZ
1574875;Cabotagem;2;Carga Conteinerizada;Conteinerizada;3,95;Desembarcados;BRMAO;BRSSZ
1574875;Cabotagem;2;Carga Conteinerizada;Conteinerizada;3,95;Desembarcados;BRMAO;BRSSZ
1574875;Cabotagem;2;Carga Conteinerizada;Conteinerizada;3,89;Desembarcados;BRMAO;BRSSZ
1574875;Cabotagem;2;Carga Conteinerizada;Conteinerizada;3,95;Desembarcados;BRMAO;BRSSZ
1574875;Cabotagem;2;Carga Conteinerizada;Conteinerizada;3,95;Desembarcados;BRMAO;BRSSZ
1574875;Cabotagem;2;Carga Conteinerizada;Conteinerizada;3,95;Desembarcados;BRMAO;BRSSZ
1574875;Cabotagem;2;Carga Conteinerizada;Conteinerizada;3,95;Desembarcados;BRMAO;BRSSZ
1574875;Cabotagem;2;Carga Conteinerizada;Conteinerizada;3,95;Desembarcados;BRMAO;BRSSZ
1574875;Cabotagem;2;Carga Conteinerizada;Conteinerizada;3,84;Desembarcados;BRMAO;BRSSZ
1574875;Cabotagem;2;Carga Conteinerizada;Conteinerizada;3,95;Desembarcados;BRMAO;BRSSZ
1574875;Cabotagem;2;Carga Conteinerizada;Conteinerizada;3,95;Desembarcados;BRMAO;BRSSZ
1574875;Cabotagem;2;Carga Conteinerizada;Conteinerizada;3,95;Desembarcados;BRMAO;BRSSZ
1574875;Cabotagem;2;Carga Conteinerizada;Conteinerizada;3,95;Desembarcados;BRMAO;BRSSZ
1574875;Cabotagem;2;Carga Conteinerizada;Conteinerizada;3,95;Desembarcados;BRMAO;BRSSZ
1574875;Cabotagem;2;Carga Conteinerizada;Conteinerizada;3,95;Desembarcados;BRMAO;BRSSZ
1574875;Cabotagem;2;Carga Conteinerizada;Conteinerizada;3,95;Desembarcados;BRMAO;BRSSZ
1574875;Cabotagem;2;Carga Conteinerizada;Conteinerizada;3,95;Desembarcados;BRMAO;BRSSZ
1574875;Cabotagem;2;Carga Conteinerizada;Conteinerizada;3,95;Desembarcados;BRMAO;BRSSZ
1574875;Cabotagem;2;Carga Conteinerizada;Conteinerizada;3,95;Desembarcados;BRMAO;BRSSZ
1574875;Cabotagem;2;Carga Conteinerizada;Conteinerizada;3,7;Desembarcados;BRMAO;BRSSZ
1574875;Cabotagem;2;Carga Conteinerizada;Conteinerizada;3,95;Desembarcados;BRMAO;BRSSZ
1574875;Cabotagem;2;Carga Conteinerizada;Conteinerizada;4,06;Desembarcados;BRMAO;BRSSZ
1574875;Cabotagem;2;Carga Conteinerizada;Conteinerizada;3,95;Desembarcados;BRMAO;BRSSZ
1574875;Cabotagem;2;Carga Conteinerizada;Conteinerizada;3,7;Desembarcados;BRMAO;BRSSZ
1574875;Cabotagem;2;Carga Conteinerizada;Conteinerizada;3,95;Desembarcados;BRMAO;BRSSZ
1574875;Cabotagem;2;Carga Conteinerizada;Conteinerizada;3,95;Desembarcados;BRMAO;BRSSZ
1574875;Cabotagem;2;Carga Conteinerizada;Conteinerizada;3,95;Desembarcados;BRMAO;BRSSZ
1574875;Cabotagem;2;Carga Conteinerizada;Conteinerizada;3,95;Desembarcados;BRMAO;BRSSZ
1574875;Cabotagem;2;Carga Conteinerizada;Conteinerizada;3,95;Desembarcados;BRMAO;BRSSZ
1574875;Cabotagem;2;Carga Conteinerizada;Conteinerizada;3,95;Desembarcados;BRMAO;BRSSZ
1574875;Cabotagem;2;Carga Conteinerizada;Conteinerizada;3,95;Desembarcados;BRMAO;BRSSZ
1574875;Cabotagem;2;Carga Conteinerizada;Conteinerizada;3,95;Desembarcados;BRMAO;BRSSZ
1574875;Cabotagem;2;Carga Conteinerizada;Conteinerizada;3,95;Desembarcados;BRMAO;BRSSZ
1574875;Cabotagem;2;Carga Conteinerizada;Conteinerizada;3,7;Desembarcados;BRMAO;BRSSZ
1574875;Cabotagem;2;Carga Conteinerizada;Conteinerizada;3,95;Desembarcados;BRMAO;BRSSZ
1574875;Cabotagem;2;Carga Conteinerizada;Conteinerizada;3,95;Desembarcados;BRMAO;BRSSZ
1574875;Cabotagem;2;Carga Conteinerizada;Conteinerizada;3,95;Desembarcados;BRMAO;BRSSZ
1574875;Cabotagem;2;Carga Conteinerizada;Conteinerizada;3,95;Desembarcados;BRMAO;BRSSZ
1574875;Cabotagem;2;Carga Conteinerizada;Conteinerizada;3,95;Desembarcados;BRMAO;BRSSZ
1574875;Cabotagem;2;Carga Conteinerizada;Conteinerizada;3,95;Desembarcados;BRMAO;BRSSZ
1574875;Cabotagem;2;Carga Conteinerizada;Conteinerizada;3,95;Desembarcados;BRMAO;BRSSZ
1574875;Cabotagem;2;Carga Conteinerizada;Conteinerizada;3,7;Desembarcados;BRMAO;BRSSZ
1574875;Cabotagem;2;Carga Conteinerizada;Conteinerizada;3,95;Desembarcados;BRMAO;BRSSZ
1574875;Cabotagem;2;Carga Conteinerizada;Conteinerizada;3,95;Desembarcados;BRMAO;BRSSZ
1574875;Cabotagem;2;Carga Conteinerizada;Conteinerizada;3,95;Desembarcados;BRMAO;BRSSZ
1574875;Cabotagem;2;Carga Conteinerizada;Conteinerizada;3,7;Desembarcados;BRMAO;BRSSZ
1574875;Cabotagem;2;Carga Conteinerizada;Conteinerizada;3,95;Desembarcados;BRMAO;BRSSZ
1574875;Cabotagem;2;Carga Conteinerizada;Conteinerizada;3,95;Desembarcados;BRMAO;BRSSZ
1574875;Cabotagem;2;Carga Conteinerizada;Conteinerizada;3,95;Desembarcados;BRMAO;BRSSZ
1574875;Cabotagem;2;Carga Conteinerizada;Conteinerizada;3,95;Desembarcados;BRMAO;BRSSZ
1574875;Cabotagem;2;Carga Conteinerizada;Conteinerizada;3,95;Desembarcados;BRMAO;BRSSZ
1574875;Cabotagem;2;Carga Conteinerizada;Conteinerizada;3,95;Desembarcados;BRMAO;BRSSZ
1574875;Cabotagem;2;Carga Conteinerizada;Conteinerizada;3,95;Desembarcados;BRMAO;BRSSZ
1574875;Cabotagem;2;Carga Conteinerizada;Conteinerizada;3,95;Desembarcados;BRMAO;BRSSZ
1574875;Cabotagem;2;Carga Conteinerizada;Conteinerizada;3,95;Desembarcados;BRMAO;BRSSZ
1574875;Cabotagem;2;Carga Conteinerizada;Conteinerizada;3,95;Desembarcados;BRMAO;BRSSZ
1574875;Cabotagem;2;Carga Conteinerizada;Conteinerizada;3,95;Desembarcados;BRMAO;BRSSZ
1574875;Cabotagem;2;Carga Conteinerizada;Conteinerizada;3,95;Desembarcados;BRMAO;BRSSZ
1574875;Cabotagem;2;Carga Conteinerizada;Conteinerizada;3,95;Desembarcados;BRMAO;BRSSZ
1574875;Cabotagem;2;Carga Conteinerizada;Conteinerizada;3,95;Desembarcados;BRMAO;BRSSZ
1574875;Cabotagem;2;Carga Conteinerizada;Conteinerizada;3,9;Desembarcados;BRMAO;BRSSZ
1574875;Cabotagem;2;Carga Conteinerizada;Conteinerizada;3,9;Desembarcados;BRMAO;BRSSZ
1574875;Cabotagem;2;Carga Conteinerizada;Conteinerizada;3,95;Desembarcados;BRMAO;BRSSZ
1574875;Cabotagem;2;Carga Conteinerizada;Conteinerizada;3,7;Desembarcados;BRMAO;BRSSZ
1574875;Cabotagem;2;Carga Conteinerizada;Conteinerizada;3,9;Desembarcados;BRMAO;BRSSZ
1574875;Cabotagem;2;Carga Conteinerizada;Conteinerizada;3,95;Desembarcados;BRMAO;BRSSZ
1574875;Cabotagem;2;Carga Conteinerizada;Conteinerizada;3,95;Desembarcados;BRMAO;BRSSZ
1574875;Cabotagem;2;Carga Conteinerizada;Conteinerizada;3,95;Desembarcados;BRMAO;BRSSZ
1574875;Cabotagem;2;Carga Conteinerizada;Conteinerizada;3,95;Desembarcados;BRMAO;BRSSZ
1574875;Cabotagem;2;Carga Conteinerizada;Conteinerizada;3,95;Desembarcados;BRMAO;BRSSZ
1574875;Cabotagem;2;Carga Conteinerizada;Conteinerizada;4;Desembarcados;BRMAO;BRSSZ
1574875;Cabotagem;2;Carga Conteinerizada;Conteinerizada;3,95;Desembarcados;BRMAO;BRSSZ
1574875;Cabotagem;2;Carga Conteinerizada;Conteinerizada;3,95;Desembarcados;BRMAO;BRSSZ
1574875;Cabotagem;2;Carga Conteinerizada;Conteinerizada;3,9;Desembarcados;BRMAO;BRSSZ
1574875;Cabotagem;2;Carga Conteinerizada;Conteinerizada;3,95;Desembarcados;BRMAO;BRSSZ
1574875;Cabotagem;2;Carga Conteinerizada;Conteinerizada;3,95;Desembarcados;BRMAO;BRSSZ
1574875;Cabotagem;2;Carga Conteinerizada;Conteinerizada;3,95;Desembarcados;BRMAO;BRSSZ
1574875;Cabotagem;2;Carga Conteinerizada;Conteinerizada;3,95;Desembarcados;BRMAO;BRSSZ
1574875;Cabotagem;2;Carga Conteinerizada;Conteinerizada;4;Desembarcados;BRMAO;BRSSZ
1574875;Cabotagem;2;Carga Conteinerizada;Conteinerizada;3,95;Desembarcados;BRMAO;BRSSZ
1574875;Cabotagem;2;Carga Conteinerizada;Conteinerizada;3,95;Desembarcados;BRMAO;BRSSZ
1574875;Cabotagem;2;Carga Conteinerizada;Conteinerizada;3,95;Desembarcados;BRMAO;BRSSZ
1574875;Cabotagem;2;Carga Conteinerizada;Conteinerizada;3,81;Desembarcados;BRMAO;BRSSZ
1574875;Cabotagem;2;Carga Conteinerizada;Conteinerizada;3,95;Desembarcados;BRMAO;BRSSZ
1574875;Cabotagem;2;Carga Conteinerizada;Conteinerizada;3,95;Desembarcados;BRMAO;BRSSZ
1574875;Cabotagem;2;Carga Conteinerizada;Conteinerizada;3,95;Desembarcados;BRMAO;BRSSZ
1574875;Cabotagem;2;Carga Conteinerizada;Conteinerizada;3,95;Desembarcados;BRMAO;BRSSZ
1574875;Cabotagem;2;Carga Conteinerizada;Conteinerizada;3,95;Desembarcados;BRMAO;BRSSZ
1574875;Cabotagem;2;Carga Conteinerizada;Conteinerizada;3,95;Desembarcados;BRMAO;BRSSZ
1574875;Cabotagem;2;Carga Conteinerizada;Conteinerizada;3,95;Desembarcados;BRMAO;BRSSZ
1574875;Cabotagem;2;Carga Conteinerizada;Conteinerizada;3,95;Desembarcados;BRMAO;BRSSZ
1574875;Cabotagem;2;Carga Conteinerizada;Conteinerizada;3,7;Desembarcados;BRMAO;BRSSZ
1574875;Cabotagem;2;Carga Conteinerizada;Conteinerizada;3,9;Desembarcados;BRMAO;BRSSZ
1574875;Cabotagem;2;Carga Conteinerizada;Conteinerizada;3,95;Desembarcados;BRMAO;BRSSZ
1574875;Cabotagem;2;Carga Conteinerizada;Conteinerizada;3,95;Desembarcados;BRMAO;BRSSZ
1574875;Cabotagem;2;Carga Conteinerizada;Conteinerizada;3,95;Desembarcados;BRMAO;BRSSZ
1574875;Cabotagem;2;Carga Conteinerizada;Conteinerizada;3,95;Desembarcados;BRMAO;BRSSZ
1574875;Cabotagem;2;Carga Conteinerizada;Conteinerizada;4;Desembarcados;BRMAO;BRSSZ
1574875;Cabotagem;2;Carga Conteinerizada;Conteinerizada;3,96;Desembarcados;BRMAO;BRSSZ
1574875;Cabotagem;2;Carga Conteinerizada;Conteinerizada;3,95;Desembarcados;BRMAO;BRSSZ
1574875;Cabotagem;2;Carga Conteinerizada;Conteinerizada;3,95;Desembarcados;BRMAO;BRSSZ
1574875;Cabotagem;2;Carga Conteinerizada;Conteinerizada;3,95;Desembarcados;BRMAO;BRSSZ
1574875;Cabotagem;2;Carga Conteinerizada;Conteinerizada;3,95;Desembarcados;BRMAO;BRSSZ
1574875;Cabotagem;2;Carga Conteinerizada;Conteinerizada;3,95;Desembarcados;BRMAO;BRSSZ
1574875;Cabotagem;2;Carga Conteinerizada;Conteinerizada;3,95;Desembarcados;BRMAO;BRSSZ
1574875;Cabotagem;2;Carga Conteinerizada;Conteinerizada;3,95;Desembarcados;BRMAO;BRSSZ
1574875;Cabotagem;2;Carga Conteinerizada;Conteinerizada;3,95;Desembarcados;BRMAO;BRSSZ
1574875;Cabotagem;2;Carga Conteinerizada;Conteinerizada;3,95;Desembarcados;BRMAO;BRSSZ
1574875;Cabotagem;2;Carga Conteinerizada;Conteinerizada;3,95;Desembarcados;BRMAO;BRSSZ
1574875;Cabotagem;2;Carga Conteinerizada;Conteinerizada;3,95;Desembarcados;BRMAO;BRSSZ
1574875;Cabotagem;2;Carga Conteinerizada;Conteinerizada;3,95;Desembarcados;BRMAO;BRSSZ
1574875;Cabotagem;2;Carga Conteinerizada;Conteinerizada;3,95;Desembarcados;BRMAO;BRSSZ
1574875;Cabotagem;2;Carga Conteinerizada;Conteinerizada;4;Desembarcados;BRMAO;BRSSZ
1574875;Cabotagem;2;Carga Conteinerizada;Conteinerizada;3,82;Desembarcados;BRMAO;BRSSZ
1574875;Cabotagem;2;Carga Conteinerizada;Conteinerizada;3,95;Desembarcados;BRMAO;BRSSZ
1574875;Cabotagem;2;Carga Conteinerizada;Conteinerizada;3,95;Desembarcados;BRMAO;BRSSZ
1574875;Cabotagem;2;Carga Conteinerizada;Conteinerizada;3,95;Desembarcados;BRMAO;BRSSZ
1574875;Cabotagem;2;Carga Conteinerizada;Conteinerizada;3,95;Desembarcados;BRMAO;BRSSZ
1574875;Cabotagem;2;Carga Conteinerizada;Conteinerizada;3,95;Desembarcados;BRMAO;BRSSZ
1574875;Cabotagem;2;Carga Conteinerizada;Conteinerizada;3,95;Desembarcados;BRMAO;BRSSZ
1574875;Cabotagem;2;Carga Conteinerizada;Conteinerizada;3,95;Desembarcados;BRMAO;BRSSZ
1574875;Cabotagem;2;Carga Conteinerizada;Conteinerizada;3,95;Desembarcados;BRMAO;BRSSZ
1574875;Cabotagem;2;Carga Conteinerizada;Conteinerizada;3,95;Desembarcados;BRMAO;BRSSZ
1574875;Cabotagem;2;Carga Conteinerizada;Conteinerizada;3,7;Desembarcados;BRMAO;BRSSZ
1574875;Cabotagem;2;Carga Conteinerizada;Conteinerizada;3,95;Desembarcados;BRMAO;BRSSZ
1574875;Cabotagem;2;Carga Conteinerizada;Conteinerizada;3,95;Desembarcados;BRMAO;BRSSZ
1574875;Cabotagem;2;Carga Conteinerizada;Conteinerizada;3,95;Desembarcados;BRMAO;BRSSZ
1574875;Cabotagem;2;Carga Conteinerizada;Conteinerizada;3,7;Desembarcados;BRMAO;BRSSZ
1574875;Cabotagem;2;Carga Conteinerizada;Conteinerizada;3,95;Desembarcados;BRMAO;BRSSZ
1574875;Cabotagem;2;Carga Conteinerizada;Conteinerizada;3,95;Desembarcados;BRMAO;BRSSZ
1574875;Cabotagem;2;Carga Conteinerizada;Conteinerizada;3,95;Desembarcados;BRMAO;BRSSZ
1574875;Cabotagem;2;Carga Conteinerizada;Conteinerizada;3,95;Desembarcados;BRMAO;BRSSZ
1574875;Cabotagem;2;Carga Conteinerizada;Conteinerizada;3,9;Desembarcados;BRMAO;BRSSZ
1574875;Cabotagem;2;Carga Conteinerizada;Conteinerizada;3,95;Desembarcados;BRMAO;BRSSZ
1574875;Cabotagem;2;Carga Conteinerizada;Conteinerizada;3,82;Desembarcados;BRMAO;BRSSZ
1574875;Cabotagem;2;Carga Conteinerizada;Conteinerizada;3,89;Desembarcados;BRMAO;BRSSZ
1574875;Cabotagem;2;Carga Conteinerizada;Conteinerizada;3,95;Desembarcados;BRMAO;BRSSZ
1574875;Cabotagem;2;Carga Conteinerizada;Conteinerizada;3,95;Desembarcados;BRMAO;BRSSZ
1574875;Cabotagem;2;Carga Conteinerizada;Conteinerizada;3,95;Desembarcados;BRMAO;BRSSZ
1574875;Cabotagem;2;Carga Conteinerizada;Conteinerizada;3,95;Desembarcados;BRMAO;BRSSZ
1574875;Cabotagem;2;Carga Conteinerizada;Conteinerizada;3,95;Desembarcados;BRMAO;BRSSZ
1574875;Cabotagem;2;Carga Conteinerizada;Conteinerizada;3,95;Desembarcados;BRMAO;BRSSZ
1574875;Cabotagem;2;Carga Conteinerizada;Conteinerizada;3,95;Desembarcados;BRMAO;BRSSZ
1574875;Cabotagem;2;Carga Conteinerizada;Conteinerizada;3,95;Desembarcados;BRMAO;BRSSZ
1574875;Cabotagem;2;Carga Conteinerizada;Conteinerizada;3,95;Desembarcados;BRMAO;BRSSZ
1574875;Cabotagem;2;Carga Conteinerizada;Conteinerizada;3,95;Desembarcados;BRMAO;BRSSZ
1574875;Cabotagem;2;Carga Conteinerizada;Conteinerizada;3,95;Desembarcados;BRMAO;BRSSZ
1574875;Cabotagem;2;Carga Conteinerizada;Conteinerizada;3,95;Desembarcados;BRMAO;BRSSZ
1574875;Cabotagem;2;Carga Conteinerizada;Conteinerizada;3,95;Desembarcados;BRMAO;BRSSZ
1574875;Cabotagem;2;Carga Conteinerizada;Conteinerizada;3,95;Desembarcados;BRMAO;BRSSZ
1574875;Cabotagem;2;Carga Conteinerizada;Conteinerizada;3,7;Desembarcados;BRMAO;BRSSZ
1574875;Cabotagem;2;Carga Conteinerizada;Conteinerizada;3,95;Desembarcados;BRMAO;BRSSZ
1574875;Cabotagem;2;Carga Conteinerizada;Conteinerizada;3,95;Desembarcados;BRMAO;BRSSZ
1574875;Cabotagem;2;Carga Conteinerizada;Conteinerizada;3,95;Desembarcados;BRMAO;BRSSZ
1574875;Cabotagem;2;Carga Conteinerizada;Conteinerizada;3,95;Desembarcados;BRMAO;BRSSZ
1574875;Cabotagem;2;Carga Conteinerizada;Conteinerizada;3,95;Desembarcados;BRMAO;BRSSZ
1574875;Cabotagem;2;Carga Conteinerizada;Conteinerizada;3,95;Desembarcados;BRMAO;BRSSZ
1574875;Cabotagem;2;Carga Conteinerizada;Conteinerizada;3,95;Desembarcados;BRMAO;BRSSZ
1574875;Cabotagem;2;Carga Conteinerizada;Conteinerizada;3,95;Desembarcados;BRMAO;BRSSZ
1574875;Cabotagem;2;Carga Conteinerizada;Conteinerizada;3,95;Desembarcados;BRMAO;BRSSZ
1574875;Cabotagem;2;Carga Conteinerizada;Conteinerizada;4,06;Desembarcados;BRMAO;BRSSZ
1574875;Cabotagem;2;Carga Conteinerizada;Conteinerizada;3,95;Desembarcados;BRMAO;BRSSZ
1574875;Cabotagem;2;Carga Conteinerizada;Conteinerizada;3,95;Desembarcados;BRMAO;BRSSZ
1574875;Cabotagem;2;Carga Conteinerizada;Conteinerizada;3,95;Desembarcados;BRMAO;BRSSZ
1574875;Cabotagem;2;Carga Conteinerizada;Conteinerizada;3,95;Desembarcados;BRMAO;BRSSZ
1574875;Cabotagem;2;Carga Conteinerizada;Conteinerizada;3,95;Desembarcados;BRMAO;BRSSZ
1574875;Cabotagem;2;Carga Conteinerizada;Conteinerizada;3,7;Desembarcados;BRMAO;BRSSZ
1574875;Cabotagem;2;Carga Conteinerizada;Conteinerizada;3,95;Desembarcados;BRMAO;BRSSZ
1574875;Cabotagem;2;Carga Conteinerizada;Conteinerizada;3,95;Desembarcados;BRMAO;BRSSZ
1574875;Cabotagem;2;Carga Conteinerizada;Conteinerizada;3,95;Desembarcados;BRMAO;BRSSZ
1574875;Cabotagem;2;Carga Conteinerizada;Conteinerizada;3,95;Desembarcados;BRMAO;BRSSZ
1574875;Cabotagem;2;Carga Conteinerizada;Conteinerizada;3,95;Desembarcados;BRMAO;BRSSZ
1574875;Cabotagem;2;Carga Conteinerizada;Conteinerizada;3,7;Desembarcados;BRMAO;BRSSZ
1574875;Cabotagem;2;Carga Conteinerizada;Conteinerizada;3,95;Desembarcados;BRMAO;BRSSZ
1574875;Cabotagem;2;Carga Conteinerizada;Conteinerizada;3,95;Desembarcados;BRMAO;BRSSZ
1574875;Cabotagem;2;Carga Conteinerizada;Conteinerizada;3,95;Desembarcados;BRMAO;BRSSZ
1574875;Cabotagem;2;Carga Conteinerizada;Conteinerizada;3,95;Desembarcados;BRMAO;BRSSZ
1574875;Cabotagem;2;Carga Conteinerizada;Conteinerizada;3,95;Desembarcados;BRMAO;BRSSZ
1574875;Cabotagem;2;Carga Conteinerizada;Conteinerizada;3,95;Desembarcados;BRMAO;BRSSZ
1574875;Cabotagem;2;Carga Conteinerizada;Conteinerizada;3,95;Desembarcados;BRMAO;BRSSZ
1574875;Cabotagem;2;Carga Conteinerizada;Conteinerizada;3,95;Desembarcados;BRMAO;BRSSZ
1574875;Cabotagem;2;Carga Conteinerizada;Conteinerizada;3,95;Desembarcados;BRMAO;BRSSZ
1574875;Cabotagem;2;Carga Conteinerizada;Conteinerizada;3,95;Desembarcados;BRMAO;BRSSZ
1574875;Cabotagem;2;Carga Conteinerizada;Conteinerizada;3,95;Desembarcados;BRMAO;BRSSZ
1574875;Cabotagem;2;Carga Conteinerizada;Conteinerizada;3,95;Desembarcados;BRMAO;BRSSZ
1574875;Cabotagem;2;Carga Conteinerizada;Conteinerizada;3,88;Desembarcados;BRMAO;BRSSZ
1574875;Cabotagem;2;Carga Conteinerizada;Conteinerizada;3,95;Desembarcados;BRMAO;BRSSZ
1574875;Cabotagem;2;Carga Conteinerizada;Conteinerizada;3,95;Desembarcados;BRMAO;BRSSZ
1574875;Cabotagem;2;Carga Conteinerizada;Conteinerizada;3,95;Desembarcados;BRMAO;BRSSZ
1574875;Cabotagem;2;Carga Conteinerizada;Conteinerizada;3,95;Desembarcados;BRMAO;BRSSZ
1574875;Cabotagem;2;Carga Conteinerizada;Conteinerizada;3,95;Desembarcados;BRMAO;BRSSZ
1574875;Cabotagem;2;Carga Conteinerizada;Conteinerizada;3,95;Desembarcados;BRMAO;BRSSZ
1574875;Cabotagem;2;Carga Conteinerizada;Conteinerizada;3,95;Desembarcados;BRMAO;BRSSZ
1574875;Cabotagem;2;Carga Conteinerizada;Conteinerizada;3,95;Desembarcados;BRMAO;BRSSZ
1574875;Cabotagem;2;Carga Conteinerizada;Conteinerizada;3,95;Desembarcados;BRMAO;BRSSZ
1574875;Cabotagem;2;Carga Conteinerizada;Conteinerizada;3,95;Desembarcados;BRMAO;BRSSZ
1574875;Cabotagem;2;Carga Conteinerizada;Conteinerizada;3,95;Desembarcados;BRMAO;BRSSZ
1574875;Cabotagem;2;Carga Conteinerizada;Conteinerizada;3,7;Desembarcados;BRMAO;BRSSZ
1574875;Cabotagem;2;Carga Conteinerizada;Conteinerizada;3,95;Desembarcados;BRMAO;BRSSZ
1574875;Cabotagem;3;Carga Conteinerizada;Conteinerizada;75;Embarcados;BRSSZ;BRMAO
1574875;Cabotagem;1;Carga Conteinerizada;Conteinerizada;25;Embarcados;BRSSZ;BRSUA
1574875;Cabotagem;2;Carga Conteinerizada;Conteinerizada;16,71;Embarcados;BRSSZ;BRRIO
1574875;Cabotagem;2;Carga Conteinerizada;Conteinerizada;47,6;Embarcados;BRSSZ;BRSUA
1574875;Cabotagem;1;Carga Conteinerizada;Conteinerizada;2,2;Desembarcados;BRMAO;BRSSZ
1574875;Cabotagem;1;Carga Conteinerizada;Conteinerizada;2,2;Desembarcados;BRMAO;BRSSZ
1572730;Cabotagem;1;Carga Conteinerizada;Conteinerizada;3,562;Embarcados;BRSC011;BRSUA
1572730;Cabotagem;1;Carga Conteinerizada;Conteinerizada;28,02;Embarcados;BRSC011;BRSUA
1572730;Cabotagem;4;Carga Conteinerizada;Conteinerizada;7,67;Embarcados;BRSC011;BRRIO
1572730;Cabotagem;80;Carga Conteinerizada;Conteinerizada;851,034;Desembarcados;BRAM006;BRSC011
1572730;Cabotagem;8;Carga Conteinerizada;Conteinerizada;103,99;Desembarcados;BRSSZ;BRSC011
1572730;Cabotagem;2;Carga Conteinerizada;Conteinerizada;30,688;Embarcados;BRSC011;BRCE001
1572730;Cabotagem;32;Carga Conteinerizada;Conteinerizada;460,53;Desembarcados;BRAM006;BRSC011
1572730;Cabotagem;176;Carga Conteinerizada;Conteinerizada;1495,81;Embarcados;BRSC011;BRAM006
1572730;Cabotagem;2;Carga Conteinerizada;Conteinerizada;22,08;Embarcados;BRSC011;BRCE001
1572730;Cabotagem;32;Carga Conteinerizada;Conteinerizada;446,7;Embarcados;BRSC011;BRCE001
1572730;Cabotagem;2;Carga Conteinerizada;Conteinerizada;27,12;Embarcados;BRSC011;BRSUA
1572730;Cabotagem;126;Carga Conteinerizada;Conteinerizada;1413,31;Embarcados;BRSC011;BRSUA
1572730;Cabotagem;176;Carga Conteinerizada;Conteinerizada;2890,19;Embarcados;BRSC011;BRAM006
1572730;Cabotagem;2;Carga Conteinerizada;Conteinerizada;29,77;Embarcados;BRSC011;BRCE001
1572730;Cabotagem;6;Carga Conteinerizada;Conteinerizada;79,97;Embarcados;BRSC011;BRCE001
1572730;Cabotagem;16;Carga Conteinerizada;Conteinerizada;206,67;Embarcados;BRSC011;BRRIO
1572730;Cabotagem;6;Carga Conteinerizada;Conteinerizada;95,07;Embarcados;BRSC011;BRSUA
1572730;Cabotagem;46;Carga Conteinerizada;Conteinerizada;600,23;Embarcados;BRSC011;BRSUA
1572730;Cabotagem;30;Carga Conteinerizada;Conteinerizada;67,3;Desembarcados;BRAM006;BRSC011
1634895;Cabotagem;4;Carga Conteinerizada;Conteinerizada;117,78;Embarcados;BRRIO;BRAM006
1634895;Cabotagem;1;Carga Conteinerizada;Conteinerizada;26,53;Embarcados;BRRIO;BRAM006
1634895;Cabotagem;1;Carga Conteinerizada;Conteinerizada;2,8;Embarcados;BRRIO;BRCE001
1634895;Cabotagem;72;Carga Conteinerizada;Conteinerizada;1091,92;Embarcados;BRRIO;BRAM006
1634895;Cabotagem;12;Carga Conteinerizada;Conteinerizada;133,9;Embarcados;BRRIO;BRCE001
1634895;Cabotagem;8;Carga Conteinerizada;Conteinerizada;143,599;Embarcados;BRRIO;BRSSA
1634895;Cabotagem;52;Carga Conteinerizada;Conteinerizada;747,883;Embarcados;BRRIO;BRSUA
1634895;Cabotagem;4;Carga Conteinerizada;Conteinerizada;7,67;Desembarcados;BRSC011;BRRIO
1634895;Cabotagem;64;Carga Conteinerizada;Conteinerizada;902,924;Desembarcados;BRAM006;BRRIO
1634895;Cabotagem;16;Carga Conteinerizada;Conteinerizada;243,38;Desembarcados;BRSC011;BRRIO
1634895;Cabotagem;4;Carga Conteinerizada;Conteinerizada;17,592;Embarcados;BRRIO;BRAM006
1634895;Cabotagem;2;Carga Conteinerizada;Conteinerizada;36,789;Embarcados;BRRIO;BRCE001
1634895;Cabotagem;2;Carga Conteinerizada;Conteinerizada;32,41;Embarcados;BRRIO;BRSUA
1634895;Cabotagem;1;Carga Conteinerizada;Conteinerizada;20,64;Embarcados;BRRIO;BRSUA
1634895;Cabotagem;6;Carga Conteinerizada;Conteinerizada;38,09;Embarcados;BRRIO;BRAM006
1634895;Cabotagem;42;Carga Conteinerizada;Conteinerizada;213,028;Embarcados;BRRIO;BRAM006
1634895;Cabotagem;16;Carga Conteinerizada;Conteinerizada;174,77;Embarcados;BRRIO;BRCE001
1634895;Cabotagem;34;Carga Conteinerizada;Conteinerizada;472,588;Embarcados;BRRIO;BRSUA
1634895;Cabotagem;2;Carga Conteinerizada;Conteinerizada;34,429;Desembarcados;BRSC011;BRRIO
1634895;Cabotagem;10;Carga Conteinerizada;Conteinerizada;162,792;Embarcados;BRRIO;BRSUA
1572547;Cabotagem;11;Carga Conteinerizada;Conteinerizada;305,158;Embarcados;BRSUA;BRMAO
1572547;Cabotagem;2;Carga Conteinerizada;Conteinerizada;28,46;Embarcados;BRSUA;BRMAO
1572547;Cabotagem;1;Carga Conteinerizada;Conteinerizada;3,562;Desembarcados;BRSC011;BRSUA
1572547;Cabotagem;2;Carga Conteinerizada;Conteinerizada;32,41;Desembarcados;BRRIO;BRSUA
1572547;Cabotagem;10;Carga Conteinerizada;Conteinerizada;244,58;Desembarcados;BRSSZ;BRSUA
1572547;Cabotagem;1;Carga Conteinerizada;Conteinerizada;24,03;Desembarcados;BRSSZ;BRSUA
1572547;Cabotagem;1;Carga Conteinerizada;Conteinerizada;20,64;Desembarcados;BRRIO;BRSUA
1572547;Cabotagem;1;Carga Conteinerizada;Conteinerizada;23,57;Desembarcados;BRSSZ;BRSUA
1572547;Cabotagem;1;Carga Conteinerizada;Conteinerizada;28,02;Desembarcados;BRSC011;BRSUA
1572547;Cabotagem;1;Carga Conteinerizada;Conteinerizada;27,39;Desembarcados;BRSSZ;BRSUA
1572547;Cabotagem;2;Carga Conteinerizada;Conteinerizada;3,084;Embarcados;BRSUA;BRCE001
1572547;Cabotagem;14;Carga Conteinerizada;Conteinerizada;170,424;Embarcados;BRSUA;BRMAO
1572547;Cabotagem;6;Carga Conteinerizada;Conteinerizada;83,42;Desembarcados;BRSSZ;BRSUA
1572547;Cabotagem;328;Carga Conteinerizada;Conteinerizada;4302,399;Embarcados;BRSUA;BRMAO
1572547;Cabotagem;4;Carga Conteinerizada;Conteinerizada;56,48;Embarcados;BRSUA;BRMAO
1572547;Cabotagem;4;Carga Conteinerizada;Conteinerizada;44,98;Embarcados;BRSUA;BRMAO
1572547;Cabotagem;26;Carga Conteinerizada;Conteinerizada;370,864;Embarcados;BRSUA;BRCE001
1572547;Cabotagem;128;Carga Conteinerizada;Conteinerizada;1440,43;Desembarcados;BRSC011;BRSUA
1572547;Cabotagem;26;Carga Conteinerizada;Conteinerizada;308,018;Desembarcados;BRRIO;BRSUA
1572547;Cabotagem;8;Carga Conteinerizada;Conteinerizada;127,29;Desembarcados;BRRIO;BRSUA
1572547;Cabotagem;60;Carga Conteinerizada;Conteinerizada;783,882;Desembarcados;BRRIO;BRSUA
1572547;Cabotagem;2;Carga Conteinerizada;Conteinerizada;28,4;Desembarcados;BRSSZ;BRSUA
1572547;Cabotagem;318;Carga Conteinerizada;Conteinerizada;3805,52;Desembarcados;BRSSZ;BRSUA
1572547;Cabotagem;2;Carga Conteinerizada;Conteinerizada;25;Desembarcados;BRSSZ;BRSUA
1572547;Cabotagem;6;Carga Conteinerizada;Conteinerizada;12,45;Embarcados;BRSUA;BRCE001
1572547;Cabotagem;12;Carga Conteinerizada;Conteinerizada;152,478;Embarcados;BRSUA;BRMAO
1572547;Cabotagem;62;Carga Conteinerizada;Conteinerizada;128,86;Embarcados;BRSUA;BRCE001
1572547;Cabotagem;16;Carga Conteinerizada;Conteinerizada;223;Embarcados;BRSUA;BRMAO
1572547;Cabotagem;52;Carga Conteinerizada;Conteinerizada;695,3;Desembarcados;BRSC011;BRSUA
1572547;Cabotagem;10;Carga Conteinerizada;Conteinerizada;153,802;Desembarcados;BRRIO;BRSUA
1572547;Cabotagem;4;Carga Conteinerizada;Conteinerizada;66,13;Desembarcados;BRSSZ;BRSUA
1572547;Cabotagem;2;Carga Conteinerizada;Conteinerizada;23,4;Desembarcados;BRSSZ;BRSUA
1576761;Cabotagem;32;Carga Conteinerizada;Conteinerizada;1032,33;Embarcados;BRCE001;BRMAO
1576761;Cabotagem;2;Carga Conteinerizada;Conteinerizada;37,009;Desembarcados;BRRIO;BRCE001
1576761;Cabotagem;3;Carga Conteinerizada;Conteinerizada;57,33;Desembarcados;BRSSZ;BRCE001
1576761;Cabotagem;14;Carga Conteinerizada;Conteinerizada;450,445;Embarcados;BRCE001;BRMAO
1576761;Cabotagem;1;Carga Conteinerizada;Conteinerizada;2,494;Desembarcados;BRRIO;BRCE001
1576761;Cabotagem;2;Carga Conteinerizada;Conteinerizada;3,81;Desembarcados;BRSUA;BRCE001
1576761;Cabotagem;38;Carga Conteinerizada;Conteinerizada;512,011;Embarcados;BRCE001;BRMAO
1576761;Cabotagem;30;Carga Conteinerizada;Conteinerizada;452,053;Desembarcados;BRSC011;BRCE001
1576761;Cabotagem;2;Carga Conteinerizada;Conteinerizada;30,848;Desembarcados;BRSC011;BRCE001
1576761;Cabotagem;12;Carga Conteinerizada;Conteinerizada;117,682;Desembarcados;BRRIO;BRCE001
1576761;Cabotagem;16;Carga Conteinerizada;Conteinerizada;171,14;Desembarcados;BRRIO;BRCE001
1576761;Cabotagem;36;Carga Conteinerizada;Conteinerizada;488,436;Desembarcados;BRSSZ;BRCE001
1576761;Cabotagem;20;Carga Conteinerizada;Conteinerizada;189,602;Desembarcados;BRSSZ;BRCE001
1576761;Cabotagem;6;Carga Conteinerizada;Conteinerizada;86,512;Desembarcados;BRSUA;BRCE001
1576761;Cabotagem;34;Carga Conteinerizada;Conteinerizada;391,856;Embarcados;BRCE001;BRMAO
1576761;Cabotagem;4;Carga Conteinerizada;Conteinerizada;39,63;Desembarcados;BRSC011;BRCE001
1576761;Cabotagem;2;Carga Conteinerizada;Conteinerizada;30,707;Desembarcados;BRSSZ;BRCE001
1576761;Cabotagem;20;Carga Conteinerizada;Conteinerizada;278,802;Desembarcados;BRSUA;BRCE001
1576761;Cabotagem;4;Carga Conteinerizada;Conteinerizada;54,808;Embarcados;BRCE001;BRMAO
1576761;Cabotagem;8;Carga Conteinerizada;Conteinerizada;110,14;Desembarcados;BRSC011;BRCE001
1576761;Cabotagem;4;Carga Conteinerizada;Conteinerizada;35,643;Embarcados;BRCE001;BRMAO
1576761;Cabotagem;14;Carga Conteinerizada;Conteinerizada;130,45;Desembarcados;BRSSZ;BRCE001
1576761;Cabotagem;68;Carga Conteinerizada;Conteinerizada;154,84;Desembarcados;BRSUA;BRCE001
1581350;Cabotagem;258;Carga Conteinerizada;Conteinerizada;3046,436;Desembarcados;BRIGI;BRAM006
1581350;Cabotagem;56;Carga Conteinerizada;Conteinerizada;725,167;Desembarcados;BRRIO;BRAM006
1581350;Cabotagem;174;Carga Conteinerizada;Conteinerizada;2887,628;Desembarcados;BRSC011;BRAM006
1581350;Cabotagem;4;Carga Conteinerizada;Conteinerizada;114,232;Desembarcados;BRRIO;BRAM006
1581350;Cabotagem;7;Carga Conteinerizada;Conteinerizada;104,997;Desembarcados;BRSC008;BRAM006
1581350;Cabotagem;178;Carga Conteinerizada;Conteinerizada;1616,456;Embarcados;BRAM006;BRRIO
1581350;Cabotagem;16;Carga Conteinerizada;Conteinerizada;167,444;Desembarcados;BRIGI;BRAM006
1581350;Cabotagem;4;Carga Conteinerizada;Conteinerizada;47,815;Embarcados;BRAM006;BRIGI
1581350;Cabotagem;1;Carga Conteinerizada;Conteinerizada;22,64;Desembarcados;BRRIO;BRAM006
1581350;Cabotagem;3;Carga Conteinerizada;Conteinerizada;89,055;Desembarcados;BRSSZ;BRAM006
1581350;Cabotagem;34;Carga Conteinerizada;Conteinerizada;414,093;Desembarcados;BRSSZ;BRAM006
1581350;Cabotagem;2;Carga Conteinerizada;Conteinerizada;30,281;Desembarcados;BRSSZ;BRAM006
1581350;Cabotagem;28;Carga Conteinerizada;Conteinerizada;148,453;Embarcados;BRAM006;BRSSZ
1581350;Cabotagem;10;Carga Conteinerizada;Conteinerizada;59,623;Embarcados;BRAM006;BRIGI
1581350;Cabotagem;1;Carga Conteinerizada;Conteinerizada;3,461;Embarcados;BRAM006;BRRIO
1581350;Cabotagem;2;Carga Conteinerizada;Conteinerizada;8,61;Embarcados;BRAM006;BRRIO
1581350;Cabotagem;4;Carga Conteinerizada;Conteinerizada;21,135;Embarcados;BRAM006;BRIOS
1581350;Cabotagem;1;Carga Conteinerizada;Conteinerizada;7,242;Embarcados;BRAM006;BRSSZ
1581350;Cabotagem;2;Carga Conteinerizada;Conteinerizada;10,4;Embarcados;BRAM006;BRRIO
1581350;Cabotagem;378;Carga Conteinerizada;Conteinerizada;5306,2;Desembarcados;BRSSZ;BRAM006
1581350;Cabotagem;458;Carga Conteinerizada;Conteinerizada;6062,915;Embarcados;BRAM006;BRSSZ
1581350;Cabotagem;338;Carga Conteinerizada;Conteinerizada;3094,223;Embarcados;BRAM006;BRIGI
1581350;Cabotagem;3;Carga Conteinerizada;Conteinerizada;12,093;Embarcados;BRAM006;BRSSZ
1581350;Cabotagem;2;Carga Conteinerizada;Conteinerizada;3,5;Embarcados;BRAM006;BRIGI
1581350;Cabotagem;4;Carga Conteinerizada;Conteinerizada;21,201;Embarcados;BRAM006;BRRIO
1581350;Cabotagem;1;Carga Conteinerizada;Conteinerizada;9,853;Desembarcados;BRIGI;BRAM006
1581350;Cabotagem;4;Carga Conteinerizada;Conteinerizada;24,146;Embarcados;BRAM006;BRSSZ
1581350;Cabotagem;2;Carga Conteinerizada;Conteinerizada;24,106;Desembarcados;BRSSZ;BRAM006
1581350;Cabotagem;168;Carga Conteinerizada;Conteinerizada;1441,404;Desembarcados;BRSC011;BRAM006
1581350;Cabotagem;2;Carga Conteinerizada;Conteinerizada;32,278;Embarcados;BRAM006;BRIGI
1581350;Cabotagem;4;Carga Conteinerizada;Conteinerizada;56,448;Desembarcados;BRIGI;BRAM006
1581350;Cabotagem;1;Carga Conteinerizada;Conteinerizada;4,97;Embarcados;BRAM006;BRIGI
1581350;Cabotagem;8;Carga Conteinerizada;Conteinerizada;150,247;Desembarcados;BRCE001;BRAM006
1581350;Cabotagem;4;Carga Conteinerizada;Conteinerizada;44,783;Desembarcados;BRIGI;BRAM006
1581350;Cabotagem;14;Carga Conteinerizada;Conteinerizada;170,763;Desembarcados;BRRIO;BRAM006
1581350;Cabotagem;178;Carga Conteinerizada;Conteinerizada;403,06;Embarcados;BRAM006;BRSSZ
1581350;Cabotagem;110;Carga Conteinerizada;Conteinerizada;1214,804;Embarcados;BRAM006;BRSC011
1581350;Cabotagem;2;Carga Conteinerizada;Conteinerizada;7,952;Embarcados;BRAM006;BRIGI
1581350;Cabotagem;8;Carga Conteinerizada;Conteinerizada;118,437;Embarcados;BRAM006;BRSC011
1581350;Cabotagem;4;Carga Conteinerizada;Conteinerizada;58,947;Desembarcados;BRRIG;BRAM006
1581350;Cabotagem;1;Carga Conteinerizada;Conteinerizada;2,23;Embarcados;BRAM006;BRSSZ
1581350;Cabotagem;2;Carga Conteinerizada;Conteinerizada;33,711;Desembarcados;BRSC011;BRAM006
1581350;Cabotagem;2;Carga Conteinerizada;Conteinerizada;24,389;Desembarcados;BRSSZ;BRAM006
1581350;Cabotagem;70;Carga Conteinerizada;Conteinerizada;918,679;Desembarcados;BRCE001;BRAM006
1581350;Cabotagem;11;Carga Conteinerizada;Conteinerizada;31,91;Desembarcados;BRIGI;BRAM006
1581350;Cabotagem;39;Carga Conteinerizada;Conteinerizada;1173,077;Desembarcados;BRCE001;BRAM006
1581350;Cabotagem;2;Carga Conteinerizada;Conteinerizada;27,426;Desembarcados;BRRIO;BRAM006
1581350;Cabotagem;104;Carga Conteinerizada;Conteinerizada;189,14;Embarcados;BRAM006;BRIGI
1581350;Cabotagem;182;Carga Conteinerizada;Conteinerizada;1098,138;Embarcados;BRAM006;BRSSZ
1581350;Cabotagem;32;Carga Conteinerizada;Conteinerizada;285,831;Embarcados;BRAM006;BRIGI
1581350;Cabotagem;86;Carga Conteinerizada;Conteinerizada;162,23;Embarcados;BRAM006;BRIGI
1581350;Cabotagem;14;Carga Conteinerizada;Conteinerizada;26,3;Embarcados;BRAM006;BRIGI
1581350;Cabotagem;26;Carga Conteinerizada;Conteinerizada;360,348;Desembarcados;BRIGI;BRAM006
1581350;Cabotagem;7;Carga Conteinerizada;Conteinerizada;211,96;Desembarcados;BRCE001;BRAM006
1581350;Cabotagem;6;Carga Conteinerizada;Conteinerizada;28,656;Embarcados;BRAM006;BRIGI
1581350;Cabotagem;51;Carga Conteinerizada;Conteinerizada;1455,221;Desembarcados;BRSSZ;BRAM006
1581350;Cabotagem;20;Carga Conteinerizada;Conteinerizada;258,183;Desembarcados;BRSC008;BRAM006
1581350;Cabotagem;36;Carga Conteinerizada;Conteinerizada;550,836;Desembarcados;BRSSZ;BRAM006
1581350;Cabotagem;21;Carga Conteinerizada;Conteinerizada;46,23;Embarcados;BRAM006;BRSSZ
1581350;Cabotagem;20;Carga Conteinerizada;Conteinerizada;240,053;Embarcados;BRAM006;BRSSZ
1581350;Cabotagem;10;Carga Conteinerizada;Conteinerizada;290,581;Desembarcados;BRSSZ;BRAM006
1581350;Cabotagem;1;Carga Conteinerizada;Conteinerizada;4,74;Embarcados;BRAM006;BRIGI
1581350;Cabotagem;1;Carga Conteinerizada;Conteinerizada;3,801;Embarcados;BRAM006;BRSSZ
1581350;Cabotagem;2;Carga Conteinerizada;Conteinerizada;32,447;Desembarcados;BRCE001;BRAM006
1581350;Cabotagem;6;Carga Conteinerizada;Conteinerizada;97,669;Desembarcados;BRRIG;BRAM006
1581350;Cabotagem;1;Carga Conteinerizada;Conteinerizada;18,704;Desembarcados;BRIGI;BRAM006
1581350;Cabotagem;68;Carga Conteinerizada;Conteinerizada;979,268;Desembarcados;BRPNG;BRAM006
1581350;Cabotagem;8;Carga Conteinerizada;Conteinerizada;113,545;Desembarcados;BRSC011;BRAM006
1581350;Cabotagem;4;Carga Conteinerizada;Conteinerizada;34,277;Desembarcados;BRSC008;BRAM006
1581350;Cabotagem;2;Carga Conteinerizada;Conteinerizada;28,8;Desembarcados;BRSSA;BRAM006
1584504;Cabotagem;3;Carga Conteinerizada;Conteinerizada;63,08;Desembarcados;BRMAO;BRSSZ
1584504;Cabotagem;956;Carga Conteinerizada;Conteinerizada;8655,79;Desembarcados;BRMAO;BRSSZ
1584504;Cabotagem;28;Carga Conteinerizada;Conteinerizada;374,89;Desembarcados;BRMAO;BRSSZ
1584504;Cabotagem;7;Carga Conteinerizada;Conteinerizada;38,842;Desembarcados;BRSUA;BRSSZ
1584504;Cabotagem;90;Carga Conteinerizada;Conteinerizada;991,702;Desembarcados;BRSUA;BRSSZ
1584504;Cabotagem;22;Carga Conteinerizada;Conteinerizada;314,91;Desembarcados;BRSUA;BRSSZ
1584504;Cabotagem;21;Carga Conteinerizada;Conteinerizada;478,47;Embarcados;BRSSZ;BRMAO
1584504;Cabotagem;444;Carga Conteinerizada;Conteinerizada;5726,782;Embarcados;BRSSZ;BRMAO
1584504;Cabotagem;28;Carga Conteinerizada;Conteinerizada;281,965;Embarcados;BRSSZ;BRMAO
1584504;Cabotagem;2;Carga Conteinerizada;Conteinerizada;33,8;Embarcados;BRSSZ;BRMAO
1584504;Cabotagem;74;Carga Conteinerizada;Conteinerizada;933,63;Embarcados;BRSSZ;BRCE001
1584504;Cabotagem;10;Carga Conteinerizada;Conteinerizada;238,49;Embarcados;BRSSZ;BRSUA
1584504;Cabotagem;192;Carga Conteinerizada;Conteinerizada;2107,05;Embarcados;BRSSZ;BRSUA
1584504;Cabotagem;14;Carga Conteinerizada;Conteinerizada;150,28;Embarcados;BRSSZ;BRSUA
1584504;Cabotagem;12;Carga Conteinerizada;Conteinerizada;300;Desembarcados;BRSUA;BRSSZ
1584504;Cabotagem;8;Carga Conteinerizada;Conteinerizada;61,31;Desembarcados;BRSUA;BRSSZ
1584504;Cabotagem;2;Carga Conteinerizada;Conteinerizada;24,06;Desembarcados;BRSUA;BRSSZ
1584504;Cabotagem;56;Carga Conteinerizada;Conteinerizada;830,52;Desembarcados;BRMAO;BRSSZ
1584504;Cabotagem;4;Carga Conteinerizada;Conteinerizada;22,17;Desembarcados;BRMAO;BRSSZ
1584504;Cabotagem;27;Carga Conteinerizada;Conteinerizada;454,98;Embarcados;BRSSZ;BRSC011
1584504;Cabotagem;4;Carga Conteinerizada;Conteinerizada;54,25;Embarcados;BRSSZ;BRSC011
1584504;Cabotagem;508;Carga Conteinerizada;Conteinerizada;4827,14;Embarcados;BRSSZ;BRSC011
1584504;Cabotagem;102;Carga Conteinerizada;Conteinerizada;1413,26;Embarcados;BRSSZ;BRSC011
1584504;Cabotagem;6;Carga Conteinerizada;Conteinerizada;39,75;Embarcados;BRSSZ;BRMAO
1584504;Cabotagem;2;Carga Conteinerizada;Conteinerizada;11,36;Embarcados;BRSSZ;BRMAO
1584504;Cabotagem;10;Carga Conteinerizada;Conteinerizada;42,77;Embarcados;BRSSZ;BRMAO
1584504;Cabotagem;270;Carga Conteinerizada;Conteinerizada;1441,923;Embarcados;BRSSZ;BRMAO
1584504;Cabotagem;2;Carga Conteinerizada;Conteinerizada;20,75;Embarcados;BRSSZ;BRMAO
1584504;Cabotagem;25;Carga Conteinerizada;Conteinerizada;502,86;Embarcados;BRSSZ;BRCE001
1584504;Cabotagem;36;Carga Conteinerizada;Conteinerizada;380,74;Embarcados;BRSSZ;BRCE001
1584504;Cabotagem;12;Carga Conteinerizada;Conteinerizada;119,4;Embarcados;BRSSZ;BRCE001
1584504;Cabotagem;3;Carga Conteinerizada;Conteinerizada;45,32;Embarcados;BRSSZ;BRRIO
1584504;Cabotagem;2;Carga Conteinerizada;Conteinerizada;7,31;Embarcados;BRSSZ;BRRIO
1584504;Cabotagem;18;Carga Conteinerizada;Conteinerizada;123,41;Embarcados;BRSSZ;BRRIO
1584504;Cabotagem;4;Carga Conteinerizada;Conteinerizada;34,68;Embarcados;BRSSZ;BRRIO
1584504;Cabotagem;13;Carga Conteinerizada;Conteinerizada;157,6;Embarcados;BRSSZ;BRSUA
1584504;Cabotagem;94;Carga Conteinerizada;Conteinerizada;1159,25;Embarcados;BRSSZ;BRSUA
1584504;Cabotagem;2;Carga Conteinerizada;Conteinerizada;29,49;Embarcados;BRSSZ;BRSUA
1584504;Cabotagem;2;Carga Conteinerizada;Conteinerizada;26,31;Embarcados;BRSSZ;BRSC011
1584504;Cabotagem;328;Carga Conteinerizada;Conteinerizada;3401,91;Embarcados;BRSSZ;BRSC011
1584504;Cabotagem;4;Carga Conteinerizada;Conteinerizada;62,27;Embarcados;BRSSZ;BRSC011
1584504;Cabotagem;26;Carga Conteinerizada;Conteinerizada;359,21;Embarcados;BRSSZ;BRMAO
1584504;Cabotagem;1;Carga Conteinerizada;Conteinerizada;2,12;Desembarcados;BRMAO;BRSSZ
1584504;Cabotagem;1;Carga Conteinerizada;Conteinerizada;2,22;Desembarcados;BRMAO;BRSSZ
1584504;Cabotagem;1;Carga Conteinerizada;Conteinerizada;2,22;Desembarcados;BRMAO;BRSSZ
1584504;Cabotagem;1;Carga Conteinerizada;Conteinerizada;2,22;Desembarcados;BRMAO;BRSSZ
1584504;Cabotagem;1;Carga Conteinerizada;Conteinerizada;2,22;Desembarcados;BRMAO;BRSSZ
1584504;Cabotagem;1;Carga Conteinerizada;Conteinerizada;2,12;Desembarcados;BRMAO;BRSSZ
1584504;Cabotagem;1;Carga Conteinerizada;Conteinerizada;2,22;Desembarcados;BRMAO;BRSSZ
1584504;Cabotagem;1;Carga Conteinerizada;Conteinerizada;2,12;Desembarcados;BRMAO;BRSSZ
1584504;Cabotagem;1;Carga Conteinerizada;Conteinerizada;2,22;Desembarcados;BRMAO;BRSSZ
1584504;Cabotagem;1;Carga Conteinerizada;Conteinerizada;2,2;Desembarcados;BRMAO;BRSSZ
1584504;Cabotagem;1;Carga Conteinerizada;Conteinerizada;2,12;Desembarcados;BRMAO;BRSSZ
1584504;Cabotagem;1;Carga Conteinerizada;Conteinerizada;2,22;Desembarcados;BRMAO;BRSSZ
1584504;Cabotagem;1;Carga Conteinerizada;Conteinerizada;2,12;Desembarcados;BRMAO;BRSSZ
1584504;Cabotagem;1;Carga Conteinerizada;Conteinerizada;2,12;Desembarcados;BRMAO;BRSSZ
1584504;Cabotagem;1;Carga Conteinerizada;Conteinerizada;2,21;Desembarcados;BRMAO;BRSSZ
1584504;Cabotagem;1;Carga Conteinerizada;Conteinerizada;2,12;Desembarcados;BRMAO;BRSSZ
1584504;Cabotagem;1;Carga Conteinerizada;Conteinerizada;2,21;Desembarcados;BRMAO;BRSSZ
1584504;Cabotagem;1;Carga Conteinerizada;Conteinerizada;2,12;Desembarcados;BRMAO;BRSSZ
1584504;Cabotagem;1;Carga Conteinerizada;Conteinerizada;2,12;Desembarcados;BRMAO;BRSSZ
1584504;Cabotagem;1;Carga Conteinerizada;Conteinerizada;2,12;Desembarcados;BRMAO;BRSSZ
1584504;Cabotagem;1;Carga Conteinerizada;Conteinerizada;2,12;Desembarcados;BRMAO;BRSSZ
1584504;Cabotagem;1;Carga Conteinerizada;Conteinerizada;2,12;Desembarcados;BRMAO;BRSSZ
1584504;Cabotagem;1;Carga Conteinerizada;Conteinerizada;2,12;Desembarcados;BRMAO;BRSSZ
1584504;Cabotagem;1;Carga Conteinerizada;Conteinerizada;2,185;Desembarcados;BRMAO;BRSSZ
1584504;Cabotagem;1;Carga Conteinerizada;Conteinerizada;2,12;Desembarcados;BRMAO;BRSSZ
1584504;Cabotagem;1;Carga Conteinerizada;Conteinerizada;2,18;Desembarcados;BRMAO;BRSSZ
1584504;Cabotagem;1;Carga Conteinerizada;Conteinerizada;2,2;Desembarcados;BRMAO;BRSSZ
1584504;Cabotagem;1;Carga Conteinerizada;Conteinerizada;2,12;Desembarcados;BRMAO;BRSSZ
1584504;Cabotagem;1;Carga Conteinerizada;Conteinerizada;2,2;Desembarcados;BRMAO;BRSSZ
1584504;Cabotagem;1;Carga Conteinerizada;Conteinerizada;2,16;Desembarcados;BRMAO;BRSSZ
1584504;Cabotagem;1;Carga Conteinerizada;Conteinerizada;2,12;Desembarcados;BRMAO;BRSSZ
1584504;Cabotagem;1;Carga Conteinerizada;Conteinerizada;2,16;Desembarcados;BRMAO;BRSSZ
1584504;Cabotagem;1;Carga Conteinerizada;Conteinerizada;2,2;Desembarcados;BRMAO;BRSSZ
1584504;Cabotagem;1;Carga Conteinerizada;Conteinerizada;2,15;Desembarcados;BRMAO;BRSSZ
1584504;Cabotagem;1;Carga Conteinerizada;Conteinerizada;2,15;Desembarcados;BRMAO;BRSSZ
1584504;Cabotagem;1;Carga Conteinerizada;Conteinerizada;2,23;Desembarcados;BRMAO;BRSSZ
1584504;Cabotagem;1;Carga Conteinerizada;Conteinerizada;2,23;Desembarcados;BRMAO;BRSSZ
1584504;Cabotagem;1;Carga Conteinerizada;Conteinerizada;2,18;Desembarcados;BRMAO;BRSSZ
1584504;Cabotagem;1;Carga Conteinerizada;Conteinerizada;2,12;Desembarcados;BRMAO;BRSSZ
1584504;Cabotagem;1;Carga Conteinerizada;Conteinerizada;2,2;Desembarcados;BRMAO;BRSSZ
1584504;Cabotagem;1;Carga Conteinerizada;Conteinerizada;2,12;Desembarcados;BRMAO;BRSSZ
1584504;Cabotagem;1;Carga Conteinerizada;Conteinerizada;2,19;Desembarcados;BRMAO;BRSSZ
1584504;Cabotagem;1;Carga Conteinerizada;Conteinerizada;2,12;Desembarcados;BRMAO;BRSSZ
1584504;Cabotagem;1;Carga Conteinerizada;Conteinerizada;2,19;Desembarcados;BRMAO;BRSSZ
1584504;Cabotagem;1;Carga Conteinerizada;Conteinerizada;2,12;Desembarcados;BRMAO;BRSSZ
1584504;Cabotagem;1;Carga Conteinerizada;Conteinerizada;2;Desembarcados;BRMAO;BRSSZ
1584504;Cabotagem;1;Carga Conteinerizada;Conteinerizada;2,12;Desembarcados;BRMAO;BRSSZ
1584504;Cabotagem;1;Carga Conteinerizada;Conteinerizada;2,12;Desembarcados;BRMAO;BRSSZ
1584504;Cabotagem;1;Carga Conteinerizada;Conteinerizada;2,19;Desembarcados;BRMAO;BRSSZ
1584504;Cabotagem;1;Carga Conteinerizada;Conteinerizada;2,19;Desembarcados;BRMAO;BRSSZ
1584504;Cabotagem;1;Carga Conteinerizada;Conteinerizada;2,19;Desembarcados;BRMAO;BRSSZ
1584504;Cabotagem;1;Carga Conteinerizada;Conteinerizada;2,19;Desembarcados;BRMAO;BRSSZ
1584504;Cabotagem;1;Carga Conteinerizada;Conteinerizada;2,12;Desembarcados;BRMAO;BRSSZ
1584504;Cabotagem;1;Carga Conteinerizada;Conteinerizada;2,19;Desembarcados;BRMAO;BRSSZ
1584504;Cabotagem;1;Carga Conteinerizada;Conteinerizada;2,12;Desembarcados;BRMAO;BRSSZ
1584504;Cabotagem;1;Carga Conteinerizada;Conteinerizada;2,12;Desembarcados;BRMAO;BRSSZ
1584504;Cabotagem;1;Carga Conteinerizada;Conteinerizada;2,2;Desembarcados;BRMAO;BRSSZ
1584504;Cabotagem;1;Carga Conteinerizada;Conteinerizada;2,12;Desembarcados;BRMAO;BRSSZ
1584504;Cabotagem;1;Carga Conteinerizada;Conteinerizada;2,12;Desembarcados;BRMAO;BRSSZ
1584504;Cabotagem;1;Carga Conteinerizada;Conteinerizada;2,2;Desembarcados;BRMAO;BRSSZ
1584504;Cabotagem;1;Carga Conteinerizada;Conteinerizada;2,2;Desembarcados;BRMAO;BRSSZ
1584504;Cabotagem;1;Carga Conteinerizada;Conteinerizada;2,12;Desembarcados;BRMAO;BRSSZ
1584504;Cabotagem;1;Carga Conteinerizada;Conteinerizada;2,12;Desembarcados;BRMAO;BRSSZ
1584504;Cabotagem;1;Carga Conteinerizada;Conteinerizada;2,23;Desembarcados;BRMAO;BRSSZ
1584504;Cabotagem;1;Carga Conteinerizada;Conteinerizada;2,23;Desembarcados;BRMAO;BRSSZ
1584504;Cabotagem;1;Carga Conteinerizada;Conteinerizada;2,22;Desembarcados;BRMAO;BRSSZ
1584504;Cabotagem;1;Carga Conteinerizada;Conteinerizada;2,285;Desembarcados;BRMAO;BRSSZ
1584504;Cabotagem;1;Carga Conteinerizada;Conteinerizada;2,12;Desembarcados;BRMAO;BRSSZ
1584504;Cabotagem;1;Carga Conteinerizada;Conteinerizada;2,23;Desembarcados;BRMAO;BRSSZ
1584504;Cabotagem;1;Carga Conteinerizada;Conteinerizada;2,18;Desembarcados;BRMAO;BRSSZ
1584504;Cabotagem;1;Carga Conteinerizada;Conteinerizada;2,19;Desembarcados;BRMAO;BRSSZ
1584504;Cabotagem;1;Carga Conteinerizada;Conteinerizada;2,12;Desembarcados;BRMAO;BRSSZ
1584504;Cabotagem;1;Carga Conteinerizada;Conteinerizada;2,19;Desembarcados;BRMAO;BRSSZ
1584504;Cabotagem;1;Carga Conteinerizada;Conteinerizada;2,19;Desembarcados;BRMAO;BRSSZ
1584504;Cabotagem;1;Carga Conteinerizada;Conteinerizada;2,19;Desembarcados;BRMAO;BRSSZ
1584504;Cabotagem;1;Carga Conteinerizada;Conteinerizada;2,19;Desembarcados;BRMAO;BRSSZ
1584504;Cabotagem;1;Carga Conteinerizada;Conteinerizada;2,19;Desembarcados;BRMAO;BRSSZ
1584504;Cabotagem;1;Carga Conteinerizada;Conteinerizada;2,19;Desembarcados;BRMAO;BRSSZ
1584504;Cabotagem;1;Carga Conteinerizada;Conteinerizada;2,23;Desembarcados;BRMAO;BRSSZ
1584504;Cabotagem;1;Carga Conteinerizada;Conteinerizada;2,12;Desembarcados;BRMAO;BRSSZ
1584504;Cabotagem;1;Carga Conteinerizada;Conteinerizada;2,12;Desembarcados;BRMAO;BRSSZ
1584504;Cabotagem;1;Carga Conteinerizada;Conteinerizada;2,12;Desembarcados;BRMAO;BRSSZ
1584504;Cabotagem;1;Carga Conteinerizada;Conteinerizada;2,19;Desembarcados;BRMAO;BRSSZ
1584504;Cabotagem;1;Carga Conteinerizada;Conteinerizada;2,12;Desembarcados;BRMAO;BRSSZ
1584504;Cabotagem;1;Carga Conteinerizada;Conteinerizada;2,2;Desembarcados;BRMAO;BRSSZ
1584504;Cabotagem;1;Carga Conteinerizada;Conteinerizada;2,12;Desembarcados;BRMAO;BRSSZ
1584504;Cabotagem;1;Carga Conteinerizada;Conteinerizada;2,12;Desembarcados;BRMAO;BRSSZ
1584504;Cabotagem;1;Carga Conteinerizada;Conteinerizada;2,18;Desembarcados;BRMAO;BRSSZ
1584504;Cabotagem;1;Carga Conteinerizada;Conteinerizada;2,12;Desembarcados;BRMAO;BRSSZ
1584504;Cabotagem;1;Carga Conteinerizada;Conteinerizada;2,12;Desembarcados;BRMAO;BRSSZ
1584504;Cabotagem;1;Carga Conteinerizada;Conteinerizada;2,16;Desembarcados;BRMAO;BRSSZ
1584504;Cabotagem;1;Carga Conteinerizada;Conteinerizada;2,12;Desembarcados;BRMAO;BRSSZ
1584504;Cabotagem;1;Carga Conteinerizada;Conteinerizada;2,18;Desembarcados;BRMAO;BRSSZ
1584504;Cabotagem;1;Carga Conteinerizada;Conteinerizada;2,18;Desembarcados;BRMAO;BRSSZ
1584504;Cabotagem;1;Carga Conteinerizada;Conteinerizada;2,16;Desembarcados;BRMAO;BRSSZ
1584504;Cabotagem;1;Carga Conteinerizada;Conteinerizada;2,12;Desembarcados;BRMAO;BRSSZ
1584504;Cabotagem;1;Carga Conteinerizada;Conteinerizada;2,16;Desembarcados;BRMAO;BRSSZ
1584504;Cabotagem;1;Carga Conteinerizada;Conteinerizada;2,18;Desembarcados;BRMAO;BRSSZ
1584504;Cabotagem;1;Carga Conteinerizada;Conteinerizada;2,12;Desembarcados;BRMAO;BRSSZ
1584504;Cabotagem;1;Carga Conteinerizada;Conteinerizada;2,1;Desembarcados;BRMAO;BRSSZ
1584504;Cabotagem;1;Carga Conteinerizada;Conteinerizada;2,1;Desembarcados;BRMAO;BRSSZ
1584504;Cabotagem;1;Carga Conteinerizada;Conteinerizada;2,12;Desembarcados;BRMAO;BRSSZ
1584504;Cabotagem;1;Carga Conteinerizada;Conteinerizada;2,12;Desembarcados;BRMAO;BRSSZ
1584504;Cabotagem;1;Carga Conteinerizada;Conteinerizada;2,12;Desembarcados;BRMAO;BRSSZ
1584504;Cabotagem;1;Carga Conteinerizada;Conteinerizada;2,1;Desembarcados;BRMAO;BRSSZ
1584504;Cabotagem;1;Carga Conteinerizada;Conteinerizada;2,12;Desembarcados;BRMAO;BRSSZ
1584504;Cabotagem;1;Carga Conteinerizada;Conteinerizada;2,12;Desembarcados;BRMAO;BRSSZ
1584504;Cabotagem;1;Carga Conteinerizada;Conteinerizada;2,1;Desembarcados;BRMAO;BRSSZ
1584504;Cabotagem;1;Carga Conteinerizada;Conteinerizada;2,12;Desembarcados;BRMAO;BRSSZ
1584504;Cabotagem;1;Carga Conteinerizada;Conteinerizada;2,2;Desembarcados;BRMAO;BRSSZ
1584504;Cabotagem;1;Carga Conteinerizada;Conteinerizada;2,2;Desembarcados;BRMAO;BRSSZ
1584504;Cabotagem;1;Carga Conteinerizada;Conteinerizada;2,2;Desembarcados;BRMAO;BRSSZ
1584504;Cabotagem;1;Carga Conteinerizada;Conteinerizada;2,12;Desembarcados;BRMAO;BRSSZ
1584504;Cabotagem;1;Carga Conteinerizada;Conteinerizada;2,12;Desembarcados;BRMAO;BRSSZ
1584504;Cabotagem;1;Carga Conteinerizada;Conteinerizada;2,25;Desembarcados;BRMAO;BRSSZ
1584504;Cabotagem;1;Carga Conteinerizada;Conteinerizada;2,12;Desembarcados;BRMAO;BRSSZ
1584504;Cabotagem;1;Carga Conteinerizada;Conteinerizada;2,25;Desembarcados;BRMAO;BRSSZ
1584504;Cabotagem;1;Carga Conteinerizada;Conteinerizada;2,18;Desembarcados;BRMAO;BRSSZ
1584504;Cabotagem;1;Carga Conteinerizada;Conteinerizada;2,18;Desembarcados;BRMAO;BRSSZ
1584504;Cabotagem;1;Carga Conteinerizada;Conteinerizada;2,16;Desembarcados;BRMAO;BRSSZ
1584504;Cabotagem;1;Carga Conteinerizada;Conteinerizada;2,16;Desembarcados;BRMAO;BRSSZ
1584504;Cabotagem;1;Carga Conteinerizada;Conteinerizada;2,12;Desembarcados;BRMAO;BRSSZ
1584504;Cabotagem;1;Carga Conteinerizada;Conteinerizada;2,16;Desembarcados;BRMAO;BRSSZ
1584504;Cabotagem;1;Carga Conteinerizada;Conteinerizada;2,12;Desembarcados;BRMAO;BRSSZ
1584504;Cabotagem;1;Carga Conteinerizada;Conteinerizada;2,23;Desembarcados;BRMAO;BRSSZ
1584504;Cabotagem;1;Carga Conteinerizada;Conteinerizada;2,12;Desembarcados;BRMAO;BRSSZ
1584504;Cabotagem;1;Carga Conteinerizada;Conteinerizada;2,12;Desembarcados;BRMAO;BRSSZ
1584504;Cabotagem;1;Carga Conteinerizada;Conteinerizada;2,12;Desembarcados;BRMAO;BRSSZ
1584504;Cabotagem;1;Carga Conteinerizada;Conteinerizada;2,12;Desembarcados;BRMAO;BRSSZ
1584504;Cabotagem;1;Carga Conteinerizada;Conteinerizada;2,2;Desembarcados;BRMAO;BRSSZ
1584504;Cabotagem;1;Carga Conteinerizada;Conteinerizada;2,12;Desembarcados;BRMAO;BRSSZ
1584504;Cabotagem;1;Carga Conteinerizada;Conteinerizada;2,18;Desembarcados;BRMAO;BRSSZ
1584504;Cabotagem;1;Carga Conteinerizada;Conteinerizada;2,12;Desembarcados;BRMAO;BRSSZ
1584504;Cabotagem;1;Carga Conteinerizada;Conteinerizada;2,12;Desembarcados;BRMAO;BRSSZ
1584504;Cabotagem;1;Carga Conteinerizada;Conteinerizada;2,18;Desembarcados;BRMAO;BRSSZ
1584504;Cabotagem;1;Carga Conteinerizada;Conteinerizada;2,12;Desembarcados;BRMAO;BRSSZ
1584504;Cabotagem;1;Carga Conteinerizada;Conteinerizada;2,18;Desembarcados;BRMAO;BRSSZ
1584504;Cabotagem;1;Carga Conteinerizada;Conteinerizada;2,12;Desembarcados;BRMAO;BRSSZ
1584504;Cabotagem;1;Carga Conteinerizada;Conteinerizada;2,12;Desembarcados;BRMAO;BRSSZ
1584504;Cabotagem;1;Carga Conteinerizada;Conteinerizada;2,1;Desembarcados;BRMAO;BRSSZ
1584504;Cabotagem;1;Carga Conteinerizada;Conteinerizada;2,12;Desembarcados;BRMAO;BRSSZ
1584504;Cabotagem;1;Carga Conteinerizada;Conteinerizada;2,12;Desembarcados;BRMAO;BRSSZ
1584504;Cabotagem;1;Carga Conteinerizada;Conteinerizada;2,12;Desembarcados;BRMAO;BRSSZ
1584504;Cabotagem;1;Carga Conteinerizada;Conteinerizada;2,12;Desembarcados;BRMAO;BRSSZ
1584504;Cabotagem;1;Carga Conteinerizada;Conteinerizada;2,1;Desembarcados;BRMAO;BRSSZ
1584504;Cabotagem;1;Carga Conteinerizada;Conteinerizada;2,18;Desembarcados;BRMAO;BRSSZ
1584504;Cabotagem;1;Carga Conteinerizada;Conteinerizada;2,18;Desembarcados;BRMAO;BRSSZ
1584504;Cabotagem;1;Carga Conteinerizada;Conteinerizada;2,18;Desembarcados;BRMAO;BRSSZ
1584504;Cabotagem;1;Carga Conteinerizada;Conteinerizada;2,12;Desembarcados;BRMAO;BRSSZ
1584504;Cabotagem;1;Carga Conteinerizada;Conteinerizada;2,12;Desembarcados;BRMAO;BRSSZ
1584504;Cabotagem;1;Carga Conteinerizada;Conteinerizada;2,23;Desembarcados;BRMAO;BRSSZ
1584504;Cabotagem;1;Carga Conteinerizada;Conteinerizada;2,12;Desembarcados;BRMAO;BRSSZ
1584504;Cabotagem;1;Carga Conteinerizada;Conteinerizada;2,12;Desembarcados;BRMAO;BRSSZ
1584504;Cabotagem;1;Carga Conteinerizada;Conteinerizada;2,25;Desembarcados;BRMAO;BRSSZ
1584504;Cabotagem;1;Carga Conteinerizada;Conteinerizada;2,12;Desembarcados;BRMAO;BRSSZ
1584504;Cabotagem;1;Carga Conteinerizada;Conteinerizada;2,18;Desembarcados;BRMAO;BRSSZ
1584504;Cabotagem;1;Carga Conteinerizada;Conteinerizada;2,12;Desembarcados;BRMAO;BRSSZ
1584504;Cabotagem;1;Carga Conteinerizada;Conteinerizada;2,12;Desembarcados;BRMAO;BRSSZ
1584504;Cabotagem;1;Carga Conteinerizada;Conteinerizada;2,13;Desembarcados;BRMAO;BRSSZ
1584504;Cabotagem;1;Carga Conteinerizada;Conteinerizada;2,18;Desembarcados;BRMAO;BRSSZ
1584504;Cabotagem;1;Carga Conteinerizada;Conteinerizada;2,18;Desembarcados;BRMAO;BRSSZ
1584504;Cabotagem;1;Carga Conteinerizada;Conteinerizada;2,18;Desembarcados;BRMAO;BRSSZ
1584504;Cabotagem;1;Carga Conteinerizada;Conteinerizada;2,12;Desembarcados;BRMAO;BRSSZ
1584504;Cabotagem;1;Carga Conteinerizada;Conteinerizada;2,12;Desembarcados;BRMAO;BRSSZ
1584504;Cabotagem;1;Carga Conteinerizada;Conteinerizada;2,12;Desembarcados;BRMAO;BRSSZ
1584504;Cabotagem;1;Carga Conteinerizada;Conteinerizada;2,12;Desembarcados;BRMAO;BRSSZ
1584504;Cabotagem;1;Carga Conteinerizada;Conteinerizada;2,185;Desembarcados;BRMAO;BRSSZ
1584504;Cabotagem;1;Carga Conteinerizada;Conteinerizada;2,12;Desembarcados;BRMAO;BRSSZ
1584504;Cabotagem;1;Carga Conteinerizada;Conteinerizada;2,12;Desembarcados;BRMAO;BRSSZ
1584504;Cabotagem;1;Carga Conteinerizada;Conteinerizada;2,12;Desembarcados;BRMAO;BRSSZ
1584504;Cabotagem;1;Carga Conteinerizada;Conteinerizada;2,12;Desembarcados;BRMAO;BRSSZ
1584504;Cabotagem;1;Carga Conteinerizada;Conteinerizada;2,12;Desembarcados;BRMAO;BRSSZ
1584504;Cabotagem;1;Carga Conteinerizada;Conteinerizada;2,12;Desembarcados;BRMAO;BRSSZ
1584504;Cabotagem;1;Carga Conteinerizada;Conteinerizada;2,23;Desembarcados;BRMAO;BRSSZ
1584504;Cabotagem;1;Carga Conteinerizada;Conteinerizada;2,12;Desembarcados;BRMAO;BRSSZ
1584504;Cabotagem;1;Carga Conteinerizada;Conteinerizada;2,23;Desembarcados;BRMAO;BRSSZ
1584504;Cabotagem;1;Carga Conteinerizada;Conteinerizada;2,12;Desembarcados;BRMAO;BRSSZ
1584504;Cabotagem;1;Carga Conteinerizada;Conteinerizada;2,12;Desembarcados;BRMAO;BRSSZ
1584504;Cabotagem;1;Carga Conteinerizada;Conteinerizada;2,23;Desembarcados;BRMAO;BRSSZ
1584504;Cabotagem;1;Carga Conteinerizada;Conteinerizada;2,23;Desembarcados;BRMAO;BRSSZ
1584504;Cabotagem;1;Carga Conteinerizada;Conteinerizada;2,18;Desembarcados;BRMAO;BRSSZ
1584504;Cabotagem;1;Carga Conteinerizada;Conteinerizada;2,12;Desembarcados;BRMAO;BRSSZ
1584504;Cabotagem;1;Carga Conteinerizada;Conteinerizada;2,12;Desembarcados;BRMAO;BRSSZ
1584504;Cabotagem;1;Carga Conteinerizada;Conteinerizada;2,12;Desembarcados;BRMAO;BRSSZ
1584504;Cabotagem;1;Carga Conteinerizada;Conteinerizada;2,2;Desembarcados;BRMAO;BRSSZ
1584504;Cabotagem;1;Carga Conteinerizada;Conteinerizada;2,2;Desembarcados;BRMAO;BRSSZ
1584504;Cabotagem;1;Carga Conteinerizada;Conteinerizada;2,18;Desembarcados;BRMAO;BRSSZ
1584504;Cabotagem;1;Carga Conteinerizada;Conteinerizada;2,18;Desembarcados;BRMAO;BRSSZ
1584504;Cabotagem;1;Carga Conteinerizada;Conteinerizada;2,2;Desembarcados;BRMAO;BRSSZ
1584504;Cabotagem;1;Carga Conteinerizada;Conteinerizada;2,12;Desembarcados;BRMAO;BRSSZ
1584504;Cabotagem;1;Carga Conteinerizada;Conteinerizada;2,2;Desembarcados;BRMAO;BRSSZ
1584504;Cabotagem;1;Carga Conteinerizada;Conteinerizada;2,2;Desembarcados;BRMAO;BRSSZ
1584504;Cabotagem;1;Carga Conteinerizada;Conteinerizada;2,2;Desembarcados;BRMAO;BRSSZ
1584504;Cabotagem;1;Carga Conteinerizada;Conteinerizada;2,2;Desembarcados;BRMAO;BRSSZ
1584504;Cabotagem;1;Carga Conteinerizada;Conteinerizada;2,2;Desembarcados;BRMAO;BRSSZ
1584504;Cabotagem;1;Carga Conteinerizada;Conteinerizada;2,2;Desembarcados;BRMAO;BRSSZ
1584504;Cabotagem;1;Carga Conteinerizada;Conteinerizada;2,12;Desembarcados;BRMAO;BRSSZ
1584504;Cabotagem;1;Carga Conteinerizada;Conteinerizada;2,12;Desembarcados;BRMAO;BRSSZ
1584504;Cabotagem;1;Carga Conteinerizada;Conteinerizada;2,2;Desembarcados;BRMAO;BRSSZ
1584504;Cabotagem;1;Carga Conteinerizada;Conteinerizada;2,12;Desembarcados;BRMAO;BRSSZ
1584504;Cabotagem;1;Carga Conteinerizada;Conteinerizada;2,12;Desembarcados;BRMAO;BRSSZ
1584504;Cabotagem;1;Carga Conteinerizada;Conteinerizada;2,2;Desembarcados;BRMAO;BRSSZ
1584504;Cabotagem;1;Carga Conteinerizada;Conteinerizada;2,12;Desembarcados;BRMAO;BRSSZ
1584504;Cabotagem;1;Carga Conteinerizada;Conteinerizada;2,12;Desembarcados;BRMAO;BRSSZ
1584504;Cabotagem;1;Carga Conteinerizada;Conteinerizada;2,12;Desembarcados;BRMAO;BRSSZ
1584504;Cabotagem;1;Carga Conteinerizada;Conteinerizada;2,12;Desembarcados;BRMAO;BRSSZ
1584504;Cabotagem;1;Carga Conteinerizada;Conteinerizada;2,12;Desembarcados;BRMAO;BRSSZ
1584504;Cabotagem;1;Carga Conteinerizada;Conteinerizada;2,2;Desembarcados;BRMAO;BRSSZ
1584504;Cabotagem;1;Carga Conteinerizada;Conteinerizada;2,12;Desembarcados;BRMAO;BRSSZ
1584504;Cabotagem;1;Carga Conteinerizada;Conteinerizada;2,12;Desembarcados;BRMAO;BRSSZ
1584504;Cabotagem;1;Carga Conteinerizada;Conteinerizada;2,12;Desembarcados;BRMAO;BRSSZ
1584504;Cabotagem;1;Carga Conteinerizada;Conteinerizada;2,12;Desembarcados;BRMAO;BRSSZ
1584504;Cabotagem;1;Carga Conteinerizada;Conteinerizada;2,18;Desembarcados;BRMAO;BRSSZ
1584504;Cabotagem;1;Carga Conteinerizada;Conteinerizada;2,12;Desembarcados;BRMAO;BRSSZ
1584504;Cabotagem;1;Carga Conteinerizada;Conteinerizada;2,12;Desembarcados;BRMAO;BRSSZ
1584504;Cabotagem;1;Carga Conteinerizada;Conteinerizada;2,18;Desembarcados;BRMAO;BRSSZ
1584504;Cabotagem;1;Carga Conteinerizada;Conteinerizada;2,12;Desembarcados;BRMAO;BRSSZ
1584504;Cabotagem;1;Carga Conteinerizada;Conteinerizada;2,12;Desembarcados;BRMAO;BRSSZ
1584504;Cabotagem;1;Carga Conteinerizada;Conteinerizada;2,18;Desembarcados;BRMAO;BRSSZ
1584504;Cabotagem;1;Carga Conteinerizada;Conteinerizada;2,2;Desembarcados;BRMAO;BRSSZ
1584504;Cabotagem;1;Carga Conteinerizada;Conteinerizada;2,2;Desembarcados;BRMAO;BRSSZ
1584504;Cabotagem;1;Carga Conteinerizada;Conteinerizada;2,2;Desembarcados;BRMAO;BRSSZ
1584504;Cabotagem;1;Carga Conteinerizada;Conteinerizada;2,12;Desembarcados;BRMAO;BRSSZ
1584504;Cabotagem;1;Carga Conteinerizada;Conteinerizada;2,18;Desembarcados;BRMAO;BRSSZ
1584504;Cabotagem;1;Carga Conteinerizada;Conteinerizada;2,12;Desembarcados;BRMAO;BRSSZ
1584504;Cabotagem;1;Carga Conteinerizada;Conteinerizada;2,12;Desembarcados;BRMAO;BRSSZ
1584504;Cabotagem;1;Carga Conteinerizada;Conteinerizada;2,12;Desembarcados;BRMAO;BRSSZ
1584504;Cabotagem;1;Carga Conteinerizada;Conteinerizada;2,12;Desembarcados;BRMAO;BRSSZ
1584504;Cabotagem;1;Carga Conteinerizada;Conteinerizada;2,12;Desembarcados;BRMAO;BRSSZ
1584504;Cabotagem;1;Carga Conteinerizada;Conteinerizada;2,12;Desembarcados;BRMAO;BRSSZ
1584504;Cabotagem;1;Carga Conteinerizada;Conteinerizada;2,12;Desembarcados;BRMAO;BRSSZ
1584504;Cabotagem;1;Carga Conteinerizada;Conteinerizada;2,18;Desembarcados;BRMAO;BRSSZ
1584504;Cabotagem;1;Carga Conteinerizada;Conteinerizada;2,12;Desembarcados;BRMAO;BRSSZ
1584504;Cabotagem;1;Carga Conteinerizada;Conteinerizada;2,12;Desembarcados;BRMAO;BRSSZ
1584504;Cabotagem;1;Carga Conteinerizada;Conteinerizada;2,12;Desembarcados;BRMAO;BRSSZ
1584504;Cabotagem;1;Carga Conteinerizada;Conteinerizada;2,12;Desembarcados;BRMAO;BRSSZ
1584504;Cabotagem;1;Carga Conteinerizada;Conteinerizada;2,12;Desembarcados;BRMAO;BRSSZ
1584504;Cabotagem;1;Carga Conteinerizada;Conteinerizada;2,12;Desembarcados;BRMAO;BRSSZ
1584504;Cabotagem;1;Carga Conteinerizada;Conteinerizada;2,12;Desembarcados;BRMAO;BRSSZ
1584504;Cabotagem;1;Carga Conteinerizada;Conteinerizada;2,12;Desembarcados;BRMAO;BRSSZ
1584504;Cabotagem;1;Carga Conteinerizada;Conteinerizada;2,2;Desembarcados;BRMAO;BRSSZ
1584504;Cabotagem;1;Carga Conteinerizada;Conteinerizada;2,2;Desembarcados;BRMAO;BRSSZ
1584504;Cabotagem;1;Carga Conteinerizada;Conteinerizada;2,12;Desembarcados;BRMAO;BRSSZ
1584504;Cabotagem;1;Carga Conteinerizada;Conteinerizada;2,18;Desembarcados;BRMAO;BRSSZ
1584504;Cabotagem;1;Carga Conteinerizada;Conteinerizada;2,22;Desembarcados;BRMAO;BRSSZ
1584504;Cabotagem;1;Carga Conteinerizada;Conteinerizada;2,1;Desembarcados;BRMAO;BRSSZ
1584504;Cabotagem;1;Carga Conteinerizada;Conteinerizada;2,12;Desembarcados;BRMAO;BRSSZ
1584504;Cabotagem;1;Carga Conteinerizada;Conteinerizada;2,1;Desembarcados;BRMAO;BRSSZ
1584504;Cabotagem;1;Carga Conteinerizada;Conteinerizada;2,12;Desembarcados;BRMAO;BRSSZ
1584504;Cabotagem;1;Carga Conteinerizada;Conteinerizada;2,1;Desembarcados;BRMAO;BRSSZ
1584504;Cabotagem;1;Carga Conteinerizada;Conteinerizada;2,12;Desembarcados;BRMAO;BRSSZ
1584504;Cabotagem;1;Carga Conteinerizada;Conteinerizada;2,12;Desembarcados;BRMAO;BRSSZ
1584504;Cabotagem;1;Carga Conteinerizada;Conteinerizada;2,1;Desembarcados;BRMAO;BRSSZ
1584504;Cabotagem;1;Carga Conteinerizada;Conteinerizada;2,12;Desembarcados;BRMAO;BRSSZ
1584504;Cabotagem;1;Carga Conteinerizada;Conteinerizada;2,12;Desembarcados;BRMAO;BRSSZ
1584504;Cabotagem;1;Carga Conteinerizada;Conteinerizada;2,12;Desembarcados;BRMAO;BRSSZ
1584504;Cabotagem;1;Carga Conteinerizada;Conteinerizada;2,12;Desembarcados;BRMAO;BRSSZ
1584504;Cabotagem;1;Carga Conteinerizada;Conteinerizada;2,26;Desembarcados;BRMAO;BRSSZ
1584504;Cabotagem;1;Carga Conteinerizada;Conteinerizada;2,26;Desembarcados;BRMAO;BRSSZ
1584504;Cabotagem;1;Carga Conteinerizada;Conteinerizada;2,12;Desembarcados;BRMAO;BRSSZ
1584504;Cabotagem;1;Carga Conteinerizada;Conteinerizada;2,23;Desembarcados;BRMAO;BRSSZ
1584504;Cabotagem;1;Carga Conteinerizada;Conteinerizada;2,12;Desembarcados;BRMAO;BRSSZ
1584504;Cabotagem;1;Carga Conteinerizada;Conteinerizada;2,23;Desembarcados;BRMAO;BRSSZ
1584504;Cabotagem;1;Carga Conteinerizada;Conteinerizada;2,23;Desembarcados;BRMAO;BRSSZ
1584504;Cabotagem;1;Carga Conteinerizada;Conteinerizada;2,12;Desembarcados;BRMAO;BRSSZ
1584504;Cabotagem;1;Carga Conteinerizada;Conteinerizada;2,12;Desembarcados;BRMAO;BRSSZ
1584504;Cabotagem;1;Carga Conteinerizada;Conteinerizada;2,12;Desembarcados;BRMAO;BRSSZ
1584504;Cabotagem;1;Carga Conteinerizada;Conteinerizada;2,12;Desembarcados;BRMAO;BRSSZ
1584504;Cabotagem;1;Carga Conteinerizada;Conteinerizada;2,18;Desembarcados;BRMAO;BRSSZ
1584504;Cabotagem;1;Carga Conteinerizada;Conteinerizada;2,18;Desembarcados;BRMAO;BRSSZ
1584504;Cabotagem;1;Carga Conteinerizada;Conteinerizada;2,18;Desembarcados;BRMAO;BRSSZ
1584504;Cabotagem;1;Carga Conteinerizada;Conteinerizada;2,18;Desembarcados;BRMAO;BRSSZ
1584504;Cabotagem;1;Carga Conteinerizada;Conteinerizada;2,12;Desembarcados;BRMAO;BRSSZ
1584504;Cabotagem;1;Carga Conteinerizada;Conteinerizada;2,18;Desembarcados;BRMAO;BRSSZ
1584504;Cabotagem;1;Carga Conteinerizada;Conteinerizada;2,18;Desembarcados;BRMAO;BRSSZ
1584504;Cabotagem;1;Carga Conteinerizada;Conteinerizada;2,18;Desembarcados;BRMAO;BRSSZ
1584504;Cabotagem;1;Carga Conteinerizada;Conteinerizada;2,18;Desembarcados;BRMAO;BRSSZ
1584504;Cabotagem;1;Carga Conteinerizada;Conteinerizada;2,12;Desembarcados;BRMAO;BRSSZ
1584504;Cabotagem;1;Carga Conteinerizada;Conteinerizada;2,12;Desembarcados;BRMAO;BRSSZ
1584504;Cabotagem;1;Carga Conteinerizada;Conteinerizada;2,12;Desembarcados;BRMAO;BRSSZ
1584504;Cabotagem;1;Carga Conteinerizada;Conteinerizada;2,18;Desembarcados;BRMAO;BRSSZ
1584504;Cabotagem;1;Carga Conteinerizada;Conteinerizada;2,12;Desembarcados;BRMAO;BRSSZ
1584504;Cabotagem;1;Carga Conteinerizada;Conteinerizada;2,1;Desembarcados;BRMAO;BRSSZ
1584504;Cabotagem;1;Carga Conteinerizada;Conteinerizada;2,18;Desembarcados;BRMAO;BRSSZ
1584504;Cabotagem;1;Carga Conteinerizada;Conteinerizada;2,12;Desembarcados;BRMAO;BRSSZ
1584504;Cabotagem;1;Carga Conteinerizada;Conteinerizada;2,12;Desembarcados;BRMAO;BRSSZ
1584504;Cabotagem;1;Carga Conteinerizada;Conteinerizada;2,12;Desembarcados;BRMAO;BRSSZ
1584504;Cabotagem;1;Carga Conteinerizada;Conteinerizada;2,12;Desembarcados;BRMAO;BRSSZ
1584504;Cabotagem;1;Carga Conteinerizada;Conteinerizada;2,1;Desembarcados;BRMAO;BRSSZ
1584504;Cabotagem;1;Carga Conteinerizada;Conteinerizada;2,12;Desembarcados;BRMAO;BRSSZ
1584504;Cabotagem;1;Carga Conteinerizada;Conteinerizada;2,18;Desembarcados;BRMAO;BRSSZ
1584504;Cabotagem;1;Carga Conteinerizada;Conteinerizada;2,12;Desembarcados;BRMAO;BRSSZ
1584504;Cabotagem;1;Carga Conteinerizada;Conteinerizada;2,23;Desembarcados;BRMAO;BRSSZ
1584504;Cabotagem;1;Carga Conteinerizada;Conteinerizada;2,23;Desembarcados;BRMAO;BRSSZ
1584504;Cabotagem;1;Carga Conteinerizada;Conteinerizada;2,12;Desembarcados;BRMAO;BRSSZ
1584504;Cabotagem;1;Carga Conteinerizada;Conteinerizada;2,12;Desembarcados;BRMAO;BRSSZ
1584504;Cabotagem;1;Carga Conteinerizada;Conteinerizada;2,18;Desembarcados;BRMAO;BRSSZ
1584504;Cabotagem;1;Carga Conteinerizada;Conteinerizada;2,12;Desembarcados;BRMAO;BRSSZ
1584504;Cabotagem;1;Carga Conteinerizada;Conteinerizada;2,12;Desembarcados;BRMAO;BRSSZ
1584504;Cabotagem;1;Carga Conteinerizada;Conteinerizada;2,12;Desembarcados;BRMAO;BRSSZ
1584504;Cabotagem;2;Carga Conteinerizada;Conteinerizada;4;Desembarcados;BRMAO;BRSSZ
1584504;Cabotagem;2;Carga Conteinerizada;Conteinerizada;4;Desembarcados;BRMAO;BRSSZ
1584504;Cabotagem;2;Carga Conteinerizada;Conteinerizada;4;Desembarcados;BRMAO;BRSSZ
1584504;Cabotagem;2;Carga Conteinerizada;Conteinerizada;4;Desembarcados;BRMAO;BRSSZ
1584504;Cabotagem;2;Carga Conteinerizada;Conteinerizada;4;Desembarcados;BRMAO;BRSSZ
1584504;Cabotagem;2;Carga Conteinerizada;Conteinerizada;4;Desembarcados;BRMAO;BRSSZ
1584504;Cabotagem;2;Carga Conteinerizada;Conteinerizada;4;Desembarcados;BRMAO;BRSSZ
1584504;Cabotagem;2;Carga Conteinerizada;Conteinerizada;4,42;Desembarcados;BRMAO;BRSSZ
1584504;Cabotagem;2;Carga Conteinerizada;Conteinerizada;4;Desembarcados;BRMAO;BRSSZ
1584504;Cabotagem;2;Carga Conteinerizada;Conteinerizada;4;Desembarcados;BRMAO;BRSSZ
1584504;Cabotagem;2;Carga Conteinerizada;Conteinerizada;4;Desembarcados;BRMAO;BRSSZ
1584504;Cabotagem;2;Carga Conteinerizada;Conteinerizada;4;Desembarcados;BRMAO;BRSSZ
1584504;Cabotagem;2;Carga Conteinerizada;Conteinerizada;4;Desembarcados;BRMAO;BRSSZ
1584504;Cabotagem;2;Carga Conteinerizada;Conteinerizada;4;Desembarcados;BRMAO;BRSSZ
1584504;Cabotagem;2;Carga Conteinerizada;Conteinerizada;4;Desembarcados;BRMAO;BRSSZ
1584504;Cabotagem;2;Carga Conteinerizada;Conteinerizada;4;Desembarcados;BRMAO;BRSSZ
1584504;Cabotagem;2;Carga Conteinerizada;Conteinerizada;4;Desembarcados;BRMAO;BRSSZ
1584504;Cabotagem;2;Carga Conteinerizada;Conteinerizada;4;Desembarcados;BRMAO;BRSSZ
1584504;Cabotagem;2;Carga Conteinerizada;Conteinerizada;4;Desembarcados;BRMAO;BRSSZ
1584504;Cabotagem;2;Carga Conteinerizada;Conteinerizada;4;Desembarcados;BRMAO;BRSSZ
1584504;Cabotagem;2;Carga Conteinerizada;Conteinerizada;4,48;Desembarcados;BRMAO;BRSSZ
1584504;Cabotagem;2;Carga Conteinerizada;Conteinerizada;4;Desembarcados;BRMAO;BRSSZ
1584504;Cabotagem;2;Carga Conteinerizada;Conteinerizada;4;Desembarcados;BRMAO;BRSSZ
1584504;Cabotagem;2;Carga Conteinerizada;Conteinerizada;4,41;Desembarcados;BRMAO;BRSSZ
1584504;Cabotagem;2;Carga Conteinerizada;Conteinerizada;4;Desembarcados;BRMAO;BRSSZ
1584504;Cabotagem;2;Carga Conteinerizada;Conteinerizada;4;Desembarcados;BRMAO;BRSSZ
1584504;Cabotagem;2;Carga Conteinerizada;Conteinerizada;4;Desembarcados;BRMAO;BRSSZ
1584504;Cabotagem;2;Carga Conteinerizada;Conteinerizada;4;Desembarcados;BRMAO;BRSSZ
1584504;Cabotagem;2;Carga Conteinerizada;Conteinerizada;4;Desembarcados;BRMAO;BRSSZ
1584504;Cabotagem;2;Carga Conteinerizada;Conteinerizada;4;Desembarcados;BRMAO;BRSSZ
1584504;Cabotagem;2;Carga Conteinerizada;Conteinerizada;4;Desembarcados;BRMAO;BRSSZ
1584504;Cabotagem;2;Carga Conteinerizada;Conteinerizada;4;Desembarcados;BRMAO;BRSSZ
1584504;Cabotagem;2;Carga Conteinerizada;Conteinerizada;4;Desembarcados;BRMAO;BRSSZ
1584504;Cabotagem;2;Carga Conteinerizada;Conteinerizada;4;Desembarcados;BRMAO;BRSSZ
1584504;Cabotagem;2;Carga Conteinerizada;Conteinerizada;4;Desembarcados;BRMAO;BRSSZ
1584504;Cabotagem;2;Carga Conteinerizada;Conteinerizada;4;Desembarcados;BRMAO;BRSSZ
1584504;Cabotagem;2;Carga Conteinerizada;Conteinerizada;4;Desembarcados;BRMAO;BRSSZ
1584504;Cabotagem;2;Carga Conteinerizada;Conteinerizada;4;Desembarcados;BRMAO;BRSSZ
1584504;Cabotagem;2;Carga Conteinerizada;Conteinerizada;4;Desembarcados;BRMAO;BRSSZ
1584504;Cabotagem;2;Carga Conteinerizada;Conteinerizada;4;Desembarcados;BRMAO;BRSSZ
1584504;Cabotagem;2;Carga Conteinerizada;Conteinerizada;4;Desembarcados;BRMAO;BRSSZ
1584504;Cabotagem;2;Carga Conteinerizada;Conteinerizada;4;Desembarcados;BRMAO;BRSSZ
1584504;Cabotagem;2;Carga Conteinerizada;Conteinerizada;4;Desembarcados;BRMAO;BRSSZ
1584504;Cabotagem;2;Carga Conteinerizada;Conteinerizada;4;Desembarcados;BRMAO;BRSSZ
1584504;Cabotagem;2;Carga Conteinerizada;Conteinerizada;4;Desembarcados;BRMAO;BRSSZ
1584504;Cabotagem;2;Carga Conteinerizada;Conteinerizada;4;Desembarcados;BRMAO;BRSSZ
1584504;Cabotagem;2;Carga Conteinerizada;Conteinerizada;4;Desembarcados;BRMAO;BRSSZ
1584504;Cabotagem;2;Carga Conteinerizada;Conteinerizada;4;Desembarcados;BRMAO;BRSSZ
1584504;Cabotagem;2;Carga Conteinerizada;Conteinerizada;4;Desembarcados;BRMAO;BRSSZ
1584504;Cabotagem;2;Carga Conteinerizada;Conteinerizada;4;Desembarcados;BRMAO;BRSSZ
1584504;Cabotagem;2;Carga Conteinerizada;Conteinerizada;4;Desembarcados;BRMAO;BRSSZ
1584504;Cabotagem;2;Carga Conteinerizada;Conteinerizada;4;Desembarcados;BRMAO;BRSSZ
1584504;Cabotagem;2;Carga Conteinerizada;Conteinerizada;4;Desembarcados;BRMAO;BRSSZ
1584504;Cabotagem;2;Carga Conteinerizada;Conteinerizada;4;Desembarcados;BRMAO;BRSSZ
1584504;Cabotagem;2;Carga Conteinerizada;Conteinerizada;4;Desembarcados;BRMAO;BRSSZ
1584504;Cabotagem;2;Carga Conteinerizada;Conteinerizada;4;Desembarcados;BRMAO;BRSSZ
1584504;Cabotagem;2;Carga Conteinerizada;Conteinerizada;4;Desembarcados;BRMAO;BRSSZ
1584504;Cabotagem;2;Carga Conteinerizada;Conteinerizada;4,33;Desembarcados;BRMAO;BRSSZ
1584504;Cabotagem;2;Carga Conteinerizada;Conteinerizada;4;Desembarcados;BRMAO;BRSSZ
1584504;Cabotagem;2;Carga Conteinerizada;Conteinerizada;4,47;Desembarcados;BRMAO;BRSSZ
1584504;Cabotagem;2;Carga Conteinerizada;Conteinerizada;3,68;Desembarcados;BRSUA;BRSSZ
1584504;Cabotagem;2;Carga Conteinerizada;Conteinerizada;3,7;Desembarcados;BRSUA;BRSSZ
1584504;Cabotagem;2;Carga Conteinerizada;Conteinerizada;3,7;Desembarcados;BRSUA;BRSSZ
1584504;Cabotagem;2;Carga Conteinerizada;Conteinerizada;3,7;Desembarcados;BRSUA;BRSSZ
1584504;Cabotagem;2;Carga Conteinerizada;Conteinerizada;3,7;Desembarcados;BRSUA;BRSSZ
1584504;Cabotagem;2;Carga Conteinerizada;Conteinerizada;3,7;Desembarcados;BRSUA;BRSSZ
1584504;Cabotagem;2;Carga Conteinerizada;Conteinerizada;4;Desembarcados;BRSUA;BRSSZ
1584504;Cabotagem;2;Carga Conteinerizada;Conteinerizada;3,95;Desembarcados;BRSUA;BRSSZ
1584504;Cabotagem;2;Carga Conteinerizada;Conteinerizada;3,95;Desembarcados;BRSUA;BRSSZ
1584504;Cabotagem;2;Carga Conteinerizada;Conteinerizada;3,75;Desembarcados;BRSUA;BRSSZ
1584504;Cabotagem;2;Carga Conteinerizada;Conteinerizada;3,95;Desembarcados;BRSUA;BRSSZ
1584504;Cabotagem;2;Carga Conteinerizada;Conteinerizada;3,95;Desembarcados;BRSUA;BRSSZ
1584504;Cabotagem;2;Carga Conteinerizada;Conteinerizada;3,7;Desembarcados;BRSUA;BRSSZ
1584504;Cabotagem;2;Carga Conteinerizada;Conteinerizada;3,95;Desembarcados;BRSUA;BRSSZ
1584504;Cabotagem;2;Carga Conteinerizada;Conteinerizada;3,95;Desembarcados;BRSUA;BRSSZ
1584504;Cabotagem;2;Carga Conteinerizada;Conteinerizada;3,7;Desembarcados;BRSUA;BRSSZ
1584504;Cabotagem;2;Carga Conteinerizada;Conteinerizada;3,95;Desembarcados;BRSUA;BRSSZ
1584504;Cabotagem;2;Carga Conteinerizada;Conteinerizada;4;Desembarcados;BRSUA;BRSSZ
1584504;Cabotagem;2;Carga Conteinerizada;Conteinerizada;3,95;Desembarcados;BRSUA;BRSSZ
1584504;Cabotagem;2;Carga Conteinerizada;Conteinerizada;3,95;Desembarcados;BRSUA;BRSSZ
1584504;Cabotagem;2;Carga Conteinerizada;Conteinerizada;3,95;Desembarcados;BRSUA;BRSSZ
1584504;Cabotagem;2;Carga Conteinerizada;Conteinerizada;3,95;Desembarcados;BRSUA;BRSSZ
1584504;Cabotagem;2;Carga Conteinerizada;Conteinerizada;3,85;Desembarcados;BRSUA;BRSSZ
1584504;Cabotagem;2;Carga Conteinerizada;Conteinerizada;3,95;Desembarcados;BRSUA;BRSSZ
1584504;Cabotagem;2;Carga Conteinerizada;Conteinerizada;3,85;Desembarcados;BRSUA;BRSSZ
1584504;Cabotagem;2;Carga Conteinerizada;Conteinerizada;4;Desembarcados;BRSUA;BRSSZ
1584504;Cabotagem;2;Carga Conteinerizada;Conteinerizada;4;Desembarcados;BRSUA;BRSSZ
1584504;Cabotagem;2;Carga Conteinerizada;Conteinerizada;3,77;Desembarcados;BRSUA;BRSSZ
1584504;Cabotagem;2;Carga Conteinerizada;Conteinerizada;3,88;Desembarcados;BRSUA;BRSSZ
1584504;Cabotagem;2;Carga Conteinerizada;Conteinerizada;3,7;Desembarcados;BRSUA;BRSSZ
1584504;Cabotagem;2;Carga Conteinerizada;Conteinerizada;3,7;Desembarcados;BRSUA;BRSSZ
1584504;Cabotagem;2;Carga Conteinerizada;Conteinerizada;3,95;Desembarcados;BRSUA;BRSSZ
1584504;Cabotagem;2;Carga Conteinerizada;Conteinerizada;3,95;Desembarcados;BRSUA;BRSSZ
1584504;Cabotagem;2;Carga Conteinerizada;Conteinerizada;3,7;Desembarcados;BRSUA;BRSSZ
1584504;Cabotagem;2;Carga Conteinerizada;Conteinerizada;3,95;Desembarcados;BRSUA;BRSSZ
1584504;Cabotagem;2;Carga Conteinerizada;Conteinerizada;3,95;Desembarcados;BRSUA;BRSSZ
1584504;Cabotagem;2;Carga Conteinerizada;Conteinerizada;3,95;Desembarcados;BRSUA;BRSSZ
1584504;Cabotagem;2;Carga Conteinerizada;Conteinerizada;3,95;Desembarcados;BRSUA;BRSSZ
1584504;Cabotagem;2;Carga Conteinerizada;Conteinerizada;3,7;Desembarcados;BRSUA;BRSSZ
1584504;Cabotagem;2;Carga Conteinerizada;Conteinerizada;3,95;Desembarcados;BRSUA;BRSSZ
1584504;Cabotagem;2;Carga Conteinerizada;Conteinerizada;3,95;Desembarcados;BRSUA;BRSSZ
1584504;Cabotagem;2;Carga Conteinerizada;Conteinerizada;3,95;Desembarcados;BRSUA;BRSSZ
1584504;Cabotagem;2;Carga Conteinerizada;Conteinerizada;4;Desembarcados;BRSUA;BRSSZ
1584504;Cabotagem;2;Carga Conteinerizada;Conteinerizada;3,75;Desembarcados;BRSUA;BRSSZ
1584504;Cabotagem;2;Carga Conteinerizada;Conteinerizada;3,95;Desembarcados;BRSUA;BRSSZ
1584504;Cabotagem;2;Carga Conteinerizada;Conteinerizada;3,95;Desembarcados;BRSUA;BRSSZ
1584504;Cabotagem;2;Carga Conteinerizada;Conteinerizada;3,8;Desembarcados;BRSUA;BRSSZ
1584504;Cabotagem;2;Carga Conteinerizada;Conteinerizada;4;Desembarcados;BRSUA;BRSSZ
1584504;Cabotagem;2;Carga Conteinerizada;Conteinerizada;4;Desembarcados;BRSUA;BRSSZ
1584504;Cabotagem;2;Carga Conteinerizada;Conteinerizada;4;Desembarcados;BRSUA;BRSSZ
1584504;Cabotagem;2;Carga Conteinerizada;Conteinerizada;4;Desembarcados;BRSUA;BRSSZ
1584504;Cabotagem;2;Carga Conteinerizada;Conteinerizada;4;Desembarcados;BRSUA;BRSSZ
1584504;Cabotagem;2;Carga Conteinerizada;Conteinerizada;4;Desembarcados;BRSUA;BRSSZ
1584504;Cabotagem;2;Carga Conteinerizada;Conteinerizada;4;Desembarcados;BRSUA;BRSSZ
1584504;Cabotagem;2;Carga Conteinerizada;Conteinerizada;4;Desembarcados;BRSUA;BRSSZ
1584504;Cabotagem;2;Carga Conteinerizada;Conteinerizada;4;Desembarcados;BRSUA;BRSSZ
1584504;Cabotagem;2;Carga Conteinerizada;Conteinerizada;4;Desembarcados;BRSUA;BRSSZ
1584504;Cabotagem;2;Carga Conteinerizada;Conteinerizada;4;Desembarcados;BRSUA;BRSSZ
1584504;Cabotagem;2;Carga Conteinerizada;Conteinerizada;4,35;Desembarcados;BRSUA;BRSSZ
1584504;Cabotagem;2;Carga Conteinerizada;Conteinerizada;4;Desembarcados;BRSUA;BRSSZ
1584504;Cabotagem;2;Carga Conteinerizada;Conteinerizada;4;Desembarcados;BRSUA;BRSSZ
1584504;Cabotagem;2;Carga Conteinerizada;Conteinerizada;3,95;Desembarcados;BRSUA;BRSSZ
1584504;Cabotagem;2;Carga Conteinerizada;Conteinerizada;3,95;Desembarcados;BRSUA;BRSSZ
1584504;Cabotagem;2;Carga Conteinerizada;Conteinerizada;3,7;Desembarcados;BRSUA;BRSSZ
1584504;Cabotagem;2;Carga Conteinerizada;Conteinerizada;4,06;Desembarcados;BRSUA;BRSSZ
1584504;Cabotagem;2;Carga Conteinerizada;Conteinerizada;3,95;Desembarcados;BRSUA;BRSSZ
1584504;Cabotagem;2;Carga Conteinerizada;Conteinerizada;3,7;Desembarcados;BRSUA;BRSSZ
1584504;Cabotagem;2;Carga Conteinerizada;Conteinerizada;3,95;Desembarcados;BRSUA;BRSSZ
1584504;Cabotagem;2;Carga Conteinerizada;Conteinerizada;3,7;Desembarcados;BRSUA;BRSSZ
1584504;Cabotagem;2;Carga Conteinerizada;Conteinerizada;3,95;Desembarcados;BRSUA;BRSSZ
1584504;Cabotagem;2;Carga Conteinerizada;Conteinerizada;3,95;Desembarcados;BRSUA;BRSSZ
1584504;Cabotagem;2;Carga Conteinerizada;Conteinerizada;3,7;Desembarcados;BRSUA;BRSSZ
1584504;Cabotagem;2;Carga Conteinerizada;Conteinerizada;3,95;Desembarcados;BRSUA;BRSSZ
1584504;Cabotagem;2;Carga Conteinerizada;Conteinerizada;3,95;Desembarcados;BRSUA;BRSSZ
1584504;Cabotagem;2;Carga Conteinerizada;Conteinerizada;3,7;Desembarcados;BRSUA;BRSSZ
1584504;Cabotagem;2;Carga Conteinerizada;Conteinerizada;3,7;Desembarcados;BRSUA;BRSSZ
1584504;Cabotagem;2;Carga Conteinerizada;Conteinerizada;3,7;Desembarcados;BRSUA;BRSSZ
1584504;Cabotagem;2;Carga Conteinerizada;Conteinerizada;3,95;Desembarcados;BRSUA;BRSSZ
1584504;Cabotagem;2;Carga Conteinerizada;Conteinerizada;4,06;Desembarcados;BRSUA;BRSSZ
1584504;Cabotagem;2;Carga Conteinerizada;Conteinerizada;3,95;Desembarcados;BRSUA;BRSSZ
1584504;Cabotagem;2;Carga Conteinerizada;Conteinerizada;3,86;Desembarcados;BRSUA;BRSSZ
1584504;Cabotagem;2;Carga Conteinerizada;Conteinerizada;3,95;Desembarcados;BRSUA;BRSSZ
1584504;Cabotagem;2;Carga Conteinerizada;Conteinerizada;3,95;Desembarcados;BRSUA;BRSSZ
1584504;Cabotagem;2;Carga Conteinerizada;Conteinerizada;3,95;Desembarcados;BRSUA;BRSSZ
1584504;Cabotagem;2;Carga Conteinerizada;Conteinerizada;3,95;Desembarcados;BRSUA;BRSSZ
1584504;Cabotagem;2;Carga Conteinerizada;Conteinerizada;3,95;Desembarcados;BRSUA;BRSSZ
1584504;Cabotagem;2;Carga Conteinerizada;Conteinerizada;3,86;Desembarcados;BRSUA;BRSSZ
1584504;Cabotagem;2;Carga Conteinerizada;Conteinerizada;3,86;Desembarcados;BRSUA;BRSSZ
1584504;Cabotagem;2;Carga Conteinerizada;Conteinerizada;3,95;Desembarcados;BRSUA;BRSSZ
1584504;Cabotagem;2;Carga Conteinerizada;Conteinerizada;3,95;Desembarcados;BRSUA;BRSSZ
1584504;Cabotagem;2;Carga Conteinerizada;Conteinerizada;3,95;Desembarcados;BRSUA;BRSSZ
1584504;Cabotagem;2;Carga Conteinerizada;Conteinerizada;3,95;Desembarcados;BRSUA;BRSSZ
1584504;Cabotagem;2;Carga Conteinerizada;Conteinerizada;3,95;Desembarcados;BRSUA;BRSSZ
1584504;Cabotagem;2;Carga Conteinerizada;Conteinerizada;3,86;Desembarcados;BRSUA;BRSSZ
1584504;Cabotagem;2;Carga Conteinerizada;Conteinerizada;3,95;Desembarcados;BRSUA;BRSSZ
1584504;Cabotagem;2;Carga Conteinerizada;Conteinerizada;3,95;Desembarcados;BRSUA;BRSSZ
1584504;Cabotagem;2;Carga Conteinerizada;Conteinerizada;3,95;Desembarcados;BRSUA;BRSSZ
1584504;Cabotagem;2;Carga Conteinerizada;Conteinerizada;3,95;Desembarcados;BRSUA;BRSSZ
1584504;Cabotagem;2;Carga Conteinerizada;Conteinerizada;3,86;Desembarcados;BRSUA;BRSSZ
1584504;Cabotagem;2;Carga Conteinerizada;Conteinerizada;3,95;Desembarcados;BRSUA;BRSSZ
1584504;Cabotagem;2;Carga Conteinerizada;Conteinerizada;3,7;Desembarcados;BRSUA;BRSSZ
1584504;Cabotagem;2;Carga Conteinerizada;Conteinerizada;3,7;Desembarcados;BRSUA;BRSSZ
1584504;Cabotagem;2;Carga Conteinerizada;Conteinerizada;4;Desembarcados;BRSUA;BRSSZ
1584504;Cabotagem;2;Carga Conteinerizada;Conteinerizada;3,95;Desembarcados;BRSUA;BRSSZ
1584504;Cabotagem;2;Carga Conteinerizada;Conteinerizada;3,95;Desembarcados;BRSUA;BRSSZ
1584504;Cabotagem;2;Carga Conteinerizada;Conteinerizada;3,88;Desembarcados;BRSUA;BRSSZ
1584504;Cabotagem;2;Carga Conteinerizada;Conteinerizada;3,7;Desembarcados;BRSUA;BRSSZ
1584504;Cabotagem;2;Carga Conteinerizada;Conteinerizada;3,7;Desembarcados;BRSUA;BRSSZ
1584504;Cabotagem;2;Carga Conteinerizada;Conteinerizada;4,06;Desembarcados;BRSUA;BRSSZ
1584504;Cabotagem;2;Carga Conteinerizada;Conteinerizada;3,7;Desembarcados;BRSUA;BRSSZ
1584504;Cabotagem;2;Carga Conteinerizada;Conteinerizada;3,7;Desembarcados;BRSUA;BRSSZ
1584504;Cabotagem;2;Carga Conteinerizada;Conteinerizada;3,7;Desembarcados;BRSUA;BRSSZ
1584504;Cabotagem;2;Carga Conteinerizada;Conteinerizada;3,7;Desembarcados;BRSUA;BRSSZ
1584504;Cabotagem;2;Carga Conteinerizada;Conteinerizada;3,7;Desembarcados;BRSUA;BRSSZ
1584504;Cabotagem;2;Carga Conteinerizada;Conteinerizada;3,95;Desembarcados;BRSUA;BRSSZ
1584504;Cabotagem;2;Carga Conteinerizada;Conteinerizada;3,95;Desembarcados;BRSUA;BRSSZ
1584504;Cabotagem;2;Carga Conteinerizada;Conteinerizada;3,95;Desembarcados;BRSUA;BRSSZ
1584504;Cabotagem;2;Carga Conteinerizada;Conteinerizada;3,3;Desembarcados;BRSUA;BRSSZ
1584504;Cabotagem;2;Carga Conteinerizada;Conteinerizada;3,7;Desembarcados;BRSUA;BRSSZ
1584504;Cabotagem;2;Carga Conteinerizada;Conteinerizada;3,95;Desembarcados;BRSUA;BRSSZ
1584504;Cabotagem;2;Carga Conteinerizada;Conteinerizada;4,06;Desembarcados;BRSUA;BRSSZ
1584504;Cabotagem;2;Carga Conteinerizada;Conteinerizada;3,7;Desembarcados;BRSUA;BRSSZ
1584504;Cabotagem;2;Carga Conteinerizada;Conteinerizada;3,95;Desembarcados;BRSUA;BRSSZ
1584504;Cabotagem;2;Carga Conteinerizada;Conteinerizada;4;Desembarcados;BRSUA;BRSSZ
1584504;Cabotagem;2;Carga Conteinerizada;Conteinerizada;3,95;Desembarcados;BRSUA;BRSSZ
1584504;Cabotagem;2;Carga Conteinerizada;Conteinerizada;3,95;Desembarcados;BRSUA;BRSSZ
1584504;Cabotagem;2;Carga Conteinerizada;Conteinerizada;3,95;Desembarcados;BRSUA;BRSSZ
1584504;Cabotagem;2;Carga Conteinerizada;Conteinerizada;3,95;Desembarcados;BRSUA;BRSSZ
1584504;Cabotagem;2;Carga Conteinerizada;Conteinerizada;3,95;Desembarcados;BRSUA;BRSSZ
1584504;Cabotagem;2;Carga Conteinerizada;Conteinerizada;3,7;Desembarcados;BRSUA;BRSSZ
1584504;Cabotagem;2;Carga Conteinerizada;Conteinerizada;4,06;Desembarcados;BRSUA;BRSSZ
1584504;Cabotagem;2;Carga Conteinerizada;Conteinerizada;3,7;Desembarcados;BRSUA;BRSSZ
1584504;Cabotagem;2;Carga Conteinerizada;Conteinerizada;3,7;Desembarcados;BRSUA;BRSSZ
1584504;Cabotagem;2;Carga Conteinerizada;Conteinerizada;3,7;Desembarcados;BRSUA;BRSSZ
1584504;Cabotagem;2;Carga Conteinerizada;Conteinerizada;3,7;Desembarcados;BRSUA;BRSSZ
1584504;Cabotagem;2;Carga Conteinerizada;Conteinerizada;3,95;Desembarcados;BRSUA;BRSSZ
1584504;Cabotagem;2;Carga Conteinerizada;Conteinerizada;3,95;Desembarcados;BRSUA;BRSSZ
1584504;Cabotagem;2;Carga Conteinerizada;Conteinerizada;3,7;Desembarcados;BRSUA;BRSSZ
1584504;Cabotagem;2;Carga Conteinerizada;Conteinerizada;3,95;Desembarcados;BRSUA;BRSSZ
1584504;Cabotagem;2;Carga Conteinerizada;Conteinerizada;3,95;Desembarcados;BRSUA;BRSSZ
1584504;Cabotagem;2;Carga Conteinerizada;Conteinerizada;3,95;Desembarcados;BRSUA;BRSSZ
1584504;Cabotagem;2;Carga Conteinerizada;Conteinerizada;3,95;Desembarcados;BRSUA;BRSSZ
1584504;Cabotagem;2;Carga Conteinerizada;Conteinerizada;3,7;Desembarcados;BRSUA;BRSSZ
1584504;Cabotagem;2;Carga Conteinerizada;Conteinerizada;3,95;Desembarcados;BRSUA;BRSSZ
1584504;Cabotagem;2;Carga Conteinerizada;Conteinerizada;4,06;Desembarcados;BRSUA;BRSSZ
1584504;Cabotagem;2;Carga Conteinerizada;Conteinerizada;3,95;Desembarcados;BRSUA;BRSSZ
1584504;Cabotagem;2;Carga Conteinerizada;Conteinerizada;3,7;Desembarcados;BRSUA;BRSSZ
1584504;Cabotagem;2;Carga Conteinerizada;Conteinerizada;3,95;Desembarcados;BRSUA;BRSSZ
1584504;Cabotagem;2;Carga Conteinerizada;Conteinerizada;3,7;Desembarcados;BRSUA;BRSSZ
1584504;Cabotagem;2;Carga Conteinerizada;Conteinerizada;3,7;Desembarcados;BRSUA;BRSSZ
1584504;Cabotagem;2;Carga Conteinerizada;Conteinerizada;3,7;Desembarcados;BRSUA;BRSSZ
1584504;Cabotagem;2;Carga Conteinerizada;Conteinerizada;3,95;Desembarcados;BRSUA;BRSSZ
1584504;Cabotagem;2;Carga Conteinerizada;Conteinerizada;3,95;Desembarcados;BRSUA;BRSSZ
1584504;Cabotagem;2;Carga Conteinerizada;Conteinerizada;3,7;Desembarcados;BRSUA;BRSSZ
1584504;Cabotagem;2;Carga Conteinerizada;Conteinerizada;3,95;Desembarcados;BRSUA;BRSSZ
1584504;Cabotagem;2;Carga Conteinerizada;Conteinerizada;3,95;Desembarcados;BRSUA;BRSSZ
1584504;Cabotagem;2;Carga Conteinerizada;Conteinerizada;3,95;Desembarcados;BRSUA;BRSSZ
1584504;Cabotagem;2;Carga Conteinerizada;Conteinerizada;3,7;Desembarcados;BRSUA;BRSSZ
1584504;Cabotagem;2;Carga Conteinerizada;Conteinerizada;3,7;Desembarcados;BRSUA;BRSSZ
1584504;Cabotagem;2;Carga Conteinerizada;Conteinerizada;3,95;Desembarcados;BRSUA;BRSSZ
1584504;Cabotagem;2;Carga Conteinerizada;Conteinerizada;3,7;Desembarcados;BRSUA;BRSSZ
1584504;Cabotagem;2;Carga Conteinerizada;Conteinerizada;4;Desembarcados;BRSUA;BRSSZ
1584504;Cabotagem;2;Carga Conteinerizada;Conteinerizada;3,95;Desembarcados;BRSUA;BRSSZ
1584504;Cabotagem;2;Carga Conteinerizada;Conteinerizada;3,7;Desembarcados;BRSUA;BRSSZ
1584504;Cabotagem;2;Carga Conteinerizada;Conteinerizada;3,7;Desembarcados;BRSUA;BRSSZ
1584504;Cabotagem;2;Carga Conteinerizada;Conteinerizada;3,7;Desembarcados;BRSUA;BRSSZ
1584504;Cabotagem;2;Carga Conteinerizada;Conteinerizada;3,95;Desembarcados;BRSUA;BRSSZ
1584504;Cabotagem;2;Carga Conteinerizada;Conteinerizada;3,95;Desembarcados;BRSUA;BRSSZ
1584504;Cabotagem;2;Carga Conteinerizada;Conteinerizada;3,7;Desembarcados;BRSUA;BRSSZ
1584504;Cabotagem;2;Carga Conteinerizada;Conteinerizada;3,95;Desembarcados;BRSUA;BRSSZ
1584504;Cabotagem;2;Carga Conteinerizada;Conteinerizada;3,7;Desembarcados;BRSUA;BRSSZ
1584504;Cabotagem;2;Carga Conteinerizada;Conteinerizada;3,95;Desembarcados;BRSUA;BRSSZ
1584504;Cabotagem;2;Carga Conteinerizada;Conteinerizada;3,95;Desembarcados;BRSUA;BRSSZ
1584504;Cabotagem;2;Carga Conteinerizada;Conteinerizada;3,7;Desembarcados;BRSUA;BRSSZ
1584504;Cabotagem;2;Carga Conteinerizada;Conteinerizada;4,06;Desembarcados;BRSUA;BRSSZ
1584504;Cabotagem;2;Carga Conteinerizada;Conteinerizada;4;Desembarcados;BRSUA;BRSSZ
1584504;Cabotagem;2;Carga Conteinerizada;Conteinerizada;3,9;Desembarcados;BRSUA;BRSSZ
1584504;Cabotagem;2;Carga Conteinerizada;Conteinerizada;4;Desembarcados;BRSUA;BRSSZ
1584504;Cabotagem;2;Carga Conteinerizada;Conteinerizada;4;Desembarcados;BRSUA;BRSSZ
1584504;Cabotagem;2;Carga Conteinerizada;Conteinerizada;4;Desembarcados;BRSUA;BRSSZ
1584504;Cabotagem;2;Carga Conteinerizada;Conteinerizada;3,95;Desembarcados;BRSUA;BRSSZ
1584504;Cabotagem;2;Carga Conteinerizada;Conteinerizada;3,7;Desembarcados;BRSUA;BRSSZ
1584504;Cabotagem;2;Carga Conteinerizada;Conteinerizada;3,95;Desembarcados;BRSUA;BRSSZ
1584504;Cabotagem;2;Carga Conteinerizada;Conteinerizada;3,95;Desembarcados;BRSUA;BRSSZ
1584504;Cabotagem;2;Carga Conteinerizada;Conteinerizada;3,95;Desembarcados;BRSUA;BRSSZ
1584504;Cabotagem;2;Carga Conteinerizada;Conteinerizada;3,95;Desembarcados;BRSUA;BRSSZ
1584504;Cabotagem;2;Carga Conteinerizada;Conteinerizada;3,7;Desembarcados;BRSUA;BRSSZ
1584504;Cabotagem;2;Carga Conteinerizada;Conteinerizada;3,95;Desembarcados;BRSUA;BRSSZ
1584504;Cabotagem;2;Carga Conteinerizada;Conteinerizada;3,95;Desembarcados;BRSUA;BRSSZ
1584504;Cabotagem;2;Carga Conteinerizada;Conteinerizada;3,95;Desembarcados;BRSUA;BRSSZ
1584504;Cabotagem;2;Carga Conteinerizada;Conteinerizada;3,7;Desembarcados;BRSUA;BRSSZ
1584504;Cabotagem;2;Carga Conteinerizada;Conteinerizada;3,95;Desembarcados;BRSUA;BRSSZ
1584504;Cabotagem;2;Carga Conteinerizada;Conteinerizada;3,95;Desembarcados;BRSUA;BRSSZ
1584504;Cabotagem;2;Carga Conteinerizada;Conteinerizada;3,95;Desembarcados;BRSUA;BRSSZ
1584504;Cabotagem;2;Carga Conteinerizada;Conteinerizada;3,95;Desembarcados;BRSUA;BRSSZ
1584504;Cabotagem;2;Carga Conteinerizada;Conteinerizada;3,95;Desembarcados;BRSUA;BRSSZ
1584504;Cabotagem;2;Carga Conteinerizada;Conteinerizada;3,7;Desembarcados;BRSUA;BRSSZ
1584504;Cabotagem;2;Carga Conteinerizada;Conteinerizada;3,95;Desembarcados;BRSUA;BRSSZ
1584504;Cabotagem;2;Carga Conteinerizada;Conteinerizada;3,7;Desembarcados;BRSUA;BRSSZ
1584504;Cabotagem;2;Carga Conteinerizada;Conteinerizada;3,7;Desembarcados;BRSUA;BRSSZ
1584504;Cabotagem;2;Carga Conteinerizada;Conteinerizada;3,95;Desembarcados;BRSUA;BRSSZ
1584504;Cabotagem;2;Carga Conteinerizada;Conteinerizada;3,7;Desembarcados;BRSUA;BRSSZ
1584504;Cabotagem;2;Carga Conteinerizada;Conteinerizada;3,7;Desembarcados;BRSUA;BRSSZ
1584504;Cabotagem;2;Carga Conteinerizada;Conteinerizada;3,95;Desembarcados;BRSUA;BRSSZ
1584504;Cabotagem;2;Carga Conteinerizada;Conteinerizada;3,95;Desembarcados;BRSUA;BRSSZ
1584504;Cabotagem;2;Carga Conteinerizada;Conteinerizada;3,95;Desembarcados;BRSUA;BRSSZ
1584504;Cabotagem;2;Carga Conteinerizada;Conteinerizada;3,95;Desembarcados;BRSUA;BRSSZ
1584504;Cabotagem;2;Carga Conteinerizada;Conteinerizada;3,95;Desembarcados;BRSUA;BRSSZ
1584504;Cabotagem;2;Carga Conteinerizada;Conteinerizada;3,7;Desembarcados;BRSUA;BRSSZ
1584504;Cabotagem;2;Carga Conteinerizada;Conteinerizada;3,7;Desembarcados;BRSUA;BRSSZ
1584504;Cabotagem;2;Carga Conteinerizada;Conteinerizada;3,95;Desembarcados;BRSUA;BRSSZ
1584504;Cabotagem;2;Carga Conteinerizada;Conteinerizada;3,7;Desembarcados;BRSUA;BRSSZ
1584504;Cabotagem;2;Carga Conteinerizada;Conteinerizada;3,7;Desembarcados;BRSUA;BRSSZ
1584504;Cabotagem;2;Carga Conteinerizada;Conteinerizada;4,06;Desembarcados;BRSUA;BRSSZ
1584504;Cabotagem;2;Carga Conteinerizada;Conteinerizada;3,88;Desembarcados;BRSUA;BRSSZ
1584504;Cabotagem;2;Carga Conteinerizada;Conteinerizada;3,95;Desembarcados;BRSUA;BRSSZ
1584504;Cabotagem;2;Carga Conteinerizada;Conteinerizada;3,95;Desembarcados;BRSUA;BRSSZ
1584504;Cabotagem;2;Carga Conteinerizada;Conteinerizada;3,7;Desembarcados;BRSUA;BRSSZ
1584504;Cabotagem;2;Carga Conteinerizada;Conteinerizada;4;Desembarcados;BRSUA;BRSSZ
1584504;Cabotagem;2;Carga Conteinerizada;Conteinerizada;3,95;Desembarcados;BRSUA;BRSSZ
1584504;Cabotagem;2;Carga Conteinerizada;Conteinerizada;4,06;Desembarcados;BRSUA;BRSSZ
1584504;Cabotagem;2;Carga Conteinerizada;Conteinerizada;3,7;Desembarcados;BRSUA;BRSSZ
1584504;Cabotagem;2;Carga Conteinerizada;Conteinerizada;3,7;Desembarcados;BRSUA;BRSSZ
1584504;Cabotagem;2;Carga Conteinerizada;Conteinerizada;3,95;Desembarcados;BRSUA;BRSSZ
1584504;Cabotagem;2;Carga Conteinerizada;Conteinerizada;3,95;Desembarcados;BRSUA;BRSSZ
1584504;Cabotagem;2;Carga Conteinerizada;Conteinerizada;3,95;Desembarcados;BRSUA;BRSSZ
1584504;Cabotagem;2;Carga Conteinerizada;Conteinerizada;3,95;Desembarcados;BRSUA;BRSSZ
1584504;Cabotagem;2;Carga Conteinerizada;Conteinerizada;3,95;Desembarcados;BRSUA;BRSSZ
1584504;Cabotagem;2;Carga Conteinerizada;Conteinerizada;3,7;Desembarcados;BRSUA;BRSSZ
1584504;Cabotagem;2;Carga Conteinerizada;Conteinerizada;3,95;Desembarcados;BRSUA;BRSSZ
1584504;Cabotagem;2;Carga Conteinerizada;Conteinerizada;3,95;Desembarcados;BRSUA;BRSSZ
1584504;Cabotagem;2;Carga Conteinerizada;Conteinerizada;3,7;Desembarcados;BRSUA;BRSSZ
1584504;Cabotagem;2;Carga Conteinerizada;Conteinerizada;3,95;Desembarcados;BRSUA;BRSSZ
1584504;Cabotagem;2;Carga Conteinerizada;Conteinerizada;3,88;Desembarcados;BRSUA;BRSSZ
1584504;Cabotagem;2;Carga Conteinerizada;Conteinerizada;3,7;Desembarcados;BRSUA;BRSSZ
1584504;Cabotagem;2;Carga Conteinerizada;Conteinerizada;3,95;Desembarcados;BRSUA;BRSSZ
1584504;Cabotagem;2;Carga Conteinerizada;Conteinerizada;3,95;Desembarcados;BRSUA;BRSSZ
1584504;Cabotagem;2;Carga Conteinerizada;Conteinerizada;3,7;Desembarcados;BRSUA;BRSSZ
1584504;Cabotagem;2;Carga Conteinerizada;Conteinerizada;3,95;Desembarcados;BRSUA;BRSSZ
1584504;Cabotagem;2;Carga Conteinerizada;Conteinerizada;3,7;Desembarcados;BRSUA;BRSSZ
1584504;Cabotagem;2;Carga Conteinerizada;Conteinerizada;3,7;Desembarcados;BRSUA;BRSSZ
1584504;Cabotagem;2;Carga Conteinerizada;Conteinerizada;3,95;Desembarcados;BRSUA;BRSSZ
1584504;Cabotagem;2;Carga Conteinerizada;Conteinerizada;4;Desembarcados;BRSUA;BRSSZ
1584504;Cabotagem;2;Carga Conteinerizada;Conteinerizada;3,81;Desembarcados;BRSUA;BRSSZ
1584504;Cabotagem;2;Carga Conteinerizada;Conteinerizada;3,7;Desembarcados;BRSUA;BRSSZ
1584504;Cabotagem;2;Carga Conteinerizada;Conteinerizada;3,95;Desembarcados;BRSUA;BRSSZ
1584504;Cabotagem;2;Carga Conteinerizada;Conteinerizada;3,83;Desembarcados;BRSUA;BRSSZ
1584504;Cabotagem;2;Carga Conteinerizada;Conteinerizada;3,7;Desembarcados;BRSUA;BRSSZ
1584504;Cabotagem;2;Carga Conteinerizada;Conteinerizada;3,95;Desembarcados;BRSUA;BRSSZ
1584504;Cabotagem;2;Carga Conteinerizada;Conteinerizada;3,83;Desembarcados;BRSUA;BRSSZ
1584504;Cabotagem;2;Carga Conteinerizada;Conteinerizada;3,95;Desembarcados;BRSUA;BRSSZ
1584504;Cabotagem;2;Carga Conteinerizada;Conteinerizada;3,95;Desembarcados;BRSUA;BRSSZ
1584504;Cabotagem;2;Carga Conteinerizada;Conteinerizada;3,83;Desembarcados;BRSUA;BRSSZ
1584504;Cabotagem;2;Carga Conteinerizada;Conteinerizada;3,95;Desembarcados;BRSUA;BRSSZ
1584504;Cabotagem;2;Carga Conteinerizada;Conteinerizada;4;Desembarcados;BRSUA;BRSSZ
1584504;Cabotagem;2;Carga Conteinerizada;Conteinerizada;3,95;Desembarcados;BRSUA;BRSSZ
1584504;Cabotagem;2;Carga Conteinerizada;Conteinerizada;3,95;Desembarcados;BRSUA;BRSSZ
1584504;Cabotagem;2;Carga Conteinerizada;Conteinerizada;3,7;Desembarcados;BRSUA;BRSSZ
1584504;Cabotagem;2;Carga Conteinerizada;Conteinerizada;3,95;Desembarcados;BRSUA;BRSSZ
1584504;Cabotagem;2;Carga Conteinerizada;Conteinerizada;3,95;Desembarcados;BRSUA;BRSSZ
1584504;Cabotagem;2;Carga Conteinerizada;Conteinerizada;3,7;Desembarcados;BRSUA;BRSSZ
1584504;Cabotagem;2;Carga Conteinerizada;Conteinerizada;3,95;Desembarcados;BRSUA;BRSSZ
1584504;Cabotagem;2;Carga Conteinerizada;Conteinerizada;3,95;Desembarcados;BRSUA;BRSSZ
1584504;Cabotagem;2;Carga Conteinerizada;Conteinerizada;3,7;Desembarcados;BRSUA;BRSSZ
1584504;Cabotagem;2;Carga Conteinerizada;Conteinerizada;4,06;Desembarcados;BRSUA;BRSSZ
1584504;Cabotagem;2;Carga Conteinerizada;Conteinerizada;3,7;Desembarcados;BRSUA;BRSSZ
1584504;Cabotagem;2;Carga Conteinerizada;Conteinerizada;3,7;Desembarcados;BRSUA;BRSSZ
1584504;Cabotagem;2;Carga Conteinerizada;Conteinerizada;3,7;Desembarcados;BRSUA;BRSSZ
1584504;Cabotagem;2;Carga Conteinerizada;Conteinerizada;3,95;Desembarcados;BRSUA;BRSSZ
1584504;Cabotagem;2;Carga Conteinerizada;Conteinerizada;3,95;Desembarcados;BRSUA;BRSSZ
1584504;Cabotagem;2;Carga Conteinerizada;Conteinerizada;3,7;Desembarcados;BRSUA;BRSSZ
1584504;Cabotagem;2;Carga Conteinerizada;Conteinerizada;3,95;Desembarcados;BRSUA;BRSSZ
1584504;Cabotagem;2;Carga Conteinerizada;Conteinerizada;3,7;Desembarcados;BRSUA;BRSSZ
1584504;Cabotagem;2;Carga Conteinerizada;Conteinerizada;3,95;Desembarcados;BRSUA;BRSSZ
1584504;Cabotagem;2;Carga Conteinerizada;Conteinerizada;3,95;Desembarcados;BRSUA;BRSSZ
1584504;Cabotagem;2;Carga Conteinerizada;Conteinerizada;3,95;Desembarcados;BRSUA;BRSSZ
1584504;Cabotagem;2;Carga Conteinerizada;Conteinerizada;3,95;Desembarcados;BRSUA;BRSSZ
1584504;Cabotagem;2;Carga Conteinerizada;Conteinerizada;3,95;Desembarcados;BRSUA;BRSSZ
1584504;Cabotagem;2;Carga Conteinerizada;Conteinerizada;3,95;Desembarcados;BRSUA;BRSSZ
1584504;Cabotagem;2;Carga Conteinerizada;Conteinerizada;3,95;Desembarcados;BRSUA;BRSSZ
1584504;Cabotagem;2;Carga Conteinerizada;Conteinerizada;3,95;Desembarcados;BRSUA;BRSSZ
1584504;Cabotagem;2;Carga Conteinerizada;Conteinerizada;4;Desembarcados;BRSUA;BRSSZ
1584504;Cabotagem;2;Carga Conteinerizada;Conteinerizada;4;Desembarcados;BRSUA;BRSSZ
1584504;Cabotagem;2;Carga Conteinerizada;Conteinerizada;4;Desembarcados;BRSUA;BRSSZ
1584504;Cabotagem;2;Carga Conteinerizada;Conteinerizada;4;Desembarcados;BRSUA;BRSSZ
1584504;Cabotagem;2;Carga Conteinerizada;Conteinerizada;3,7;Desembarcados;BRSUA;BRSSZ
1584504;Cabotagem;2;Carga Conteinerizada;Conteinerizada;3,7;Desembarcados;BRSUA;BRSSZ
1584504;Cabotagem;2;Carga Conteinerizada;Conteinerizada;3,7;Desembarcados;BRSUA;BRSSZ
1584504;Cabotagem;2;Carga Conteinerizada;Conteinerizada;3,95;Desembarcados;BRSUA;BRSSZ
1584504;Cabotagem;2;Carga Conteinerizada;Conteinerizada;3,7;Desembarcados;BRSUA;BRSSZ
1584504;Cabotagem;2;Carga Conteinerizada;Conteinerizada;3,95;Desembarcados;BRSUA;BRSSZ
1584504;Cabotagem;2;Carga Conteinerizada;Conteinerizada;3,95;Desembarcados;BRSUA;BRSSZ
1584504;Cabotagem;2;Carga Conteinerizada;Conteinerizada;4;Desembarcados;BRSUA;BRSSZ
1584504;Cabotagem;2;Carga Conteinerizada;Conteinerizada;4;Desembarcados;BRSUA;BRSSZ
1584504;Cabotagem;2;Carga Conteinerizada;Conteinerizada;3,6;Desembarcados;BRSUA;BRSSZ
1584504;Cabotagem;2;Carga Conteinerizada;Conteinerizada;4;Desembarcados;BRSUA;BRSSZ
1584504;Cabotagem;2;Carga Conteinerizada;Conteinerizada;4;Desembarcados;BRSUA;BRSSZ
1584504;Cabotagem;2;Carga Conteinerizada;Conteinerizada;4;Desembarcados;BRSUA;BRSSZ
1584504;Cabotagem;2;Carga Conteinerizada;Conteinerizada;3,95;Desembarcados;BRSUA;BRSSZ
1584504;Cabotagem;2;Carga Conteinerizada;Conteinerizada;3,95;Desembarcados;BRSUA;BRSSZ
1584504;Cabotagem;2;Carga Conteinerizada;Conteinerizada;3,95;Desembarcados;BRSUA;BRSSZ
1584504;Cabotagem;2;Carga Conteinerizada;Conteinerizada;3,95;Desembarcados;BRSUA;BRSSZ
1584504;Cabotagem;2;Carga Conteinerizada;Conteinerizada;3,95;Desembarcados;BRSUA;BRSSZ
1584504;Cabotagem;2;Carga Conteinerizada;Conteinerizada;3,84;Desembarcados;BRSUA;BRSSZ
1584504;Cabotagem;2;Carga Conteinerizada;Conteinerizada;3,84;Desembarcados;BRSUA;BRSSZ
1584504;Cabotagem;2;Carga Conteinerizada;Conteinerizada;3,84;Desembarcados;BRSUA;BRSSZ
1584504;Cabotagem;2;Carga Conteinerizada;Conteinerizada;3,95;Desembarcados;BRSUA;BRSSZ
1584504;Cabotagem;2;Carga Conteinerizada;Conteinerizada;3,84;Desembarcados;BRSUA;BRSSZ
1584504;Cabotagem;2;Carga Conteinerizada;Conteinerizada;3,84;Desembarcados;BRSUA;BRSSZ
1584504;Cabotagem;2;Carga Conteinerizada;Conteinerizada;3,95;Desembarcados;BRSUA;BRSSZ
1584504;Cabotagem;2;Carga Conteinerizada;Conteinerizada;3,95;Desembarcados;BRSUA;BRSSZ
1584504;Cabotagem;2;Carga Conteinerizada;Conteinerizada;3,7;Desembarcados;BRSUA;BRSSZ
1584504;Cabotagem;2;Carga Conteinerizada;Conteinerizada;3,7;Desembarcados;BRSUA;BRSSZ
1584504;Cabotagem;2;Carga Conteinerizada;Conteinerizada;3,7;Desembarcados;BRSUA;BRSSZ
1584504;Cabotagem;2;Carga Conteinerizada;Conteinerizada;3,95;Desembarcados;BRSUA;BRSSZ
1584504;Cabotagem;2;Carga Conteinerizada;Conteinerizada;3,95;Desembarcados;BRSUA;BRSSZ
1584504;Cabotagem;2;Carga Conteinerizada;Conteinerizada;3,95;Desembarcados;BRSUA;BRSSZ
1584504;Cabotagem;2;Carga Conteinerizada;Conteinerizada;3,95;Desembarcados;BRSUA;BRSSZ
1584504;Cabotagem;2;Carga Conteinerizada;Conteinerizada;3,95;Desembarcados;BRSUA;BRSSZ
1584504;Cabotagem;2;Carga Conteinerizada;Conteinerizada;3,7;Desembarcados;BRSUA;BRSSZ
1584504;Cabotagem;2;Carga Conteinerizada;Conteinerizada;3,84;Desembarcados;BRSUA;BRSSZ
1584504;Cabotagem;2;Carga Conteinerizada;Conteinerizada;3,81;Desembarcados;BRSUA;BRSSZ
1584504;Cabotagem;2;Carga Conteinerizada;Conteinerizada;3,84;Desembarcados;BRSUA;BRSSZ
1584504;Cabotagem;2;Carga Conteinerizada;Conteinerizada;3,9;Desembarcados;BRSUA;BRSSZ
1584504;Cabotagem;2;Carga Conteinerizada;Conteinerizada;3,95;Desembarcados;BRSUA;BRSSZ
1584504;Cabotagem;2;Carga Conteinerizada;Conteinerizada;3,95;Desembarcados;BRSUA;BRSSZ
1584504;Cabotagem;2;Carga Conteinerizada;Conteinerizada;3,95;Desembarcados;BRSUA;BRSSZ
1584504;Cabotagem;2;Carga Conteinerizada;Conteinerizada;3,95;Desembarcados;BRSUA;BRSSZ
1584504;Cabotagem;2;Carga Conteinerizada;Conteinerizada;3,95;Desembarcados;BRSUA;BRSSZ
1584504;Cabotagem;2;Carga Conteinerizada;Conteinerizada;3,95;Desembarcados;BRSUA;BRSSZ
1584504;Cabotagem;2;Carga Conteinerizada;Conteinerizada;3,82;Desembarcados;BRSUA;BRSSZ
1584504;Cabotagem;2;Carga Conteinerizada;Conteinerizada;3,95;Desembarcados;BRSUA;BRSSZ
1584504;Cabotagem;2;Carga Conteinerizada;Conteinerizada;3,7;Desembarcados;BRSUA;BRSSZ
1584504;Cabotagem;2;Carga Conteinerizada;Conteinerizada;4;Desembarcados;BRSUA;BRSSZ
1584504;Cabotagem;2;Carga Conteinerizada;Conteinerizada;4;Desembarcados;BRSUA;BRSSZ
1584504;Cabotagem;2;Carga Conteinerizada;Conteinerizada;4;Desembarcados;BRSUA;BRSSZ
1584504;Cabotagem;2;Carga Conteinerizada;Conteinerizada;3,95;Desembarcados;BRSUA;BRSSZ
1584504;Cabotagem;2;Carga Conteinerizada;Conteinerizada;3,7;Desembarcados;BRSUA;BRSSZ
1584504;Cabotagem;2;Carga Conteinerizada;Conteinerizada;3,95;Desembarcados;BRSUA;BRSSZ
1584504;Cabotagem;2;Carga Conteinerizada;Conteinerizada;3,89;Desembarcados;BRSUA;BRSSZ
1584504;Cabotagem;2;Carga Conteinerizada;Conteinerizada;3,7;Desembarcados;BRSUA;BRSSZ
1584504;Cabotagem;2;Carga Conteinerizada;Conteinerizada;3,7;Desembarcados;BRSUA;BRSSZ
1584504;Cabotagem;2;Carga Conteinerizada;Conteinerizada;3,7;Desembarcados;BRSUA;BRSSZ
1584504;Cabotagem;2;Carga Conteinerizada;Conteinerizada;3,95;Desembarcados;BRSUA;BRSSZ
1584504;Cabotagem;2;Carga Conteinerizada;Conteinerizada;3,95;Desembarcados;BRSUA;BRSSZ
1584504;Cabotagem;2;Carga Conteinerizada;Conteinerizada;4,06;Desembarcados;BRSUA;BRSSZ
1584504;Cabotagem;2;Carga Conteinerizada;Conteinerizada;3,89;Desembarcados;BRSUA;BRSSZ
1584504;Cabotagem;2;Carga Conteinerizada;Conteinerizada;3,89;Desembarcados;BRSUA;BRSSZ
1584504;Cabotagem;2;Carga Conteinerizada;Conteinerizada;3,95;Desembarcados;BRSUA;BRSSZ
1584504;Cabotagem;2;Carga Conteinerizada;Conteinerizada;3,95;Desembarcados;BRSUA;BRSSZ
1584504;Cabotagem;2;Carga Conteinerizada;Conteinerizada;3,91;Desembarcados;BRSUA;BRSSZ
1584504;Cabotagem;2;Carga Conteinerizada;Conteinerizada;3,95;Desembarcados;BRSUA;BRSSZ
1584504;Cabotagem;2;Carga Conteinerizada;Conteinerizada;3,7;Desembarcados;BRSUA;BRSSZ
1584504;Cabotagem;2;Carga Conteinerizada;Conteinerizada;3,7;Desembarcados;BRSUA;BRSSZ
1584504;Cabotagem;2;Carga Conteinerizada;Conteinerizada;3,95;Desembarcados;BRSUA;BRSSZ
1584504;Cabotagem;2;Carga Conteinerizada;Conteinerizada;3,95;Desembarcados;BRSUA;BRSSZ
1584504;Cabotagem;2;Carga Conteinerizada;Conteinerizada;4;Desembarcados;BRSUA;BRSSZ
1584504;Cabotagem;2;Carga Conteinerizada;Conteinerizada;3,7;Desembarcados;BRSUA;BRSSZ
1584504;Cabotagem;2;Carga Conteinerizada;Conteinerizada;4,06;Desembarcados;BRSUA;BRSSZ
1584504;Cabotagem;2;Carga Conteinerizada;Conteinerizada;3,95;Desembarcados;BRSUA;BRSSZ
1584504;Cabotagem;2;Carga Conteinerizada;Conteinerizada;3,7;Desembarcados;BRSUA;BRSSZ
1584504;Cabotagem;2;Carga Conteinerizada;Conteinerizada;3,95;Desembarcados;BRSUA;BRSSZ
1584504;Cabotagem;2;Carga Conteinerizada;Conteinerizada;3,95;Desembarcados;BRSUA;BRSSZ
1584504;Cabotagem;2;Carga Conteinerizada;Conteinerizada;3,95;Desembarcados;BRSUA;BRSSZ
1584504;Cabotagem;2;Carga Conteinerizada;Conteinerizada;3,95;Desembarcados;BRSUA;BRSSZ
1584504;Cabotagem;2;Carga Conteinerizada;Conteinerizada;3,95;Desembarcados;BRSUA;BRSSZ
1584504;Cabotagem;2;Carga Conteinerizada;Conteinerizada;3,7;Desembarcados;BRSUA;BRSSZ
1584504;Cabotagem;2;Carga Conteinerizada;Conteinerizada;3,95;Desembarcados;BRSUA;BRSSZ
1584504;Cabotagem;2;Carga Conteinerizada;Conteinerizada;3,7;Desembarcados;BRSUA;BRSSZ
1584504;Cabotagem;2;Carga Conteinerizada;Conteinerizada;3,95;Desembarcados;BRSUA;BRSSZ
1584504;Cabotagem;2;Carga Conteinerizada;Conteinerizada;3,95;Desembarcados;BRSUA;BRSSZ
1584504;Cabotagem;2;Carga Conteinerizada;Conteinerizada;3,7;Desembarcados;BRSUA;BRSSZ
1584504;Cabotagem;2;Carga Conteinerizada;Conteinerizada;3,95;Desembarcados;BRSUA;BRSSZ
1584504;Cabotagem;2;Carga Conteinerizada;Conteinerizada;3,95;Desembarcados;BRSUA;BRSSZ
1584504;Cabotagem;2;Carga Conteinerizada;Conteinerizada;4,06;Desembarcados;BRSUA;BRSSZ
1584504;Cabotagem;2;Carga Conteinerizada;Conteinerizada;3,7;Desembarcados;BRSUA;BRSSZ
1584504;Cabotagem;2;Carga Conteinerizada;Conteinerizada;3,7;Desembarcados;BRSUA;BRSSZ
1584504;Cabotagem;2;Carga Conteinerizada;Conteinerizada;3,7;Desembarcados;BRSUA;BRSSZ
1584504;Cabotagem;2;Carga Conteinerizada;Conteinerizada;3,7;Desembarcados;BRSUA;BRSSZ
1584504;Cabotagem;2;Carga Conteinerizada;Conteinerizada;3,7;Desembarcados;BRSUA;BRSSZ
1584504;Cabotagem;2;Carga Conteinerizada;Conteinerizada;3,7;Desembarcados;BRSUA;BRSSZ
1584504;Cabotagem;2;Carga Conteinerizada;Conteinerizada;3,7;Desembarcados;BRSUA;BRSSZ
1584504;Cabotagem;2;Carga Conteinerizada;Conteinerizada;3,7;Desembarcados;BRSUA;BRSSZ
1584504;Cabotagem;2;Carga Conteinerizada;Conteinerizada;3,95;Desembarcados;BRSUA;BRSSZ
1584504;Cabotagem;2;Carga Conteinerizada;Conteinerizada;4;Desembarcados;BRSUA;BRSSZ
1584504;Cabotagem;2;Carga Conteinerizada;Conteinerizada;4,06;Desembarcados;BRSUA;BRSSZ
1584504;Cabotagem;2;Carga Conteinerizada;Conteinerizada;3,95;Desembarcados;BRSUA;BRSSZ
1584504;Cabotagem;2;Carga Conteinerizada;Conteinerizada;3,95;Desembarcados;BRSUA;BRSSZ
1584504;Cabotagem;2;Carga Conteinerizada;Conteinerizada;3,95;Desembarcados;BRSUA;BRSSZ
1584504;Cabotagem;2;Carga Conteinerizada;Conteinerizada;4;Desembarcados;BRSUA;BRSSZ
1584504;Cabotagem;2;Carga Conteinerizada;Conteinerizada;4;Desembarcados;BRSUA;BRSSZ
1584504;Cabotagem;2;Carga Conteinerizada;Conteinerizada;4;Desembarcados;BRSUA;BRSSZ
1584504;Cabotagem;2;Carga Conteinerizada;Conteinerizada;4;Desembarcados;BRSUA;BRSSZ
1584504;Cabotagem;2;Carga Conteinerizada;Conteinerizada;4;Desembarcados;BRSUA;BRSSZ
1584504;Cabotagem;2;Carga Conteinerizada;Conteinerizada;4,33;Desembarcados;BRSUA;BRSSZ
1584504;Cabotagem;2;Carga Conteinerizada;Conteinerizada;4;Desembarcados;BRSUA;BRSSZ
1584504;Cabotagem;2;Carga Conteinerizada;Conteinerizada;3,7;Desembarcados;BRSUA;BRSSZ
1584504;Cabotagem;2;Carga Conteinerizada;Conteinerizada;3,7;Desembarcados;BRSUA;BRSSZ
1584504;Cabotagem;2;Carga Conteinerizada;Conteinerizada;3,95;Desembarcados;BRSUA;BRSSZ
1584504;Cabotagem;2;Carga Conteinerizada;Conteinerizada;3,95;Desembarcados;BRSUA;BRSSZ
1584504;Cabotagem;2;Carga Conteinerizada;Conteinerizada;3,95;Desembarcados;BRSUA;BRSSZ
1584504;Cabotagem;2;Carga Conteinerizada;Conteinerizada;3,95;Desembarcados;BRSUA;BRSSZ
1584504;Cabotagem;2;Carga Conteinerizada;Conteinerizada;3,95;Desembarcados;BRSUA;BRSSZ
1584504;Cabotagem;2;Carga Conteinerizada;Conteinerizada;3,7;Desembarcados;BRSUA;BRSSZ
1584504;Cabotagem;2;Carga Conteinerizada;Conteinerizada;3,95;Desembarcados;BRSUA;BRSSZ
1584504;Cabotagem;2;Carga Conteinerizada;Conteinerizada;3,9;Desembarcados;BRSUA;BRSSZ
1584504;Cabotagem;2;Carga Conteinerizada;Conteinerizada;3,95;Desembarcados;BRSUA;BRSSZ
1584504;Cabotagem;2;Carga Conteinerizada;Conteinerizada;3,95;Desembarcados;BRSUA;BRSSZ
1584504;Cabotagem;2;Carga Conteinerizada;Conteinerizada;3,95;Desembarcados;BRSUA;BRSSZ
1584504;Cabotagem;2;Carga Conteinerizada;Conteinerizada;3,95;Desembarcados;BRSUA;BRSSZ
1584504;Cabotagem;2;Carga Conteinerizada;Conteinerizada;3,95;Desembarcados;BRSUA;BRSSZ
1584504;Cabotagem;2;Carga Conteinerizada;Conteinerizada;3,95;Desembarcados;BRSUA;BRSSZ
1584504;Cabotagem;2;Carga Conteinerizada;Conteinerizada;3,95;Desembarcados;BRSUA;BRSSZ
1584504;Cabotagem;2;Carga Conteinerizada;Conteinerizada;3,7;Desembarcados;BRSUA;BRSSZ
1584504;Cabotagem;2;Carga Conteinerizada;Conteinerizada;3,95;Desembarcados;BRSUA;BRSSZ
1584504;Cabotagem;2;Carga Conteinerizada;Conteinerizada;3,95;Desembarcados;BRSUA;BRSSZ
1584504;Cabotagem;2;Carga Conteinerizada;Conteinerizada;3,95;Desembarcados;BRSUA;BRSSZ
1584504;Cabotagem;2;Carga Conteinerizada;Conteinerizada;3,95;Desembarcados;BRSUA;BRSSZ
1584504;Cabotagem;2;Carga Conteinerizada;Conteinerizada;3,7;Desembarcados;BRSUA;BRSSZ
1584504;Cabotagem;2;Carga Conteinerizada;Conteinerizada;3,7;Desembarcados;BRSUA;BRSSZ
1584504;Cabotagem;2;Carga Conteinerizada;Conteinerizada;3,7;Desembarcados;BRSUA;BRSSZ
1584504;Cabotagem;2;Carga Conteinerizada;Conteinerizada;3,95;Desembarcados;BRSUA;BRSSZ
1584504;Cabotagem;2;Carga Conteinerizada;Conteinerizada;3,95;Desembarcados;BRSUA;BRSSZ
1584504;Cabotagem;2;Carga Conteinerizada;Conteinerizada;3,95;Desembarcados;BRSUA;BRSSZ
1584504;Cabotagem;2;Carga Conteinerizada;Conteinerizada;3,95;Desembarcados;BRSUA;BRSSZ
1584504;Cabotagem;2;Carga Conteinerizada;Conteinerizada;3,95;Desembarcados;BRSUA;BRSSZ
1584504;Cabotagem;2;Carga Conteinerizada;Conteinerizada;3,7;Desembarcados;BRSUA;BRSSZ
1584504;Cabotagem;2;Carga Conteinerizada;Conteinerizada;3,95;Desembarcados;BRSUA;BRSSZ
1584504;Cabotagem;2;Carga Conteinerizada;Conteinerizada;3,95;Desembarcados;BRSUA;BRSSZ
1584504;Cabotagem;4;Carga Conteinerizada;Conteinerizada;16,92;Embarcados;BRSSZ;BRMAO
1584504;Cabotagem;1;Carga Conteinerizada;Conteinerizada;25;Embarcados;BRSSZ;BRSUA
1584504;Cabotagem;1;Carga Conteinerizada;Conteinerizada;25;Embarcados;BRSSZ;BRSC011
1584504;Cabotagem;4;Carga Conteinerizada;Conteinerizada;100;Embarcados;BRSSZ;BRCE001
1584504;Cabotagem;1;Carga Conteinerizada;Conteinerizada;4,52;Embarcados;BRSSZ;BRRIO
1584504;Cabotagem;1;Carga Conteinerizada;Conteinerizada;23,8;Embarcados;BRSSZ;BRSUA
1584504;Cabotagem;1;Carga Conteinerizada;Conteinerizada;2,36;Desembarcados;BRSUA;BRSSZ
1584504;Cabotagem;1;Carga Conteinerizada;Conteinerizada;2,36;Desembarcados;BRSUA;BRSSZ
1584504;Cabotagem;1;Carga Conteinerizada;Conteinerizada;2,3;Desembarcados;BRSUA;BRSSZ
1584504;Cabotagem;1;Carga Conteinerizada;Conteinerizada;2,36;Desembarcados;BRSUA;BRSSZ
1584504;Cabotagem;1;Carga Conteinerizada;Conteinerizada;2,36;Desembarcados;BRSUA;BRSSZ
1584504;Cabotagem;1;Carga Conteinerizada;Conteinerizada;2,32;Desembarcados;BRSUA;BRSSZ
1584504;Cabotagem;1;Carga Conteinerizada;Conteinerizada;2,32;Desembarcados;BRSUA;BRSSZ
1584504;Cabotagem;1;Carga Conteinerizada;Conteinerizada;2,3;Desembarcados;BRSUA;BRSSZ
1584504;Cabotagem;1;Carga Conteinerizada;Conteinerizada;2,26;Desembarcados;BRSUA;BRSSZ
1584504;Cabotagem;1;Carga Conteinerizada;Conteinerizada;2,27;Desembarcados;BRSUA;BRSSZ
1584504;Cabotagem;1;Carga Conteinerizada;Conteinerizada;2,36;Desembarcados;BRSUA;BRSSZ
1584504;Cabotagem;2;Carga Conteinerizada;Conteinerizada;4;Desembarcados;BRSUA;BRSSZ
1584504;Cabotagem;2;Carga Conteinerizada;Conteinerizada;4;Desembarcados;BRSUA;BRSSZ
1584504;Cabotagem;2;Carga Conteinerizada;Conteinerizada;4;Desembarcados;BRSUA;BRSSZ
1584504;Cabotagem;2;Carga Conteinerizada;Conteinerizada;4;Desembarcados;BRSUA;BRSSZ
1583632;Cabotagem;29;Carga Conteinerizada;Conteinerizada;537,169;Desembarcados;BRSSZ;BRSC011
1583632;Cabotagem;1;Carga Conteinerizada;Conteinerizada;6,73;Desembarcados;BRSUA;BRSC011
1583632;Cabotagem;3;Carga Conteinerizada;Conteinerizada;59,26;Embarcados;BRSC011;BRAM006
1583632;Cabotagem;1;Carga Conteinerizada;Conteinerizada;29,54;Embarcados;BRSC011;BRSUA
1583632;Cabotagem;1;Carga Conteinerizada;Conteinerizada;27,7;Desembarcados;BRSSZ;BRSC011
1583632;Cabotagem;1;Carga Conteinerizada;Conteinerizada;28,89;Embarcados;BRSC011;BRAM006
1583632;Cabotagem;2;Carga Conteinerizada;Conteinerizada;54,54;Embarcados;BRSC011;BRSUA
1583632;Cabotagem;8;Carga Conteinerizada;Conteinerizada;19,29;Desembarcados;BRSUA;BRSC011
1583632;Cabotagem;4;Carga Conteinerizada;Conteinerizada;54,174;Desembarcados;BRSSZ;BRSC011
1583632;Cabotagem;2;Carga Conteinerizada;Conteinerizada;23,34;Embarcados;BRSC011;BRSUA
1583632;Cabotagem;20;Carga Conteinerizada;Conteinerizada;31,606;Desembarcados;BRSSZ;BRSC011
1583632;Cabotagem;230;Carga Conteinerizada;Conteinerizada;2261,5;Desembarcados;BRAM006;BRSC011
1583632;Cabotagem;760;Carga Conteinerizada;Conteinerizada;7273,827;Desembarcados;BRSSZ;BRSC011
1583632;Cabotagem;14;Carga Conteinerizada;Conteinerizada;208,74;Desembarcados;BRSUA;BRSC011
1583632;Cabotagem;6;Carga Conteinerizada;Conteinerizada;86,44;Embarcados;BRSC011;BRAM006
1583632;Cabotagem;4;Carga Conteinerizada;Conteinerizada;21,955;Embarcados;BRSC011;BRSUA
1583632;Cabotagem;64;Carga Conteinerizada;Conteinerizada;608,851;Desembarcados;BRAM006;BRSC011
1583632;Cabotagem;4;Carga Conteinerizada;Conteinerizada;62,22;Desembarcados;BRSSZ;BRSC011
1583632;Cabotagem;88;Carga Conteinerizada;Conteinerizada;1031,29;Desembarcados;BRSUA;BRSC011
1583632;Cabotagem;432;Carga Conteinerizada;Conteinerizada;4585,98;Embarcados;BRSC011;BRAM006
1583632;Cabotagem;2;Carga Conteinerizada;Conteinerizada;29,38;Embarcados;BRSC011;BRSUA
1583632;Cabotagem;244;Carga Conteinerizada;Conteinerizada;2314,73;Embarcados;BRSC011;BRSUA
1583632;Cabotagem;42;Carga Conteinerizada;Conteinerizada;540,019;Desembarcados;BRSSZ;BRSC011
1583632;Cabotagem;2;Carga Conteinerizada;Conteinerizada;32,93;Embarcados;BRSC011;BRSUA
1583632;Cabotagem;2;Carga Conteinerizada;Conteinerizada;34,74;Embarcados;BRSC011;BRSUA
1583632;Cabotagem;146;Carga Conteinerizada;Conteinerizada;2068,023;Desembarcados;BRSSZ;BRSC011
1583632;Cabotagem;6;Carga Conteinerizada;Conteinerizada;100,77;Embarcados;BRSC011;BRAM006
1583632;Cabotagem;304;Carga Conteinerizada;Conteinerizada;5002,66;Embarcados;BRSC011;BRAM006
1583632;Cabotagem;40;Carga Conteinerizada;Conteinerizada;572,8;Embarcados;BRSC011;BRSUA
1583632;Cabotagem;84;Carga Conteinerizada;Conteinerizada;1144,33;Embarcados;BRSC011;BRSUA
1583632;Cabotagem;134;Carga Conteinerizada;Conteinerizada;300,42;Desembarcados;BRAM006;BRSC011
1589007;Cabotagem;2;Carga Conteinerizada;Conteinerizada;21,89;Embarcados;BRSUA;BRMAO
1589007;Cabotagem;1;Carga Conteinerizada;Conteinerizada;29,54;Desembarcados;BRSC011;BRSUA
1589007;Cabotagem;12;Carga Conteinerizada;Conteinerizada;150,02;Desembarcados;BRSSZ;BRSUA
1589007;Cabotagem;1;Carga Conteinerizada;Conteinerizada;7,58;Desembarcados;BRSSZ;BRSUA
1589007;Cabotagem;13;Carga Conteinerizada;Conteinerizada;283,81;Desembarcados;BRSSZ;BRSUA
1589007;Cabotagem;1;Carga Conteinerizada;Conteinerizada;4,52;Desembarcados;BRSSZ;BRSUA
1589007;Cabotagem;1;Carga Conteinerizada;Conteinerizada;23,8;Desembarcados;BRSSZ;BRSUA
1589007;Cabotagem;2;Carga Conteinerizada;Conteinerizada;54,54;Desembarcados;BRSC011;BRSUA
1589007;Cabotagem;1;Carga Conteinerizada;Conteinerizada;29;Desembarcados;BRSSZ;BRSUA
1589007;Cabotagem;2;Carga Conteinerizada;Conteinerizada;23,34;Desembarcados;BRSC011;BRSUA
1589007;Cabotagem;42;Carga Conteinerizada;Conteinerizada;578,405;Embarcados;BRSUA;BRMAO
1589007;Cabotagem;4;Carga Conteinerizada;Conteinerizada;21,955;Desembarcados;BRSC011;BRSUA
1589007;Cabotagem;34;Carga Conteinerizada;Conteinerizada;396,04;Desembarcados;BRSSZ;BRSUA
1589007;Cabotagem;6;Carga Conteinerizada;Conteinerizada;74,123;Desembarcados;BRSSZ;BRSUA
1589007;Cabotagem;2;Carga Conteinerizada;Conteinerizada;13,95;Desembarcados;BRSSZ;BRSUA
1589007;Cabotagem;656;Carga Conteinerizada;Conteinerizada;8806,032;Embarcados;BRSUA;BRMAO
1589007;Cabotagem;2;Carga Conteinerizada;Conteinerizada;28,84;Embarcados;BRSUA;BRMAO
1589007;Cabotagem;246;Carga Conteinerizada;Conteinerizada;2344,11;Desembarcados;BRSC011;BRSUA
1589007;Cabotagem;60;Carga Conteinerizada;Conteinerizada;763,21;Desembarcados;BRSSZ;BRSUA
1589007;Cabotagem;178;Carga Conteinerizada;Conteinerizada;1880,964;Desembarcados;BRSSZ;BRSUA
1589007;Cabotagem;28;Carga Conteinerizada;Conteinerizada;295,68;Desembarcados;BRSSZ;BRSUA
1589007;Cabotagem;2;Carga Conteinerizada;Conteinerizada;21,12;Desembarcados;BRSSZ;BRSUA
1589007;Cabotagem;8;Carga Conteinerizada;Conteinerizada;84,48;Desembarcados;BRSSZ;BRSUA
1589007;Cabotagem;4;Carga Conteinerizada;Conteinerizada;67,67;Desembarcados;BRSC011;BRSUA
1589007;Cabotagem;2;Carga Conteinerizada;Conteinerizada;29,49;Desembarcados;BRSSZ;BRSUA
1589007;Cabotagem;2;Carga Conteinerizada;Conteinerizada;27,57;Desembarcados;BRSSZ;BRSUA
1589007;Cabotagem;14;Carga Conteinerizada;Conteinerizada;172,686;Embarcados;BRSUA;BRMAO
1589007;Cabotagem;124;Carga Conteinerizada;Conteinerizada;1717,13;Desembarcados;BRSC011;BRSUA
1589007;Cabotagem;4;Carga Conteinerizada;Conteinerizada;34,68;Desembarcados;BRSSZ;BRSUA
1591152;Cabotagem;17;Carga Conteinerizada;Conteinerizada;525,056;Embarcados;BRCE001;BRMAO
1591152;Cabotagem;25;Carga Conteinerizada;Conteinerizada;524,093;Desembarcados;BRSSZ;BRCE001
1591152;Cabotagem;4;Carga Conteinerizada;Conteinerizada;113,176;Desembarcados;BRSSZ;BRCE001
1591152;Cabotagem;28;Carga Conteinerizada;Conteinerizada;438,72;Embarcados;BRCE001;BRMAO
1591152;Cabotagem;74;Carga Conteinerizada;Conteinerizada;944,695;Desembarcados;BRSSZ;BRCE001
1591152;Cabotagem;18;Carga Conteinerizada;Conteinerizada;178,58;Desembarcados;BRSSZ;BRCE001
1591152;Cabotagem;2;Carga Conteinerizada;Conteinerizada;23,635;Desembarcados;BRSSZ;BRCE001
1591152;Cabotagem;28;Carga Conteinerizada;Conteinerizada;296,566;Desembarcados;BRSSZ;BRCE001
1591189;Cabotagem;244;Carga Conteinerizada;Conteinerizada;2426,085;Embarcados;BRAM006;BRRIO
1591189;Cabotagem;450;Carga Conteinerizada;Conteinerizada;5623,958;Desembarcados;BRIGI;BRAM006
1591189;Cabotagem;244;Carga Conteinerizada;Conteinerizada;3260,249;Desembarcados;BRIGI;BRAM006
1591189;Cabotagem;308;Carga Conteinerizada;Conteinerizada;5094,341;Desembarcados;BRSC011;BRAM006
1591189;Cabotagem;10;Carga Conteinerizada;Conteinerizada;76,464;Embarcados;BRAM006;BRIGI
1591189;Cabotagem;1;Carga Conteinerizada;Conteinerizada;15,918;Embarcados;BRAM006;BRSC011
1591189;Cabotagem;1;Carga Conteinerizada;Conteinerizada;4,76;Embarcados;BRAM006;BRIGI
1591189;Cabotagem;18;Carga Conteinerizada;Conteinerizada;276,009;Embarcados;BRAM006;BRRIO
1591189;Cabotagem;44;Carga Conteinerizada;Conteinerizada;227,32;Embarcados;BRAM006;BRSSZ
1591189;Cabotagem;50;Carga Conteinerizada;Conteinerizada;236,053;Embarcados;BRAM006;BRIGI
1591189;Cabotagem;2;Carga Conteinerizada;Conteinerizada;30,996;Desembarcados;BRSC011;BRAM006
1591189;Cabotagem;136;Carga Conteinerizada;Conteinerizada;2036,619;Desembarcados;BRSSZ;BRAM006
1591189;Cabotagem;1;Carga Conteinerizada;Conteinerizada;29;Embarcados;BRAM006;BRSSZ
1591189;Cabotagem;584;Carga Conteinerizada;Conteinerizada;7975,612;Embarcados;BRAM006;BRSSZ
1591189;Cabotagem;296;Carga Conteinerizada;Conteinerizada;3348,3;Embarcados;BRAM006;BRIGI
1591189;Cabotagem;282;Carga Conteinerizada;Conteinerizada;3865,681;Desembarcados;BRSSZ;BRAM006
1591189;Cabotagem;4;Carga Conteinerizada;Conteinerizada;61,468;Desembarcados;BRIGI;BRAM006
1591189;Cabotagem;1;Carga Conteinerizada;Conteinerizada;5,12;Embarcados;BRAM006;BRSSZ
1591189;Cabotagem;13;Carga Conteinerizada;Conteinerizada;90,11;Embarcados;BRAM006;BRSSZ
1591189;Cabotagem;148;Carga Conteinerizada;Conteinerizada;1883,579;Desembarcados;BRSC011;BRAM006
1591189;Cabotagem;2;Carga Conteinerizada;Conteinerizada;7,992;Embarcados;BRAM006;BRIGI
1591189;Cabotagem;1;Carga Conteinerizada;Conteinerizada;28,68;Desembarcados;BRSC011;BRAM006
1591189;Cabotagem;2;Carga Conteinerizada;Conteinerizada;29,374;Desembarcados;BRSSA;BRAM006
1591189;Cabotagem;354;Carga Conteinerizada;Conteinerizada;3832,524;Embarcados;BRAM006;BRSC011
1591189;Cabotagem;22;Carga Conteinerizada;Conteinerizada;237,335;Embarcados;BRAM006;BRSC011
1591189;Cabotagem;2;Carga Conteinerizada;Conteinerizada;31,856;Desembarcados;BRSSZ;BRAM006
1591189;Cabotagem;1;Carga Conteinerizada;Conteinerizada;3,771;Embarcados;BRAM006;BRIGI
1591189;Cabotagem;1;Carga Conteinerizada;Conteinerizada;16,157;Embarcados;BRAM006;BRRIO
1591189;Cabotagem;2;Carga Conteinerizada;Conteinerizada;36,546;Desembarcados;BRSC011;BRAM006
1591189;Cabotagem;4;Carga Conteinerizada;Conteinerizada;23,7;Desembarcados;BRSSZ;BRAM006
1591189;Cabotagem;2;Carga Conteinerizada;Conteinerizada;12,82;Embarcados;BRAM006;BRSSZ
1591189;Cabotagem;4;Carga Conteinerizada;Conteinerizada;71,022;Desembarcados;BRSSZ;BRAM006
1591189;Cabotagem;4;Carga Conteinerizada;Conteinerizada;65,163;Desembarcados;BRRIG;BRAM006
1591189;Cabotagem;2;Carga Conteinerizada;Conteinerizada;23,304;Embarcados;BRAM006;BRSSZ
1591189;Cabotagem;4;Carga Conteinerizada;Conteinerizada;38,904;Desembarcados;BRSC011;BRAM006
1591189;Cabotagem;340;Carga Conteinerizada;Conteinerizada;1873,672;Embarcados;BRAM006;BRSSZ
1591189;Cabotagem;38;Carga Conteinerizada;Conteinerizada;472,38;Embarcados;BRAM006;BRIGI
1591189;Cabotagem;1;Carga Conteinerizada;Conteinerizada;13,734;Desembarcados;BRIGI;BRAM006
1591189;Cabotagem;6;Carga Conteinerizada;Conteinerizada;175,677;Desembarcados;BRCE001;BRAM006
1591189;Cabotagem;10;Carga Conteinerizada;Conteinerizada;305,301;Desembarcados;BRCE001;BRAM006
1591189;Cabotagem;2;Carga Conteinerizada;Conteinerizada;29,08;Desembarcados;BRIGI;BRAM006
1591189;Cabotagem;14;Carga Conteinerizada;Conteinerizada;174,331;Desembarcados;BRIGI;BRAM006
1591189;Cabotagem;8;Carga Conteinerizada;Conteinerizada;133,09;Desembarcados;BRCE001;BRAM006
1591189;Cabotagem;62;Carga Conteinerizada;Conteinerizada;913,707;Embarcados;BRAM006;BRSSZ
1591189;Cabotagem;50;Carga Conteinerizada;Conteinerizada;813,478;Desembarcados;BRSSZ;BRAM006
1591189;Cabotagem;20;Carga Conteinerizada;Conteinerizada;315,557;Desembarcados;BRCE001;BRAM006
1591189;Cabotagem;12;Carga Conteinerizada;Conteinerizada;343,988;Desembarcados;BRSSZ;BRAM006
1591189;Cabotagem;8;Carga Conteinerizada;Conteinerizada;207,033;Desembarcados;BRSSZ;BRAM006
1591189;Cabotagem;10;Carga Conteinerizada;Conteinerizada;111,836;Desembarcados;BRRIG;BRAM006
1591189;Cabotagem;1;Carga Conteinerizada;Conteinerizada;5;Desembarcados;BRSSZ;BRAM006
1591189;Cabotagem;1;Carga Conteinerizada;Conteinerizada;7,4;Embarcados;BRAM006;BRSSZ
1591189;Cabotagem;286;Carga Conteinerizada;Conteinerizada;3061,153;Desembarcados;BRSC011;BRAM006
1591189;Cabotagem;8;Carga Conteinerizada;Conteinerizada;121,574;Desembarcados;BRSSA;BRAM006
1591189;Cabotagem;1;Carga Conteinerizada;Conteinerizada;30,27;Desembarcados;BRCE001;BRAM006
1591189;Cabotagem;1;Carga Conteinerizada;Conteinerizada;8,256;Desembarcados;BRIGI;BRAM006
1591189;Cabotagem;2;Carga Conteinerizada;Conteinerizada;33,77;Desembarcados;BRSC008;BRAM006
1591189;Cabotagem;1;Carga Conteinerizada;Conteinerizada;27,97;Desembarcados;BRSC011;BRAM006
1555887;Cabotagem;8;Carga Conteinerizada;Conteinerizada;97,467;Embarcados;BRSSZ;BRSC011
1555887;Cabotagem;960;Carga Conteinerizada;Conteinerizada;13166,002;Embarcados;BRSSZ;BRSC011
1555887;Cabotagem;1;Carga Conteinerizada;Conteinerizada;2,2;Desembarcados;BRSC011;BRSSZ
1555887;Cabotagem;1;Carga Conteinerizada;Conteinerizada;2,2;Desembarcados;BRSC011;BRSSZ
1555887;Cabotagem;1;Carga Conteinerizada;Conteinerizada;2,2;Desembarcados;BRSC011;BRSSZ
1555887;Cabotagem;1;Carga Conteinerizada;Conteinerizada;2,2;Desembarcados;BRSC011;BRSSZ
1555887;Cabotagem;1;Carga Conteinerizada;Conteinerizada;2,2;Desembarcados;BRSC011;BRSSZ
1555887;Cabotagem;1;Carga Conteinerizada;Conteinerizada;2,2;Desembarcados;BRSC011;BRSSZ
1555887;Cabotagem;1;Carga Conteinerizada;Conteinerizada;2,2;Desembarcados;BRSC011;BRSSZ
1555887;Cabotagem;1;Carga Conteinerizada;Conteinerizada;2,2;Desembarcados;BRSC011;BRSSZ
1555887;Cabotagem;1;Carga Conteinerizada;Conteinerizada;2,2;Desembarcados;BRSC011;BRSSZ
1555887;Cabotagem;1;Carga Conteinerizada;Conteinerizada;2,2;Desembarcados;BRSC011;BRSSZ
1555887;Cabotagem;1;Carga Conteinerizada;Conteinerizada;2,2;Desembarcados;BRSC011;BRSSZ
1555887;Cabotagem;1;Carga Conteinerizada;Conteinerizada;2,2;Desembarcados;BRSC011;BRSSZ
1555887;Cabotagem;1;Carga Conteinerizada;Conteinerizada;2,2;Desembarcados;BRSC011;BRSSZ
1555887;Cabotagem;1;Carga Conteinerizada;Conteinerizada;2,2;Desembarcados;BRSC011;BRSSZ
1555887;Cabotagem;1;Carga Conteinerizada;Conteinerizada;2,2;Desembarcados;BRSC011;BRSSZ
1555887;Cabotagem;1;Carga Conteinerizada;Conteinerizada;2,2;Desembarcados;BRSC011;BRSSZ
1555887;Cabotagem;1;Carga Conteinerizada;Conteinerizada;2,2;Desembarcados;BRSC011;BRSSZ
1555887;Cabotagem;1;Carga Conteinerizada;Conteinerizada;2,2;Desembarcados;BRSC011;BRSSZ
1555887;Cabotagem;1;Carga Conteinerizada;Conteinerizada;2,2;Desembarcados;BRSC011;BRSSZ
1555887;Cabotagem;1;Carga Conteinerizada;Conteinerizada;2,2;Desembarcados;BRSC011;BRSSZ
1555887;Cabotagem;1;Carga Conteinerizada;Conteinerizada;2,2;Desembarcados;BRSC011;BRSSZ
1555887;Cabotagem;1;Carga Conteinerizada;Conteinerizada;2,2;Desembarcados;BRSC011;BRSSZ
1555887;Cabotagem;1;Carga Conteinerizada;Conteinerizada;2,2;Desembarcados;BRSC011;BRSSZ
1555887;Cabotagem;1;Carga Conteinerizada;Conteinerizada;2,2;Desembarcados;BRSC011;BRSSZ
1555887;Cabotagem;1;Carga Conteinerizada;Conteinerizada;2,2;Desembarcados;BRSC011;BRSSZ
1555887;Cabotagem;1;Carga Conteinerizada;Conteinerizada;2,2;Desembarcados;BRSC011;BRSSZ
1555887;Cabotagem;1;Carga Conteinerizada;Conteinerizada;2,2;Desembarcados;BRSC011;BRSSZ
1555887;Cabotagem;1;Carga Conteinerizada;Conteinerizada;2,2;Desembarcados;BRSC011;BRSSZ
1555887;Cabotagem;1;Carga Conteinerizada;Conteinerizada;2,2;Desembarcados;BRSC011;BRSSZ
1555887;Cabotagem;1;Carga Conteinerizada;Conteinerizada;2,2;Desembarcados;BRSC011;BRSSZ
1555887;Cabotagem;1;Carga Conteinerizada;Conteinerizada;2,2;Desembarcados;BRSC011;BRSSZ
1555887;Cabotagem;1;Carga Conteinerizada;Conteinerizada;2,2;Desembarcados;BRSC011;BRSSZ
1555887;Cabotagem;1;Carga Conteinerizada;Conteinerizada;2,2;Desembarcados;BRSC011;BRSSZ
1555887;Cabotagem;1;Carga Conteinerizada;Conteinerizada;2,2;Desembarcados;BRSC011;BRSSZ
1555887;Cabotagem;1;Carga Conteinerizada;Conteinerizada;2,2;Desembarcados;BRSC011;BRSSZ
1555887;Cabotagem;1;Carga Conteinerizada;Conteinerizada;2,2;Desembarcados;BRSC011;BRSSZ
1555887;Cabotagem;1;Carga Conteinerizada;Conteinerizada;2,2;Desembarcados;BRSC011;BRSSZ
1555887;Cabotagem;1;Carga Conteinerizada;Conteinerizada;2,2;Desembarcados;BRSC011;BRSSZ
1555887;Cabotagem;1;Carga Conteinerizada;Conteinerizada;2,2;Desembarcados;BRSC011;BRSSZ
1555887;Cabotagem;1;Carga Conteinerizada;Conteinerizada;2,2;Desembarcados;BRSC011;BRSSZ
1555887;Cabotagem;1;Carga Conteinerizada;Conteinerizada;2,2;Desembarcados;BRSC011;BRSSZ
1555887;Cabotagem;1;Carga Conteinerizada;Conteinerizada;2,2;Desembarcados;BRSC011;BRSSZ
1555887;Cabotagem;1;Carga Conteinerizada;Conteinerizada;2,2;Desembarcados;BRSC011;BRSSZ
1555887;Cabotagem;1;Carga Conteinerizada;Conteinerizada;2,2;Desembarcados;BRSC011;BRSSZ
1555887;Cabotagem;1;Carga Conteinerizada;Conteinerizada;2,2;Desembarcados;BRSC011;BRSSZ
1555887;Cabotagem;1;Carga Conteinerizada;Conteinerizada;2,2;Desembarcados;BRSC011;BRSSZ
1555887;Cabotagem;1;Carga Conteinerizada;Conteinerizada;2,2;Desembarcados;BRSC011;BRSSZ
1555887;Cabotagem;1;Carga Conteinerizada;Conteinerizada;2,2;Desembarcados;BRSC011;BRSSZ
1555887;Cabotagem;1;Carga Conteinerizada;Conteinerizada;2,2;Desembarcados;BRSC011;BRSSZ
1555887;Cabotagem;1;Carga Conteinerizada;Conteinerizada;2,2;Desembarcados;BRSC011;BRSSZ
1555887;Cabotagem;2;Carga Conteinerizada;Conteinerizada;3,8;Desembarcados;BRSC011;BRSSZ
1555887;Cabotagem;2;Carga Conteinerizada;Conteinerizada;3,8;Desembarcados;BRSC011;BRSSZ
1555887;Cabotagem;2;Carga Conteinerizada;Conteinerizada;3,8;Desembarcados;BRSC011;BRSSZ
1555887;Cabotagem;2;Carga Conteinerizada;Conteinerizada;3,8;Desembarcados;BRSC011;BRSSZ
1555887;Cabotagem;2;Carga Conteinerizada;Conteinerizada;3,8;Desembarcados;BRSC011;BRSSZ
1555887;Cabotagem;2;Carga Conteinerizada;Conteinerizada;3,8;Desembarcados;BRSC011;BRSSZ
1555887;Cabotagem;2;Carga Conteinerizada;Conteinerizada;3,8;Desembarcados;BRSC011;BRSSZ
1555887;Cabotagem;2;Carga Conteinerizada;Conteinerizada;3,8;Desembarcados;BRSC011;BRSSZ
1555887;Cabotagem;2;Carga Conteinerizada;Conteinerizada;3,8;Desembarcados;BRSC011;BRSSZ
1555887;Cabotagem;2;Carga Conteinerizada;Conteinerizada;3,8;Desembarcados;BRSC011;BRSSZ
1555887;Cabotagem;2;Carga Conteinerizada;Conteinerizada;3,8;Desembarcados;BRSC011;BRSSZ
1555887;Cabotagem;2;Carga Conteinerizada;Conteinerizada;3,8;Desembarcados;BRSC011;BRSSZ
1555887;Cabotagem;2;Carga Conteinerizada;Conteinerizada;3,8;Desembarcados;BRSC011;BRSSZ
1555887;Cabotagem;2;Carga Conteinerizada;Conteinerizada;3,8;Desembarcados;BRSC011;BRSSZ
1555887;Cabotagem;2;Carga Conteinerizada;Conteinerizada;3,8;Desembarcados;BRSC011;BRSSZ
1555887;Cabotagem;2;Carga Conteinerizada;Conteinerizada;3,8;Desembarcados;BRSC011;BRSSZ
1555887;Cabotagem;2;Carga Conteinerizada;Conteinerizada;3,8;Desembarcados;BRSC011;BRSSZ
1555887;Cabotagem;2;Carga Conteinerizada;Conteinerizada;3,8;Desembarcados;BRSC011;BRSSZ
1555887;Cabotagem;2;Carga Conteinerizada;Conteinerizada;3,8;Desembarcados;BRSC011;BRSSZ
1555887;Cabotagem;2;Carga Conteinerizada;Conteinerizada;3,8;Desembarcados;BRSC011;BRSSZ
1555887;Cabotagem;2;Carga Conteinerizada;Conteinerizada;3,8;Desembarcados;BRSC011;BRSSZ
1555887;Cabotagem;2;Carga Conteinerizada;Conteinerizada;3,8;Desembarcados;BRSC011;BRSSZ
1555887;Cabotagem;2;Carga Conteinerizada;Conteinerizada;3,8;Desembarcados;BRSC011;BRSSZ
1555887;Cabotagem;2;Carga Conteinerizada;Conteinerizada;3,8;Desembarcados;BRSC011;BRSSZ
1555887;Cabotagem;2;Carga Conteinerizada;Conteinerizada;3,8;Desembarcados;BRSC011;BRSSZ
1555887;Cabotagem;2;Carga Conteinerizada;Conteinerizada;3,8;Desembarcados;BRSC011;BRSSZ
1555887;Cabotagem;2;Carga Conteinerizada;Conteinerizada;3,8;Desembarcados;BRSC011;BRSSZ
1555887;Cabotagem;2;Carga Conteinerizada;Conteinerizada;3,8;Desembarcados;BRSC011;BRSSZ
1555887;Cabotagem;2;Carga Conteinerizada;Conteinerizada;3,8;Desembarcados;BRSC011;BRSSZ
1555887;Cabotagem;2;Carga Conteinerizada;Conteinerizada;3,8;Desembarcados;BRSC011;BRSSZ
1555887;Cabotagem;2;Carga Conteinerizada;Conteinerizada;3,8;Desembarcados;BRSC011;BRSSZ
1555887;Cabotagem;2;Carga Conteinerizada;Conteinerizada;3,8;Desembarcados;BRSC011;BRSSZ
1555887;Cabotagem;2;Carga Conteinerizada;Conteinerizada;3,8;Desembarcados;BRSC011;BRSSZ
1555887;Cabotagem;2;Carga Conteinerizada;Conteinerizada;3,8;Desembarcados;BRSC011;BRSSZ
1555887;Cabotagem;2;Carga Conteinerizada;Conteinerizada;3,8;Desembarcados;BRSC011;BRSSZ
1555887;Cabotagem;2;Carga Conteinerizada;Conteinerizada;3,8;Desembarcados;BRSC011;BRSSZ
1555887;Cabotagem;2;Carga Conteinerizada;Conteinerizada;3,8;Desembarcados;BRSC011;BRSSZ
1555887;Cabotagem;2;Carga Conteinerizada;Conteinerizada;3,8;Desembarcados;BRSC011;BRSSZ
1555887;Cabotagem;2;Carga Conteinerizada;Conteinerizada;3,8;Desembarcados;BRSC011;BRSSZ
1555887;Cabotagem;2;Carga Conteinerizada;Conteinerizada;3,8;Desembarcados;BRSC011;BRSSZ
1555887;Cabotagem;2;Carga Conteinerizada;Conteinerizada;3,8;Desembarcados;BRSC011;BRSSZ
1555887;Cabotagem;2;Carga Conteinerizada;Conteinerizada;3,8;Desembarcados;BRSC011;BRSSZ
1555887;Cabotagem;2;Carga Conteinerizada;Conteinerizada;3,8;Desembarcados;BRSC011;BRSSZ
1555887;Cabotagem;2;Carga Conteinerizada;Conteinerizada;3,8;Desembarcados;BRSC011;BRSSZ
1555887;Cabotagem;2;Carga Conteinerizada;Conteinerizada;3,8;Desembarcados;BRSC011;BRSSZ
1555887;Cabotagem;2;Carga Conteinerizada;Conteinerizada;3,8;Desembarcados;BRSC011;BRSSZ
1555887;Cabotagem;2;Carga Conteinerizada;Conteinerizada;3,8;Desembarcados;BRSC011;BRSSZ
1555887;Cabotagem;2;Carga Conteinerizada;Conteinerizada;3,8;Desembarcados;BRSC011;BRSSZ
1555887;Cabotagem;2;Carga Conteinerizada;Conteinerizada;3,8;Desembarcados;BRSC011;BRSSZ
1555887;Cabotagem;2;Carga Conteinerizada;Conteinerizada;3,8;Desembarcados;BRSC011;BRSSZ
1555887;Cabotagem;2;Carga Conteinerizada;Conteinerizada;3,8;Desembarcados;BRSC011;BRSSZ
1555887;Cabotagem;2;Carga Conteinerizada;Conteinerizada;3,8;Desembarcados;BRSC011;BRSSZ
1555887;Cabotagem;2;Carga Conteinerizada;Conteinerizada;3,8;Desembarcados;BRSC011;BRSSZ
1555887;Cabotagem;2;Carga Conteinerizada;Conteinerizada;3,8;Desembarcados;BRSC011;BRSSZ
1555887;Cabotagem;2;Carga Conteinerizada;Conteinerizada;3,8;Desembarcados;BRSC011;BRSSZ
1555887;Cabotagem;2;Carga Conteinerizada;Conteinerizada;3,8;Desembarcados;BRSC011;BRSSZ
1555887;Cabotagem;2;Carga Conteinerizada;Conteinerizada;3,8;Desembarcados;BRSC011;BRSSZ
1555887;Cabotagem;2;Carga Conteinerizada;Conteinerizada;3,8;Desembarcados;BRSC011;BRSSZ
1555887;Cabotagem;2;Carga Conteinerizada;Conteinerizada;3,8;Desembarcados;BRSC011;BRSSZ
1555887;Cabotagem;2;Carga Conteinerizada;Conteinerizada;3,8;Desembarcados;BRSC011;BRSSZ
1555887;Cabotagem;2;Carga Conteinerizada;Conteinerizada;3,8;Desembarcados;BRSC011;BRSSZ
1555887;Cabotagem;2;Carga Conteinerizada;Conteinerizada;3,8;Desembarcados;BRSC011;BRSSZ
1555887;Cabotagem;2;Carga Conteinerizada;Conteinerizada;3,8;Desembarcados;BRSC011;BRSSZ
1555887;Cabotagem;2;Carga Conteinerizada;Conteinerizada;3,8;Desembarcados;BRSC011;BRSSZ
1555887;Cabotagem;2;Carga Conteinerizada;Conteinerizada;3,8;Desembarcados;BRSC011;BRSSZ
1555887;Cabotagem;2;Carga Conteinerizada;Conteinerizada;3,8;Desembarcados;BRSC011;BRSSZ
1555887;Cabotagem;2;Carga Conteinerizada;Conteinerizada;3,8;Desembarcados;BRSC011;BRSSZ
1555887;Cabotagem;2;Carga Conteinerizada;Conteinerizada;3,8;Desembarcados;BRSC011;BRSSZ
1555887;Cabotagem;2;Carga Conteinerizada;Conteinerizada;3,8;Desembarcados;BRSC011;BRSSZ
1555887;Cabotagem;2;Carga Conteinerizada;Conteinerizada;3,8;Desembarcados;BRSC011;BRSSZ
1555887;Cabotagem;2;Carga Conteinerizada;Conteinerizada;3,8;Desembarcados;BRSC011;BRSSZ
1555887;Cabotagem;2;Carga Conteinerizada;Conteinerizada;3,8;Desembarcados;BRSC011;BRSSZ
1555887;Cabotagem;2;Carga Conteinerizada;Conteinerizada;3,8;Desembarcados;BRSC011;BRSSZ
1555887;Cabotagem;2;Carga Conteinerizada;Conteinerizada;3,8;Desembarcados;BRSC011;BRSSZ
1555887;Cabotagem;2;Carga Conteinerizada;Conteinerizada;3,8;Desembarcados;BRSC011;BRSSZ
1555887;Cabotagem;2;Carga Conteinerizada;Conteinerizada;3,8;Desembarcados;BRSC011;BRSSZ
1555887;Cabotagem;2;Carga Conteinerizada;Conteinerizada;3,8;Desembarcados;BRSC011;BRSSZ
1555887;Cabotagem;2;Carga Conteinerizada;Conteinerizada;3,8;Desembarcados;BRSC011;BRSSZ
1555887;Cabotagem;2;Carga Conteinerizada;Conteinerizada;3,8;Desembarcados;BRSC011;BRSSZ
1555887;Cabotagem;2;Carga Conteinerizada;Conteinerizada;3,8;Desembarcados;BRSC011;BRSSZ
1555887;Cabotagem;2;Carga Conteinerizada;Conteinerizada;3,8;Desembarcados;BRSC011;BRSSZ
1555887;Cabotagem;2;Carga Conteinerizada;Conteinerizada;3,8;Desembarcados;BRSC011;BRSSZ
1555887;Cabotagem;2;Carga Conteinerizada;Conteinerizada;3,8;Desembarcados;BRSC011;BRSSZ
1555887;Cabotagem;2;Carga Conteinerizada;Conteinerizada;3,8;Desembarcados;BRSC011;BRSSZ
1555887;Cabotagem;2;Carga Conteinerizada;Conteinerizada;3,8;Desembarcados;BRSC011;BRSSZ
1555887;Cabotagem;2;Carga Conteinerizada;Conteinerizada;3,8;Desembarcados;BRSC011;BRSSZ
1555887;Cabotagem;2;Carga Conteinerizada;Conteinerizada;3,8;Desembarcados;BRSC011;BRSSZ
1555887;Cabotagem;2;Carga Conteinerizada;Conteinerizada;3,8;Desembarcados;BRSC011;BRSSZ
1555887;Cabotagem;2;Carga Conteinerizada;Conteinerizada;3,8;Desembarcados;BRSC011;BRSSZ
1555887;Cabotagem;2;Carga Conteinerizada;Conteinerizada;3,8;Desembarcados;BRSC011;BRSSZ
1555887;Cabotagem;2;Carga Conteinerizada;Conteinerizada;3,8;Desembarcados;BRSC011;BRSSZ
1555887;Cabotagem;2;Carga Conteinerizada;Conteinerizada;3,8;Desembarcados;BRSC011;BRSSZ
1555887;Cabotagem;2;Carga Conteinerizada;Conteinerizada;3,8;Desembarcados;BRSC011;BRSSZ
1555887;Cabotagem;2;Carga Conteinerizada;Conteinerizada;3,8;Desembarcados;BRSC011;BRSSZ
1555887;Cabotagem;2;Carga Conteinerizada;Conteinerizada;3,8;Desembarcados;BRSC011;BRSSZ
1555887;Cabotagem;2;Carga Conteinerizada;Conteinerizada;3,8;Desembarcados;BRSC011;BRSSZ
1555887;Cabotagem;2;Carga Conteinerizada;Conteinerizada;3,8;Desembarcados;BRSC011;BRSSZ
1555887;Cabotagem;2;Carga Conteinerizada;Conteinerizada;3,8;Desembarcados;BRSC011;BRSSZ
1555887;Cabotagem;2;Carga Conteinerizada;Conteinerizada;3,8;Desembarcados;BRSC011;BRSSZ
1555887;Cabotagem;2;Carga Conteinerizada;Conteinerizada;3,8;Desembarcados;BRSC011;BRSSZ
1555887;Cabotagem;2;Carga Conteinerizada;Conteinerizada;3,8;Desembarcados;BRSC011;BRSSZ
1555887;Cabotagem;2;Carga Conteinerizada;Conteinerizada;3,8;Desembarcados;BRSC011;BRSSZ
1555887;Cabotagem;2;Carga Conteinerizada;Conteinerizada;3,8;Desembarcados;BRSC011;BRSSZ
1555887;Cabotagem;2;Carga Conteinerizada;Conteinerizada;3,8;Desembarcados;BRSC011;BRSSZ
1555887;Cabotagem;2;Carga Conteinerizada;Conteinerizada;3,8;Desembarcados;BRSC011;BRSSZ
1555887;Cabotagem;2;Carga Conteinerizada;Conteinerizada;3,8;Desembarcados;BRSC011;BRSSZ
1555887;Cabotagem;2;Carga Conteinerizada;Conteinerizada;3,8;Desembarcados;BRSC011;BRSSZ
1555887;Cabotagem;2;Carga Conteinerizada;Conteinerizada;3,8;Desembarcados;BRSC011;BRSSZ
1555887;Cabotagem;2;Carga Conteinerizada;Conteinerizada;3,8;Desembarcados;BRSC011;BRSSZ
1555887;Cabotagem;2;Carga Conteinerizada;Conteinerizada;3,8;Desembarcados;BRSC011;BRSSZ
1555887;Cabotagem;2;Carga Conteinerizada;Conteinerizada;3,8;Desembarcados;BRSC011;BRSSZ
1555887;Cabotagem;2;Carga Conteinerizada;Conteinerizada;3,8;Desembarcados;BRSC011;BRSSZ
1555887;Cabotagem;2;Carga Conteinerizada;Conteinerizada;3,8;Desembarcados;BRSC011;BRSSZ
1555887;Cabotagem;2;Carga Conteinerizada;Conteinerizada;3,8;Desembarcados;BRSC011;BRSSZ
1555887;Cabotagem;2;Carga Conteinerizada;Conteinerizada;3,8;Desembarcados;BRSC011;BRSSZ
1555887;Cabotagem;2;Carga Conteinerizada;Conteinerizada;3,8;Desembarcados;BRSC011;BRSSZ
1555887;Cabotagem;2;Carga Conteinerizada;Conteinerizada;3,8;Desembarcados;BRSC011;BRSSZ
1555887;Cabotagem;2;Carga Conteinerizada;Conteinerizada;3,8;Desembarcados;BRSC011;BRSSZ
1555887;Cabotagem;2;Carga Conteinerizada;Conteinerizada;3,8;Desembarcados;BRSC011;BRSSZ
1555887;Cabotagem;2;Carga Conteinerizada;Conteinerizada;3,8;Desembarcados;BRSC011;BRSSZ
1555887;Cabotagem;2;Carga Conteinerizada;Conteinerizada;3,8;Desembarcados;BRSC011;BRSSZ
1555887;Cabotagem;2;Carga Conteinerizada;Conteinerizada;3,8;Desembarcados;BRSC011;BRSSZ
1555887;Cabotagem;2;Carga Conteinerizada;Conteinerizada;3,8;Desembarcados;BRSC011;BRSSZ
1555887;Cabotagem;2;Carga Conteinerizada;Conteinerizada;3,8;Desembarcados;BRSC011;BRSSZ
1555887;Cabotagem;2;Carga Conteinerizada;Conteinerizada;3,8;Desembarcados;BRSC011;BRSSZ
1555887;Cabotagem;2;Carga Conteinerizada;Conteinerizada;3,8;Desembarcados;BRSC011;BRSSZ
1555887;Cabotagem;2;Carga Conteinerizada;Conteinerizada;3,8;Desembarcados;BRSC011;BRSSZ
1555887;Cabotagem;2;Carga Conteinerizada;Conteinerizada;3,8;Desembarcados;BRSC011;BRSSZ
1555887;Cabotagem;2;Carga Conteinerizada;Conteinerizada;3,8;Desembarcados;BRSC011;BRSSZ
1555887;Cabotagem;2;Carga Conteinerizada;Conteinerizada;3,8;Desembarcados;BRSC011;BRSSZ
1555887;Cabotagem;2;Carga Conteinerizada;Conteinerizada;3,8;Desembarcados;BRSC011;BRSSZ
1555887;Cabotagem;2;Carga Conteinerizada;Conteinerizada;3,8;Desembarcados;BRSC011;BRSSZ
1555887;Cabotagem;2;Carga Conteinerizada;Conteinerizada;3,8;Desembarcados;BRSC011;BRSSZ
1555887;Cabotagem;2;Carga Conteinerizada;Conteinerizada;3,8;Desembarcados;BRSC011;BRSSZ
1555887;Cabotagem;2;Carga Conteinerizada;Conteinerizada;3,8;Desembarcados;BRSC011;BRSSZ
1555887;Cabotagem;2;Carga Conteinerizada;Conteinerizada;3,8;Desembarcados;BRSC011;BRSSZ
1555887;Cabotagem;2;Carga Conteinerizada;Conteinerizada;3,8;Desembarcados;BRSC011;BRSSZ
1555887;Cabotagem;2;Carga Conteinerizada;Conteinerizada;3,8;Desembarcados;BRSC011;BRSSZ
1555887;Cabotagem;2;Carga Conteinerizada;Conteinerizada;3,8;Desembarcados;BRSC011;BRSSZ
1555887;Cabotagem;2;Carga Conteinerizada;Conteinerizada;3,8;Desembarcados;BRSC011;BRSSZ
1555887;Cabotagem;2;Carga Conteinerizada;Conteinerizada;3,8;Desembarcados;BRSC011;BRSSZ
1555887;Cabotagem;2;Carga Conteinerizada;Conteinerizada;3,8;Desembarcados;BRSC011;BRSSZ
1555887;Cabotagem;2;Carga Conteinerizada;Conteinerizada;3,8;Desembarcados;BRSC011;BRSSZ
1555887;Cabotagem;2;Carga Conteinerizada;Conteinerizada;3,8;Desembarcados;BRSC011;BRSSZ
1555887;Cabotagem;2;Carga Conteinerizada;Conteinerizada;3,8;Desembarcados;BRSC011;BRSSZ
1555887;Cabotagem;2;Carga Conteinerizada;Conteinerizada;3,8;Desembarcados;BRSC011;BRSSZ
1555887;Cabotagem;2;Carga Conteinerizada;Conteinerizada;3,8;Desembarcados;BRSC011;BRSSZ
1555887;Cabotagem;2;Carga Conteinerizada;Conteinerizada;3,8;Desembarcados;BRSC011;BRSSZ
1555887;Cabotagem;2;Carga Conteinerizada;Conteinerizada;3,8;Desembarcados;BRSC011;BRSSZ
1555887;Cabotagem;2;Carga Conteinerizada;Conteinerizada;3,8;Desembarcados;BRSC011;BRSSZ
1555887;Cabotagem;2;Carga Conteinerizada;Conteinerizada;3,8;Desembarcados;BRSC011;BRSSZ
1555887;Cabotagem;2;Carga Conteinerizada;Conteinerizada;3,8;Desembarcados;BRSC011;BRSSZ
1555887;Cabotagem;2;Carga Conteinerizada;Conteinerizada;3,8;Desembarcados;BRSC011;BRSSZ
1555887;Cabotagem;2;Carga Conteinerizada;Conteinerizada;3,8;Desembarcados;BRSC011;BRSSZ
1555887;Cabotagem;2;Carga Conteinerizada;Conteinerizada;3,8;Desembarcados;BRSC011;BRSSZ
1555887;Cabotagem;2;Carga Conteinerizada;Conteinerizada;3,8;Desembarcados;BRSC011;BRSSZ
1555887;Cabotagem;2;Carga Conteinerizada;Conteinerizada;3,8;Desembarcados;BRSC011;BRSSZ
1555887;Cabotagem;2;Carga Conteinerizada;Conteinerizada;3,8;Desembarcados;BRSC011;BRSSZ
1555887;Cabotagem;2;Carga Conteinerizada;Conteinerizada;3,8;Desembarcados;BRSC011;BRSSZ
1555887;Cabotagem;2;Carga Conteinerizada;Conteinerizada;3,8;Desembarcados;BRSC011;BRSSZ
1555887;Cabotagem;2;Carga Conteinerizada;Conteinerizada;3,8;Desembarcados;BRSC011;BRSSZ
1555887;Cabotagem;2;Carga Conteinerizada;Conteinerizada;3,8;Desembarcados;BRSC011;BRSSZ
1555887;Cabotagem;2;Carga Conteinerizada;Conteinerizada;3,8;Desembarcados;BRSC011;BRSSZ
1555887;Cabotagem;2;Carga Conteinerizada;Conteinerizada;3,8;Desembarcados;BRSC011;BRSSZ
1555887;Cabotagem;2;Carga Conteinerizada;Conteinerizada;3,8;Desembarcados;BRSC011;BRSSZ
1555887;Cabotagem;2;Carga Conteinerizada;Conteinerizada;3,8;Desembarcados;BRSC011;BRSSZ
1555887;Cabotagem;2;Carga Conteinerizada;Conteinerizada;3,8;Desembarcados;BRSC011;BRSSZ
1555887;Cabotagem;2;Carga Conteinerizada;Conteinerizada;3,8;Desembarcados;BRSC011;BRSSZ
1555887;Cabotagem;2;Carga Conteinerizada;Conteinerizada;3,8;Desembarcados;BRSC011;BRSSZ
1555887;Cabotagem;2;Carga Conteinerizada;Conteinerizada;3,8;Desembarcados;BRSC011;BRSSZ
1555887;Cabotagem;2;Carga Conteinerizada;Conteinerizada;3,8;Desembarcados;BRSC011;BRSSZ
1555887;Cabotagem;2;Carga Conteinerizada;Conteinerizada;3,8;Desembarcados;BRSC011;BRSSZ
1555887;Cabotagem;2;Carga Conteinerizada;Conteinerizada;3,8;Desembarcados;BRSC011;BRSSZ
1555887;Cabotagem;2;Carga Conteinerizada;Conteinerizada;3,8;Desembarcados;BRSC011;BRSSZ
1555887;Cabotagem;2;Carga Conteinerizada;Conteinerizada;3,8;Desembarcados;BRSC011;BRSSZ
1555887;Cabotagem;2;Carga Conteinerizada;Conteinerizada;3,8;Desembarcados;BRSC011;BRSSZ
1555887;Cabotagem;2;Carga Conteinerizada;Conteinerizada;3,8;Desembarcados;BRSC011;BRSSZ
1555887;Cabotagem;2;Carga Conteinerizada;Conteinerizada;3,8;Desembarcados;BRSC011;BRSSZ
1555887;Cabotagem;2;Carga Conteinerizada;Conteinerizada;3,8;Desembarcados;BRSC011;BRSSZ
1555887;Cabotagem;2;Carga Conteinerizada;Conteinerizada;3,8;Desembarcados;BRSC011;BRSSZ
1555887;Cabotagem;2;Carga Conteinerizada;Conteinerizada;3,8;Desembarcados;BRSC011;BRSSZ
1555887;Cabotagem;2;Carga Conteinerizada;Conteinerizada;3,8;Desembarcados;BRSC011;BRSSZ
1555887;Cabotagem;2;Carga Conteinerizada;Conteinerizada;3,8;Desembarcados;BRSC011;BRSSZ
1555887;Cabotagem;2;Carga Conteinerizada;Conteinerizada;3,8;Desembarcados;BRSC011;BRSSZ
1555887;Cabotagem;2;Carga Conteinerizada;Conteinerizada;3,8;Desembarcados;BRSC011;BRSSZ
1555887;Cabotagem;2;Carga Conteinerizada;Conteinerizada;3,8;Desembarcados;BRSC011;BRSSZ
1555887;Cabotagem;2;Carga Conteinerizada;Conteinerizada;3,8;Desembarcados;BRSC011;BRSSZ
1555887;Cabotagem;2;Carga Conteinerizada;Conteinerizada;3,8;Desembarcados;BRSC011;BRSSZ
1555887;Cabotagem;2;Carga Conteinerizada;Conteinerizada;3,8;Desembarcados;BRSC011;BRSSZ
1555887;Cabotagem;2;Carga Conteinerizada;Conteinerizada;3,8;Desembarcados;BRSC011;BRSSZ
1555887;Cabotagem;2;Carga Conteinerizada;Conteinerizada;3,8;Desembarcados;BRSC011;BRSSZ
1555887;Cabotagem;2;Carga Conteinerizada;Conteinerizada;3,8;Desembarcados;BRSC011;BRSSZ
1555887;Cabotagem;2;Carga Conteinerizada;Conteinerizada;3,8;Desembarcados;BRSC011;BRSSZ
1555887;Cabotagem;2;Carga Conteinerizada;Conteinerizada;3,8;Desembarcados;BRSC011;BRSSZ
1555887;Cabotagem;2;Carga Conteinerizada;Conteinerizada;3,8;Desembarcados;BRSC011;BRSSZ
1555887;Cabotagem;2;Carga Conteinerizada;Conteinerizada;3,8;Desembarcados;BRSC011;BRSSZ
1555887;Cabotagem;2;Carga Conteinerizada;Conteinerizada;3,8;Desembarcados;BRSC011;BRSSZ
1555887;Cabotagem;2;Carga Conteinerizada;Conteinerizada;3,8;Desembarcados;BRSC011;BRSSZ
1555887;Cabotagem;2;Carga Conteinerizada;Conteinerizada;3,8;Desembarcados;BRSC011;BRSSZ
1555887;Cabotagem;2;Carga Conteinerizada;Conteinerizada;3,8;Desembarcados;BRSC011;BRSSZ
1555887;Cabotagem;2;Carga Conteinerizada;Conteinerizada;3,8;Desembarcados;BRSC011;BRSSZ
1555887;Cabotagem;2;Carga Conteinerizada;Conteinerizada;3,8;Desembarcados;BRSC011;BRSSZ
1555887;Cabotagem;2;Carga Conteinerizada;Conteinerizada;3,8;Desembarcados;BRSC011;BRSSZ
1555887;Cabotagem;2;Carga Conteinerizada;Conteinerizada;3,8;Desembarcados;BRSC011;BRSSZ
1555887;Cabotagem;2;Carga Conteinerizada;Conteinerizada;3,8;Desembarcados;BRSC011;BRSSZ
1555887;Cabotagem;2;Carga Conteinerizada;Conteinerizada;3,8;Desembarcados;BRSC011;BRSSZ
1555887;Cabotagem;2;Carga Conteinerizada;Conteinerizada;3,8;Desembarcados;BRSC011;BRSSZ
1555887;Cabotagem;2;Carga Conteinerizada;Conteinerizada;3,8;Desembarcados;BRSC011;BRSSZ
1555887;Cabotagem;2;Carga Conteinerizada;Conteinerizada;3,8;Desembarcados;BRSC011;BRSSZ
1555887;Cabotagem;2;Carga Conteinerizada;Conteinerizada;3,8;Desembarcados;BRSC011;BRSSZ
1555887;Cabotagem;2;Carga Conteinerizada;Conteinerizada;3,8;Desembarcados;BRSC011;BRSSZ
1555887;Cabotagem;2;Carga Conteinerizada;Conteinerizada;3,8;Desembarcados;BRSC011;BRSSZ
1555887;Cabotagem;2;Carga Conteinerizada;Conteinerizada;3,8;Desembarcados;BRSC011;BRSSZ
1555887;Cabotagem;2;Carga Conteinerizada;Conteinerizada;3,8;Desembarcados;BRSC011;BRSSZ
1555887;Cabotagem;2;Carga Conteinerizada;Conteinerizada;3,8;Desembarcados;BRSC011;BRSSZ
1555887;Cabotagem;2;Carga Conteinerizada;Conteinerizada;3,8;Desembarcados;BRSC011;BRSSZ
1555887;Cabotagem;2;Carga Conteinerizada;Conteinerizada;3,8;Desembarcados;BRSC011;BRSSZ
1555887;Cabotagem;2;Carga Conteinerizada;Conteinerizada;3,8;Desembarcados;BRSC011;BRSSZ
1555887;Cabotagem;2;Carga Conteinerizada;Conteinerizada;3,8;Desembarcados;BRSC011;BRSSZ
1555887;Cabotagem;2;Carga Conteinerizada;Conteinerizada;3,8;Desembarcados;BRSC011;BRSSZ
1555887;Cabotagem;2;Carga Conteinerizada;Conteinerizada;3,8;Desembarcados;BRSC011;BRSSZ
1555887;Cabotagem;2;Carga Conteinerizada;Conteinerizada;3,8;Desembarcados;BRSC011;BRSSZ
1555887;Cabotagem;2;Carga Conteinerizada;Conteinerizada;3,8;Desembarcados;BRSC011;BRSSZ
1555887;Cabotagem;2;Carga Conteinerizada;Conteinerizada;3,8;Desembarcados;BRSC011;BRSSZ
1555887;Cabotagem;2;Carga Conteinerizada;Conteinerizada;3,8;Desembarcados;BRSC011;BRSSZ
1555887;Cabotagem;2;Carga Conteinerizada;Conteinerizada;3,8;Desembarcados;BRSC011;BRSSZ
1555887;Cabotagem;2;Carga Conteinerizada;Conteinerizada;3,8;Desembarcados;BRSC011;BRSSZ
1555887;Cabotagem;2;Carga Conteinerizada;Conteinerizada;3,8;Desembarcados;BRSC011;BRSSZ
1555887;Cabotagem;2;Carga Conteinerizada;Conteinerizada;3,8;Desembarcados;BRSC011;BRSSZ
1555887;Cabotagem;2;Carga Conteinerizada;Conteinerizada;3,8;Desembarcados;BRSC011;BRSSZ
1555887;Cabotagem;2;Carga Conteinerizada;Conteinerizada;3,8;Desembarcados;BRSC011;BRSSZ
1555887;Cabotagem;2;Carga Conteinerizada;Conteinerizada;3,8;Desembarcados;BRSC011;BRSSZ
1555887;Cabotagem;2;Carga Conteinerizada;Conteinerizada;3,8;Desembarcados;BRSC011;BRSSZ
1555887;Cabotagem;2;Carga Conteinerizada;Conteinerizada;3,8;Desembarcados;BRSC011;BRSSZ
1555887;Cabotagem;1;Carga Conteinerizada;Conteinerizada;2,2;Desembarcados;BRCE001;BRSSZ
1555887;Cabotagem;1;Carga Conteinerizada;Conteinerizada;2,2;Desembarcados;BRCE001;BRSSZ
1555887;Cabotagem;1;Carga Conteinerizada;Conteinerizada;2,2;Desembarcados;BRCE001;BRSSZ
1555887;Cabotagem;1;Carga Conteinerizada;Conteinerizada;2,2;Desembarcados;BRCE001;BRSSZ
1555887;Cabotagem;1;Carga Conteinerizada;Conteinerizada;2,2;Desembarcados;BRCE001;BRSSZ
1555887;Cabotagem;1;Carga Conteinerizada;Conteinerizada;2,2;Desembarcados;BRCE001;BRSSZ
1555887;Cabotagem;1;Carga Conteinerizada;Conteinerizada;2,2;Desembarcados;BRCE001;BRSSZ
1555887;Cabotagem;1;Carga Conteinerizada;Conteinerizada;2,2;Desembarcados;BRCE001;BRSSZ
1555887;Cabotagem;1;Carga Conteinerizada;Conteinerizada;2,2;Desembarcados;BRCE001;BRSSZ
1555887;Cabotagem;1;Carga Conteinerizada;Conteinerizada;2,2;Desembarcados;BRCE001;BRSSZ
1555887;Cabotagem;1;Carga Conteinerizada;Conteinerizada;2,2;Desembarcados;BRCE001;BRSSZ
1555887;Cabotagem;1;Carga Conteinerizada;Conteinerizada;2,2;Desembarcados;BRCE001;BRSSZ
1555887;Cabotagem;1;Carga Conteinerizada;Conteinerizada;2,2;Desembarcados;BRCE001;BRSSZ
1555887;Cabotagem;1;Carga Conteinerizada;Conteinerizada;2,2;Desembarcados;BRCE001;BRSSZ
1555887;Cabotagem;1;Carga Conteinerizada;Conteinerizada;2,2;Desembarcados;BRCE001;BRSSZ
1555887;Cabotagem;1;Carga Conteinerizada;Conteinerizada;2,2;Desembarcados;BRCE001;BRSSZ
1555887;Cabotagem;1;Carga Conteinerizada;Conteinerizada;2,2;Desembarcados;BRCE001;BRSSZ
1555887;Cabotagem;1;Carga Conteinerizada;Conteinerizada;2,2;Desembarcados;BRCE001;BRSSZ
1555887;Cabotagem;1;Carga Conteinerizada;Conteinerizada;2,2;Desembarcados;BRCE001;BRSSZ
1555887;Cabotagem;1;Carga Conteinerizada;Conteinerizada;2,2;Desembarcados;BRCE001;BRSSZ
1555887;Cabotagem;1;Carga Conteinerizada;Conteinerizada;2,2;Desembarcados;BRCE001;BRSSZ
1555887;Cabotagem;1;Carga Conteinerizada;Conteinerizada;2,2;Desembarcados;BRCE001;BRSSZ
1555887;Cabotagem;1;Carga Conteinerizada;Conteinerizada;2,2;Desembarcados;BRCE001;BRSSZ
1555887;Cabotagem;1;Carga Conteinerizada;Conteinerizada;2,2;Desembarcados;BRCE001;BRSSZ
1555887;Cabotagem;1;Carga Conteinerizada;Conteinerizada;2,2;Desembarcados;BRCE001;BRSSZ
1555887;Cabotagem;1;Carga Conteinerizada;Conteinerizada;2,2;Desembarcados;BRCE001;BRSSZ
1555887;Cabotagem;1;Carga Conteinerizada;Conteinerizada;2,2;Desembarcados;BRCE001;BRSSZ
1555887;Cabotagem;1;Carga Conteinerizada;Conteinerizada;2,2;Desembarcados;BRCE001;BRSSZ
1555887;Cabotagem;1;Carga Conteinerizada;Conteinerizada;2,2;Desembarcados;BRCE001;BRSSZ
1555887;Cabotagem;1;Carga Conteinerizada;Conteinerizada;2,2;Desembarcados;BRCE001;BRSSZ
1555887;Cabotagem;1;Carga Conteinerizada;Conteinerizada;2,2;Desembarcados;BRCE001;BRSSZ
1555887;Cabotagem;1;Carga Conteinerizada;Conteinerizada;2,2;Desembarcados;BRCE001;BRSSZ
1555887;Cabotagem;1;Carga Conteinerizada;Conteinerizada;2,2;Desembarcados;BRCE001;BRSSZ
1555887;Cabotagem;1;Carga Conteinerizada;Conteinerizada;2,2;Desembarcados;BRCE001;BRSSZ
1555887;Cabotagem;1;Carga Conteinerizada;Conteinerizada;2,2;Desembarcados;BRCE001;BRSSZ
1555887;Cabotagem;1;Carga Conteinerizada;Conteinerizada;2,2;Desembarcados;BRCE001;BRSSZ
1555887;Cabotagem;1;Carga Conteinerizada;Conteinerizada;2,2;Desembarcados;BRCE001;BRSSZ
1555887;Cabotagem;1;Carga Conteinerizada;Conteinerizada;2,2;Desembarcados;BRCE001;BRSSZ
1555887;Cabotagem;1;Carga Conteinerizada;Conteinerizada;2,2;Desembarcados;BRCE001;BRSSZ
1555887;Cabotagem;1;Carga Conteinerizada;Conteinerizada;2,2;Desembarcados;BRCE001;BRSSZ
1555887;Cabotagem;2;Carga Conteinerizada;Conteinerizada;3,8;Desembarcados;BRCE001;BRSSZ
1555887;Cabotagem;2;Carga Conteinerizada;Conteinerizada;3,8;Desembarcados;BRCE001;BRSSZ
1555887;Cabotagem;2;Carga Conteinerizada;Conteinerizada;3,8;Desembarcados;BRCE001;BRSSZ
1555887;Cabotagem;2;Carga Conteinerizada;Conteinerizada;3,8;Desembarcados;BRCE001;BRSSZ
1555887;Cabotagem;2;Carga Conteinerizada;Conteinerizada;3,8;Desembarcados;BRCE001;BRSSZ
1555887;Cabotagem;2;Carga Conteinerizada;Conteinerizada;3,8;Desembarcados;BRCE001;BRSSZ
1555887;Cabotagem;2;Carga Conteinerizada;Conteinerizada;3,8;Desembarcados;BRCE001;BRSSZ
1555887;Cabotagem;2;Carga Conteinerizada;Conteinerizada;3,8;Desembarcados;BRCE001;BRSSZ
1555887;Cabotagem;2;Carga Conteinerizada;Conteinerizada;3,8;Desembarcados;BRCE001;BRSSZ
1555887;Cabotagem;2;Carga Conteinerizada;Conteinerizada;3,8;Desembarcados;BRCE001;BRSSZ
1555887;Cabotagem;2;Carga Conteinerizada;Conteinerizada;3,8;Desembarcados;BRCE001;BRSSZ
1555887;Cabotagem;2;Carga Conteinerizada;Conteinerizada;3,8;Desembarcados;BRCE001;BRSSZ
1555887;Cabotagem;2;Carga Conteinerizada;Conteinerizada;3,8;Desembarcados;BRCE001;BRSSZ
1555887;Cabotagem;2;Carga Conteinerizada;Conteinerizada;3,8;Desembarcados;BRCE001;BRSSZ
1555887;Cabotagem;2;Carga Conteinerizada;Conteinerizada;3,8;Desembarcados;BRCE001;BRSSZ
1555887;Cabotagem;2;Carga Conteinerizada;Conteinerizada;3,8;Desembarcados;BRCE001;BRSSZ
1555887;Cabotagem;2;Carga Conteinerizada;Conteinerizada;3,8;Desembarcados;BRCE001;BRSSZ
1555887;Cabotagem;2;Carga Conteinerizada;Conteinerizada;3,8;Desembarcados;BRCE001;BRSSZ
1555887;Cabotagem;2;Carga Conteinerizada;Conteinerizada;3,8;Desembarcados;BRCE001;BRSSZ
1555887;Cabotagem;2;Carga Conteinerizada;Conteinerizada;3,8;Desembarcados;BRCE001;BRSSZ
1555887;Cabotagem;2;Carga Conteinerizada;Conteinerizada;3,8;Desembarcados;BRCE001;BRSSZ
1555887;Cabotagem;2;Carga Conteinerizada;Conteinerizada;3,8;Desembarcados;BRCE001;BRSSZ
1555887;Cabotagem;2;Carga Conteinerizada;Conteinerizada;3,8;Desembarcados;BRCE001;BRSSZ
1555887;Cabotagem;2;Carga Conteinerizada;Conteinerizada;3,8;Desembarcados;BRCE001;BRSSZ
1555887;Cabotagem;2;Carga Conteinerizada;Conteinerizada;3,8;Desembarcados;BRCE001;BRSSZ
1555887;Cabotagem;2;Carga Conteinerizada;Conteinerizada;3,8;Desembarcados;BRCE001;BRSSZ
1555887;Cabotagem;2;Carga Conteinerizada;Conteinerizada;3,8;Desembarcados;BRCE001;BRSSZ
1555887;Cabotagem;2;Carga Conteinerizada;Conteinerizada;3,8;Desembarcados;BRCE001;BRSSZ
1555887;Cabotagem;2;Carga Conteinerizada;Conteinerizada;3,8;Desembarcados;BRCE001;BRSSZ
1555887;Cabotagem;2;Carga Conteinerizada;Conteinerizada;3,8;Desembarcados;BRCE001;BRSSZ
1555887;Cabotagem;2;Carga Conteinerizada;Conteinerizada;3,8;Desembarcados;BRCE001;BRSSZ
1555887;Cabotagem;2;Carga Conteinerizada;Conteinerizada;3,8;Desembarcados;BRCE001;BRSSZ
1555887;Cabotagem;2;Carga Conteinerizada;Conteinerizada;3,8;Desembarcados;BRCE001;BRSSZ
1555887;Cabotagem;2;Carga Conteinerizada;Conteinerizada;3,8;Desembarcados;BRCE001;BRSSZ
1555887;Cabotagem;2;Carga Conteinerizada;Conteinerizada;3,8;Desembarcados;BRCE001;BRSSZ
1555887;Cabotagem;2;Carga Conteinerizada;Conteinerizada;3,8;Desembarcados;BRCE001;BRSSZ
1555887;Cabotagem;2;Carga Conteinerizada;Conteinerizada;3,8;Desembarcados;BRCE001;BRSSZ
1555887;Cabotagem;2;Carga Conteinerizada;Conteinerizada;3,8;Desembarcados;BRCE001;BRSSZ
1555887;Cabotagem;2;Carga Conteinerizada;Conteinerizada;3,8;Desembarcados;BRCE001;BRSSZ
1555887;Cabotagem;2;Carga Conteinerizada;Conteinerizada;3,8;Desembarcados;BRCE001;BRSSZ
1555887;Cabotagem;2;Carga Conteinerizada;Conteinerizada;3,8;Desembarcados;BRCE001;BRSSZ
1555887;Cabotagem;2;Carga Conteinerizada;Conteinerizada;3,8;Desembarcados;BRCE001;BRSSZ
1555887;Cabotagem;2;Carga Conteinerizada;Conteinerizada;3,8;Desembarcados;BRCE001;BRSSZ
1555887;Cabotagem;2;Carga Conteinerizada;Conteinerizada;3,8;Desembarcados;BRCE001;BRSSZ
1555887;Cabotagem;2;Carga Conteinerizada;Conteinerizada;3,8;Desembarcados;BRCE001;BRSSZ
1555887;Cabotagem;2;Carga Conteinerizada;Conteinerizada;3,8;Desembarcados;BRCE001;BRSSZ
1555887;Cabotagem;2;Carga Conteinerizada;Conteinerizada;3,8;Desembarcados;BRCE001;BRSSZ
1555887;Cabotagem;2;Carga Conteinerizada;Conteinerizada;3,8;Desembarcados;BRCE001;BRSSZ
1555887;Cabotagem;2;Carga Conteinerizada;Conteinerizada;3,8;Desembarcados;BRCE001;BRSSZ
1555887;Cabotagem;2;Carga Conteinerizada;Conteinerizada;3,8;Desembarcados;BRCE001;BRSSZ
1555887;Cabotagem;2;Carga Conteinerizada;Conteinerizada;3,8;Desembarcados;BRCE001;BRSSZ
1555887;Cabotagem;2;Carga Conteinerizada;Conteinerizada;3,8;Desembarcados;BRCE001;BRSSZ
1555887;Cabotagem;2;Carga Conteinerizada;Conteinerizada;3,8;Desembarcados;BRCE001;BRSSZ
1555887;Cabotagem;2;Carga Conteinerizada;Conteinerizada;3,8;Desembarcados;BRCE001;BRSSZ
1555887;Cabotagem;2;Carga Conteinerizada;Conteinerizada;3,8;Desembarcados;BRCE001;BRSSZ
1555887;Cabotagem;2;Carga Conteinerizada;Conteinerizada;3,8;Desembarcados;BRCE001;BRSSZ
1555887;Cabotagem;2;Carga Conteinerizada;Conteinerizada;3,8;Desembarcados;BRCE001;BRSSZ
1555887;Cabotagem;2;Carga Conteinerizada;Conteinerizada;3,8;Desembarcados;BRCE001;BRSSZ
1555887;Cabotagem;2;Carga Conteinerizada;Conteinerizada;3,8;Desembarcados;BRCE001;BRSSZ
1555887;Cabotagem;2;Carga Conteinerizada;Conteinerizada;3,8;Desembarcados;BRCE001;BRSSZ
1555887;Cabotagem;2;Carga Conteinerizada;Conteinerizada;3,8;Desembarcados;BRCE001;BRSSZ
1555887;Cabotagem;2;Carga Conteinerizada;Conteinerizada;3,8;Desembarcados;BRCE001;BRSSZ
1555887;Cabotagem;2;Carga Conteinerizada;Conteinerizada;3,8;Desembarcados;BRCE001;BRSSZ
1555887;Cabotagem;2;Carga Conteinerizada;Conteinerizada;3,8;Desembarcados;BRCE001;BRSSZ
1555887;Cabotagem;2;Carga Conteinerizada;Conteinerizada;3,8;Desembarcados;BRCE001;BRSSZ
1555887;Cabotagem;2;Carga Conteinerizada;Conteinerizada;3,8;Desembarcados;BRCE001;BRSSZ
1555887;Cabotagem;2;Carga Conteinerizada;Conteinerizada;3,8;Desembarcados;BRCE001;BRSSZ
1555887;Cabotagem;2;Carga Conteinerizada;Conteinerizada;3,8;Desembarcados;BRCE001;BRSSZ
1555887;Cabotagem;2;Carga Conteinerizada;Conteinerizada;3,8;Desembarcados;BRCE001;BRSSZ
1555887;Cabotagem;2;Carga Conteinerizada;Conteinerizada;3,8;Desembarcados;BRCE001;BRSSZ
1555887;Cabotagem;2;Carga Conteinerizada;Conteinerizada;3,8;Desembarcados;BRCE001;BRSSZ
1555887;Cabotagem;2;Carga Conteinerizada;Conteinerizada;3,8;Desembarcados;BRCE001;BRSSZ
1555887;Cabotagem;2;Carga Conteinerizada;Conteinerizada;3,8;Desembarcados;BRCE001;BRSSZ
1555887;Cabotagem;2;Carga Conteinerizada;Conteinerizada;3,8;Desembarcados;BRCE001;BRSSZ
1555887;Cabotagem;2;Carga Conteinerizada;Conteinerizada;3,8;Desembarcados;BRCE001;BRSSZ
1555887;Cabotagem;2;Carga Conteinerizada;Conteinerizada;3,8;Desembarcados;BRCE001;BRSSZ
1555887;Cabotagem;2;Carga Conteinerizada;Conteinerizada;3,8;Desembarcados;BRCE001;BRSSZ
1555887;Cabotagem;2;Carga Conteinerizada;Conteinerizada;3,8;Desembarcados;BRCE001;BRSSZ
1555887;Cabotagem;2;Carga Conteinerizada;Conteinerizada;3,8;Desembarcados;BRCE001;BRSSZ
1555887;Cabotagem;2;Carga Conteinerizada;Conteinerizada;3,8;Desembarcados;BRCE001;BRSSZ
1555887;Cabotagem;2;Carga Conteinerizada;Conteinerizada;3,8;Desembarcados;BRCE001;BRSSZ
1555887;Cabotagem;2;Carga Conteinerizada;Conteinerizada;3,8;Desembarcados;BRCE001;BRSSZ
1555887;Cabotagem;2;Carga Conteinerizada;Conteinerizada;3,8;Desembarcados;BRCE001;BRSSZ
1555887;Cabotagem;2;Carga Conteinerizada;Conteinerizada;3,8;Desembarcados;BRCE001;BRSSZ
1555887;Cabotagem;2;Carga Conteinerizada;Conteinerizada;3,8;Desembarcados;BRCE001;BRSSZ
1555887;Cabotagem;2;Carga Conteinerizada;Conteinerizada;3,8;Desembarcados;BRCE001;BRSSZ
1555887;Cabotagem;2;Carga Conteinerizada;Conteinerizada;3,8;Desembarcados;BRCE001;BRSSZ
1555887;Cabotagem;2;Carga Conteinerizada;Conteinerizada;3,8;Desembarcados;BRCE001;BRSSZ
1555887;Cabotagem;2;Carga Conteinerizada;Conteinerizada;3,8;Desembarcados;BRCE001;BRSSZ
1555887;Cabotagem;2;Carga Conteinerizada;Conteinerizada;3,8;Desembarcados;BRCE001;BRSSZ
1555887;Cabotagem;2;Carga Conteinerizada;Conteinerizada;3,8;Desembarcados;BRCE001;BRSSZ
1555887;Cabotagem;2;Carga Conteinerizada;Conteinerizada;3,8;Desembarcados;BRCE001;BRSSZ
1555887;Cabotagem;2;Carga Conteinerizada;Conteinerizada;3,8;Desembarcados;BRCE001;BRSSZ
1555887;Cabotagem;2;Carga Conteinerizada;Conteinerizada;3,8;Desembarcados;BRCE001;BRSSZ
1555887;Cabotagem;2;Carga Conteinerizada;Conteinerizada;3,8;Desembarcados;BRCE001;BRSSZ
1555887;Cabotagem;2;Carga Conteinerizada;Conteinerizada;3,8;Desembarcados;BRCE001;BRSSZ
1555887;Cabotagem;2;Carga Conteinerizada;Conteinerizada;3,8;Desembarcados;BRCE001;BRSSZ
1555887;Cabotagem;2;Carga Conteinerizada;Conteinerizada;3,8;Desembarcados;BRCE001;BRSSZ
1555887;Cabotagem;2;Carga Conteinerizada;Conteinerizada;3,8;Desembarcados;BRCE001;BRSSZ
1555887;Cabotagem;2;Carga Conteinerizada;Conteinerizada;3,8;Desembarcados;BRCE001;BRSSZ
1555887;Cabotagem;2;Carga Conteinerizada;Conteinerizada;3,8;Desembarcados;BRCE001;BRSSZ
1555887;Cabotagem;2;Carga Conteinerizada;Conteinerizada;3,8;Desembarcados;BRCE001;BRSSZ
1555887;Cabotagem;2;Carga Conteinerizada;Conteinerizada;3,8;Desembarcados;BRCE001;BRSSZ
1555887;Cabotagem;2;Carga Conteinerizada;Conteinerizada;3,8;Desembarcados;BRCE001;BRSSZ
1555887;Cabotagem;2;Carga Conteinerizada;Conteinerizada;3,8;Desembarcados;BRCE001;BRSSZ
1555887;Cabotagem;2;Carga Conteinerizada;Conteinerizada;3,8;Desembarcados;BRCE001;BRSSZ
1555887;Cabotagem;2;Carga Conteinerizada;Conteinerizada;3,8;Desembarcados;BRCE001;BRSSZ
1555887;Cabotagem;2;Carga Conteinerizada;Conteinerizada;3,8;Desembarcados;BRCE001;BRSSZ
1555887;Cabotagem;2;Carga Conteinerizada;Conteinerizada;3,8;Desembarcados;BRCE001;BRSSZ
1555887;Cabotagem;2;Carga Conteinerizada;Conteinerizada;3,8;Desembarcados;BRCE001;BRSSZ
1555887;Cabotagem;2;Carga Conteinerizada;Conteinerizada;3,8;Desembarcados;BRCE001;BRSSZ
1555887;Cabotagem;2;Carga Conteinerizada;Conteinerizada;3,8;Desembarcados;BRCE001;BRSSZ
1555887;Cabotagem;2;Carga Conteinerizada;Conteinerizada;3,8;Desembarcados;BRCE001;BRSSZ
1555887;Cabotagem;2;Carga Conteinerizada;Conteinerizada;3,8;Desembarcados;BRCE001;BRSSZ
1555887;Cabotagem;2;Carga Conteinerizada;Conteinerizada;3,8;Desembarcados;BRCE001;BRSSZ
1555887;Cabotagem;2;Carga Conteinerizada;Conteinerizada;3,8;Desembarcados;BRCE001;BRSSZ
1555887;Cabotagem;2;Carga Conteinerizada;Conteinerizada;3,8;Desembarcados;BRCE001;BRSSZ
1555887;Cabotagem;2;Carga Conteinerizada;Conteinerizada;3,8;Desembarcados;BRCE001;BRSSZ
1555887;Cabotagem;2;Carga Conteinerizada;Conteinerizada;3,8;Desembarcados;BRCE001;BRSSZ
1555887;Cabotagem;2;Carga Conteinerizada;Conteinerizada;3,8;Desembarcados;BRCE001;BRSSZ
1555887;Cabotagem;2;Carga Conteinerizada;Conteinerizada;3,8;Desembarcados;BRCE001;BRSSZ
1555887;Cabotagem;2;Carga Conteinerizada;Conteinerizada;3,8;Desembarcados;BRCE001;BRSSZ
1555887;Cabotagem;2;Carga Conteinerizada;Conteinerizada;3,8;Desembarcados;BRCE001;BRSSZ
1555887;Cabotagem;2;Carga Conteinerizada;Conteinerizada;3,8;Desembarcados;BRCE001;BRSSZ
1555887;Cabotagem;2;Carga Conteinerizada;Conteinerizada;3,8;Desembarcados;BRCE001;BRSSZ
1555887;Cabotagem;2;Carga Conteinerizada;Conteinerizada;3,8;Desembarcados;BRCE001;BRSSZ
1555887;Cabotagem;2;Carga Conteinerizada;Conteinerizada;3,8;Desembarcados;BRCE001;BRSSZ
1555887;Cabotagem;2;Carga Conteinerizada;Conteinerizada;3,8;Desembarcados;BRCE001;BRSSZ
1555887;Cabotagem;2;Carga Conteinerizada;Conteinerizada;3,8;Desembarcados;BRCE001;BRSSZ
1555887;Cabotagem;2;Carga Conteinerizada;Conteinerizada;3,8;Desembarcados;BRCE001;BRSSZ
1555887;Cabotagem;2;Carga Conteinerizada;Conteinerizada;3,8;Desembarcados;BRCE001;BRSSZ
1555887;Cabotagem;2;Carga Conteinerizada;Conteinerizada;3,8;Desembarcados;BRCE001;BRSSZ
1555887;Cabotagem;2;Carga Conteinerizada;Conteinerizada;3,8;Desembarcados;BRCE001;BRSSZ
1555887;Cabotagem;2;Carga Conteinerizada;Conteinerizada;3,8;Desembarcados;BRCE001;BRSSZ
1555887;Cabotagem;2;Carga Conteinerizada;Conteinerizada;3,8;Desembarcados;BRCE001;BRSSZ
1555887;Cabotagem;2;Carga Conteinerizada;Conteinerizada;3,8;Desembarcados;BRCE001;BRSSZ
1555887;Cabotagem;2;Carga Conteinerizada;Conteinerizada;3,8;Desembarcados;BRCE001;BRSSZ
1555887;Cabotagem;2;Carga Conteinerizada;Conteinerizada;3,8;Desembarcados;BRCE001;BRSSZ
1555887;Cabotagem;2;Carga Conteinerizada;Conteinerizada;3,8;Desembarcados;BRCE001;BRSSZ
1555887;Cabotagem;2;Carga Conteinerizada;Conteinerizada;3,8;Desembarcados;BRCE001;BRSSZ
1555887;Cabotagem;2;Carga Conteinerizada;Conteinerizada;3,8;Desembarcados;BRCE001;BRSSZ
1555887;Cabotagem;2;Carga Conteinerizada;Conteinerizada;3,8;Desembarcados;BRCE001;BRSSZ
1555887;Cabotagem;2;Carga Conteinerizada;Conteinerizada;3,8;Desembarcados;BRCE001;BRSSZ
1555887;Cabotagem;2;Carga Conteinerizada;Conteinerizada;3,8;Desembarcados;BRCE001;BRSSZ
1555887;Cabotagem;2;Carga Conteinerizada;Conteinerizada;3,8;Desembarcados;BRCE001;BRSSZ
1555887;Cabotagem;2;Carga Conteinerizada;Conteinerizada;3,8;Desembarcados;BRCE001;BRSSZ
1555887;Cabotagem;2;Carga Conteinerizada;Conteinerizada;3,8;Desembarcados;BRCE001;BRSSZ
1555887;Cabotagem;2;Carga Conteinerizada;Conteinerizada;3,8;Desembarcados;BRCE001;BRSSZ
1555887;Cabotagem;2;Carga Conteinerizada;Conteinerizada;3,8;Desembarcados;BRCE001;BRSSZ
1555887;Cabotagem;2;Carga Conteinerizada;Conteinerizada;3,8;Desembarcados;BRCE001;BRSSZ
1555887;Cabotagem;2;Carga Conteinerizada;Conteinerizada;3,8;Desembarcados;BRCE001;BRSSZ
1555887;Cabotagem;2;Carga Conteinerizada;Conteinerizada;3,8;Desembarcados;BRCE001;BRSSZ
1555887;Cabotagem;2;Carga Conteinerizada;Conteinerizada;3,8;Desembarcados;BRCE001;BRSSZ
1555887;Cabotagem;2;Carga Conteinerizada;Conteinerizada;3,8;Desembarcados;BRCE001;BRSSZ
1555887;Cabotagem;2;Carga Conteinerizada;Conteinerizada;3,8;Desembarcados;BRCE001;BRSSZ
1555887;Cabotagem;2;Carga Conteinerizada;Conteinerizada;3,8;Desembarcados;BRCE001;BRSSZ
1555887;Cabotagem;2;Carga Conteinerizada;Conteinerizada;3,8;Desembarcados;BRCE001;BRSSZ
1555887;Cabotagem;2;Carga Conteinerizada;Conteinerizada;3,8;Desembarcados;BRCE001;BRSSZ
1555887;Cabotagem;2;Carga Conteinerizada;Conteinerizada;3,8;Desembarcados;BRCE001;BRSSZ
1555887;Cabotagem;2;Carga Conteinerizada;Conteinerizada;3,8;Desembarcados;BRCE001;BRSSZ
1555887;Cabotagem;2;Carga Conteinerizada;Conteinerizada;3,8;Desembarcados;BRCE001;BRSSZ
1555887;Cabotagem;2;Carga Conteinerizada;Conteinerizada;3,8;Desembarcados;BRCE001;BRSSZ
1555887;Cabotagem;2;Carga Conteinerizada;Conteinerizada;3,8;Desembarcados;BRCE001;BRSSZ
1555887;Cabotagem;2;Carga Conteinerizada;Conteinerizada;3,8;Desembarcados;BRCE001;BRSSZ
1555887;Cabotagem;2;Carga Conteinerizada;Conteinerizada;3,8;Desembarcados;BRCE001;BRSSZ
1555887;Cabotagem;2;Carga Conteinerizada;Conteinerizada;3,8;Desembarcados;BRCE001;BRSSZ
1555887;Cabotagem;2;Carga Conteinerizada;Conteinerizada;3,8;Desembarcados;BRCE001;BRSSZ
1555887;Cabotagem;2;Carga Conteinerizada;Conteinerizada;3,8;Desembarcados;BRCE001;BRSSZ
1555887;Cabotagem;2;Carga Conteinerizada;Conteinerizada;3,8;Desembarcados;BRCE001;BRSSZ
1555887;Cabotagem;2;Carga Conteinerizada;Conteinerizada;3,8;Desembarcados;BRCE001;BRSSZ
1555887;Cabotagem;2;Carga Conteinerizada;Conteinerizada;3,8;Desembarcados;BRCE001;BRSSZ
1555887;Cabotagem;2;Carga Conteinerizada;Conteinerizada;3,8;Desembarcados;BRCE001;BRSSZ
1555887;Cabotagem;2;Carga Conteinerizada;Conteinerizada;3,8;Desembarcados;BRCE001;BRSSZ
1555887;Cabotagem;2;Carga Conteinerizada;Conteinerizada;3,8;Desembarcados;BRCE001;BRSSZ
1555887;Cabotagem;2;Carga Conteinerizada;Conteinerizada;3,8;Desembarcados;BRCE001;BRSSZ
1555887;Cabotagem;2;Carga Conteinerizada;Conteinerizada;3,8;Desembarcados;BRCE001;BRSSZ
1555887;Cabotagem;2;Carga Conteinerizada;Conteinerizada;3,8;Desembarcados;BRCE001;BRSSZ
1555887;Cabotagem;2;Carga Conteinerizada;Conteinerizada;3,8;Desembarcados;BRCE001;BRSSZ
1555887;Cabotagem;2;Carga Conteinerizada;Conteinerizada;3,8;Desembarcados;BRCE001;BRSSZ
1555887;Cabotagem;2;Carga Conteinerizada;Conteinerizada;3,8;Desembarcados;BRCE001;BRSSZ
1555887;Cabotagem;2;Carga Conteinerizada;Conteinerizada;3,8;Desembarcados;BRCE001;BRSSZ
1555887;Cabotagem;2;Carga Conteinerizada;Conteinerizada;3,8;Desembarcados;BRCE001;BRSSZ
1555887;Cabotagem;2;Carga Conteinerizada;Conteinerizada;3,8;Desembarcados;BRCE001;BRSSZ
1555887;Cabotagem;2;Carga Conteinerizada;Conteinerizada;3,8;Desembarcados;BRCE001;BRSSZ
1555887;Cabotagem;2;Carga Conteinerizada;Conteinerizada;3,8;Desembarcados;BRCE001;BRSSZ
1555887;Cabotagem;2;Carga Conteinerizada;Conteinerizada;3,8;Desembarcados;BRCE001;BRSSZ
1555887;Cabotagem;2;Carga Conteinerizada;Conteinerizada;3,8;Desembarcados;BRCE001;BRSSZ
1555887;Cabotagem;2;Carga Conteinerizada;Conteinerizada;3,8;Desembarcados;BRCE001;BRSSZ
1555887;Cabotagem;2;Carga Conteinerizada;Conteinerizada;3,8;Desembarcados;BRCE001;BRSSZ
1555887;Cabotagem;2;Carga Conteinerizada;Conteinerizada;3,8;Desembarcados;BRCE001;BRSSZ
1555887;Cabotagem;2;Carga Conteinerizada;Conteinerizada;3,8;Desembarcados;BRCE001;BRSSZ
1555887;Cabotagem;2;Carga Conteinerizada;Conteinerizada;3,8;Desembarcados;BRCE001;BRSSZ
1555887;Cabotagem;2;Carga Conteinerizada;Conteinerizada;3,8;Desembarcados;BRCE001;BRSSZ
1555887;Cabotagem;2;Carga Conteinerizada;Conteinerizada;3,8;Desembarcados;BRCE001;BRSSZ
1555887;Cabotagem;2;Carga Conteinerizada;Conteinerizada;3,8;Desembarcados;BRCE001;BRSSZ
1555887;Cabotagem;2;Carga Conteinerizada;Conteinerizada;3,8;Desembarcados;BRCE001;BRSSZ
1555887;Cabotagem;2;Carga Conteinerizada;Conteinerizada;3,8;Desembarcados;BRCE001;BRSSZ
1555887;Cabotagem;2;Carga Conteinerizada;Conteinerizada;3,8;Desembarcados;BRCE001;BRSSZ
1555887;Cabotagem;2;Carga Conteinerizada;Conteinerizada;3,8;Desembarcados;BRCE001;BRSSZ
1555887;Cabotagem;2;Carga Conteinerizada;Conteinerizada;3,8;Desembarcados;BRCE001;BRSSZ
1555887;Cabotagem;2;Carga Conteinerizada;Conteinerizada;3,8;Desembarcados;BRCE001;BRSSZ
1555887;Cabotagem;2;Carga Conteinerizada;Conteinerizada;3,8;Desembarcados;BRCE001;BRSSZ
1555887;Cabotagem;2;Carga Conteinerizada;Conteinerizada;3,8;Desembarcados;BRCE001;BRSSZ
1555887;Cabotagem;2;Carga Conteinerizada;Conteinerizada;3,8;Desembarcados;BRCE001;BRSSZ
1555887;Cabotagem;2;Carga Conteinerizada;Conteinerizada;3,8;Desembarcados;BRCE001;BRSSZ
1555887;Cabotagem;2;Carga Conteinerizada;Conteinerizada;3,8;Desembarcados;BRCE001;BRSSZ
1555887;Cabotagem;2;Carga Conteinerizada;Conteinerizada;3,8;Desembarcados;BRCE001;BRSSZ
1555887;Cabotagem;2;Carga Conteinerizada;Conteinerizada;3,8;Desembarcados;BRCE001;BRSSZ
1555887;Cabotagem;2;Carga Conteinerizada;Conteinerizada;3,8;Desembarcados;BRCE001;BRSSZ
1555887;Cabotagem;2;Carga Conteinerizada;Conteinerizada;3,8;Desembarcados;BRCE001;BRSSZ
1555887;Cabotagem;2;Carga Conteinerizada;Conteinerizada;3,8;Desembarcados;BRCE001;BRSSZ
1555887;Cabotagem;2;Carga Conteinerizada;Conteinerizada;3,8;Desembarcados;BRCE001;BRSSZ
1555887;Cabotagem;2;Carga Conteinerizada;Conteinerizada;3,8;Desembarcados;BRCE001;BRSSZ
1555887;Cabotagem;2;Carga Conteinerizada;Conteinerizada;3,8;Desembarcados;BRCE001;BRSSZ
1555887;Cabotagem;2;Carga Conteinerizada;Conteinerizada;3,8;Desembarcados;BRCE001;BRSSZ
1555887;Cabotagem;2;Carga Conteinerizada;Conteinerizada;3,8;Desembarcados;BRCE001;BRSSZ
1555887;Cabotagem;2;Carga Conteinerizada;Conteinerizada;3,8;Desembarcados;BRCE001;BRSSZ
1555887;Cabotagem;2;Carga Conteinerizada;Conteinerizada;3,8;Desembarcados;BRCE001;BRSSZ
1555887;Cabotagem;2;Carga Conteinerizada;Conteinerizada;3,8;Desembarcados;BRCE001;BRSSZ
1555887;Cabotagem;2;Carga Conteinerizada;Conteinerizada;3,8;Desembarcados;BRCE001;BRSSZ
1555887;Cabotagem;2;Carga Conteinerizada;Conteinerizada;3,8;Desembarcados;BRCE001;BRSSZ
1555887;Cabotagem;2;Carga Conteinerizada;Conteinerizada;3,8;Desembarcados;BRCE001;BRSSZ
1555887;Cabotagem;2;Carga Conteinerizada;Conteinerizada;3,8;Desembarcados;BRCE001;BRSSZ
1555887;Cabotagem;2;Carga Conteinerizada;Conteinerizada;3,8;Desembarcados;BRCE001;BRSSZ
1555887;Cabotagem;2;Carga Conteinerizada;Conteinerizada;3,8;Desembarcados;BRCE001;BRSSZ
1555887;Cabotagem;2;Carga Conteinerizada;Conteinerizada;3,8;Desembarcados;BRCE001;BRSSZ
1555887;Cabotagem;2;Carga Conteinerizada;Conteinerizada;3,8;Desembarcados;BRCE001;BRSSZ
1555887;Cabotagem;2;Carga Conteinerizada;Conteinerizada;3,8;Desembarcados;BRCE001;BRSSZ
1555887;Cabotagem;2;Carga Conteinerizada;Conteinerizada;3,8;Desembarcados;BRCE001;BRSSZ
1555887;Cabotagem;2;Carga Conteinerizada;Conteinerizada;3,8;Desembarcados;BRCE001;BRSSZ
1555887;Cabotagem;2;Carga Conteinerizada;Conteinerizada;3,8;Desembarcados;BRCE001;BRSSZ
1555887;Cabotagem;2;Carga Conteinerizada;Conteinerizada;3,8;Desembarcados;BRCE001;BRSSZ
1555887;Cabotagem;2;Carga Conteinerizada;Conteinerizada;3,8;Desembarcados;BRCE001;BRSSZ
1555887;Cabotagem;2;Carga Conteinerizada;Conteinerizada;3,8;Desembarcados;BRCE001;BRSSZ
1555887;Cabotagem;2;Carga Conteinerizada;Conteinerizada;3,8;Desembarcados;BRCE001;BRSSZ
1555887;Cabotagem;2;Carga Conteinerizada;Conteinerizada;3,8;Desembarcados;BRCE001;BRSSZ
1555887;Cabotagem;2;Carga Conteinerizada;Conteinerizada;3,8;Desembarcados;BRCE001;BRSSZ
1555887;Cabotagem;2;Carga Conteinerizada;Conteinerizada;3,8;Desembarcados;BRCE001;BRSSZ
1555887;Cabotagem;2;Carga Conteinerizada;Conteinerizada;3,8;Desembarcados;BRCE001;BRSSZ
1555887;Cabotagem;2;Carga Conteinerizada;Conteinerizada;3,8;Desembarcados;BRCE001;BRSSZ
1555887;Cabotagem;1;Carga Conteinerizada;Conteinerizada;2,2;Desembarcados;BRSC011;BRSSZ
1555887;Cabotagem;1;Carga Conteinerizada;Conteinerizada;2,2;Desembarcados;BRSC011;BRSSZ
1555887;Cabotagem;1;Carga Conteinerizada;Conteinerizada;2,2;Desembarcados;BRSC011;BRSSZ
1555887;Cabotagem;1;Carga Conteinerizada;Conteinerizada;2,2;Desembarcados;BRSC011;BRSSZ
1555887;Cabotagem;1;Carga Conteinerizada;Conteinerizada;2,2;Desembarcados;BRSC011;BRSSZ
1555887;Cabotagem;1;Carga Conteinerizada;Conteinerizada;2,2;Desembarcados;BRSC011;BRSSZ
1555887;Cabotagem;1;Carga Conteinerizada;Conteinerizada;2,2;Desembarcados;BRSC011;BRSSZ
1555887;Cabotagem;1;Carga Conteinerizada;Conteinerizada;2,2;Desembarcados;BRSC011;BRSSZ
1555887;Cabotagem;1;Carga Conteinerizada;Conteinerizada;2,2;Desembarcados;BRSC011;BRSSZ
1555887;Cabotagem;1;Carga Conteinerizada;Conteinerizada;2,2;Desembarcados;BRSC011;BRSSZ
1555887;Cabotagem;1;Carga Conteinerizada;Conteinerizada;2,2;Desembarcados;BRSC011;BRSSZ
1555887;Cabotagem;1;Carga Conteinerizada;Conteinerizada;2,2;Desembarcados;BRSC011;BRSSZ
1555887;Cabotagem;1;Carga Conteinerizada;Conteinerizada;2,2;Desembarcados;BRSC011;BRSSZ
1555887;Cabotagem;1;Carga Conteinerizada;Conteinerizada;2,2;Desembarcados;BRSC011;BRSSZ
1555887;Cabotagem;1;Carga Conteinerizada;Conteinerizada;2,2;Desembarcados;BRSC011;BRSSZ
1555887;Cabotagem;1;Carga Conteinerizada;Conteinerizada;2,2;Desembarcados;BRSC011;BRSSZ
1555887;Cabotagem;1;Carga Conteinerizada;Conteinerizada;2,2;Desembarcados;BRSC011;BRSSZ
1555887;Cabotagem;1;Carga Conteinerizada;Conteinerizada;2,2;Desembarcados;BRSC011;BRSSZ
1555887;Cabotagem;1;Carga Conteinerizada;Conteinerizada;2,2;Desembarcados;BRSC011;BRSSZ
1555887;Cabotagem;1;Carga Conteinerizada;Conteinerizada;2,2;Desembarcados;BRSC011;BRSSZ
1555887;Cabotagem;1;Carga Conteinerizada;Conteinerizada;2,2;Desembarcados;BRSC011;BRSSZ
1555887;Cabotagem;1;Carga Conteinerizada;Conteinerizada;2,2;Desembarcados;BRSC011;BRSSZ
1555887;Cabotagem;1;Carga Conteinerizada;Conteinerizada;2,2;Desembarcados;BRSC011;BRSSZ
1555887;Cabotagem;1;Carga Conteinerizada;Conteinerizada;2,2;Desembarcados;BRSC011;BRSSZ
1555887;Cabotagem;1;Carga Conteinerizada;Conteinerizada;2,2;Desembarcados;BRSC011;BRSSZ
1555887;Cabotagem;1;Carga Conteinerizada;Conteinerizada;2,2;Desembarcados;BRSC011;BRSSZ
1555887;Cabotagem;1;Carga Conteinerizada;Conteinerizada;2,2;Desembarcados;BRSC011;BRSSZ
1555887;Cabotagem;1;Carga Conteinerizada;Conteinerizada;2,2;Desembarcados;BRSC011;BRSSZ
1555887;Cabotagem;1;Carga Conteinerizada;Conteinerizada;2,2;Desembarcados;BRSC011;BRSSZ
1555887;Cabotagem;1;Carga Conteinerizada;Conteinerizada;2,2;Desembarcados;BRSC011;BRSSZ
1555887;Cabotagem;1;Carga Conteinerizada;Conteinerizada;2,2;Desembarcados;BRSC011;BRSSZ
1555887;Cabotagem;1;Carga Conteinerizada;Conteinerizada;2,2;Desembarcados;BRSC011;BRSSZ
1555887;Cabotagem;1;Carga Conteinerizada;Conteinerizada;2,2;Desembarcados;BRSC011;BRSSZ
1555887;Cabotagem;1;Carga Conteinerizada;Conteinerizada;2,2;Desembarcados;BRSC011;BRSSZ
1555887;Cabotagem;1;Carga Conteinerizada;Conteinerizada;2,2;Desembarcados;BRSC011;BRSSZ
1555887;Cabotagem;1;Carga Conteinerizada;Conteinerizada;2,2;Desembarcados;BRSC011;BRSSZ
1555887;Cabotagem;1;Carga Conteinerizada;Conteinerizada;2,2;Desembarcados;BRSC011;BRSSZ
1555887;Cabotagem;1;Carga Conteinerizada;Conteinerizada;2,2;Desembarcados;BRSC011;BRSSZ
1555887;Cabotagem;1;Carga Conteinerizada;Conteinerizada;2,2;Desembarcados;BRSC011;BRSSZ
1555887;Cabotagem;1;Carga Conteinerizada;Conteinerizada;2,2;Desembarcados;BRSC011;BRSSZ
1555887;Cabotagem;1;Carga Conteinerizada;Conteinerizada;2,2;Desembarcados;BRSC011;BRSSZ
1555887;Cabotagem;1;Carga Conteinerizada;Conteinerizada;2,2;Desembarcados;BRSC011;BRSSZ
1555887;Cabotagem;1;Carga Conteinerizada;Conteinerizada;2,2;Desembarcados;BRSC011;BRSSZ
1555887;Cabotagem;1;Carga Conteinerizada;Conteinerizada;2,2;Desembarcados;BRSC011;BRSSZ
1555887;Cabotagem;1;Carga Conteinerizada;Conteinerizada;2,2;Desembarcados;BRSC011;BRSSZ
1555887;Cabotagem;1;Carga Conteinerizada;Conteinerizada;2,2;Desembarcados;BRSC011;BRSSZ
1555887;Cabotagem;1;Carga Conteinerizada;Conteinerizada;2,2;Desembarcados;BRSC011;BRSSZ
1555887;Cabotagem;1;Carga Conteinerizada;Conteinerizada;2,2;Desembarcados;BRSC011;BRSSZ
1555887;Cabotagem;1;Carga Conteinerizada;Conteinerizada;2,2;Desembarcados;BRSC011;BRSSZ
1555887;Cabotagem;1;Carga Conteinerizada;Conteinerizada;2,2;Desembarcados;BRSC011;BRSSZ
1555887;Cabotagem;1;Carga Conteinerizada;Conteinerizada;2,2;Desembarcados;BRSC011;BRSSZ
1555887;Cabotagem;1;Carga Conteinerizada;Conteinerizada;2,2;Desembarcados;BRSC011;BRSSZ
1555887;Cabotagem;1;Carga Conteinerizada;Conteinerizada;2,2;Desembarcados;BRSC011;BRSSZ
1555887;Cabotagem;1;Carga Conteinerizada;Conteinerizada;2,2;Desembarcados;BRSC011;BRSSZ
1555887;Cabotagem;1;Carga Conteinerizada;Conteinerizada;2,2;Desembarcados;BRSC011;BRSSZ
1555887;Cabotagem;1;Carga Conteinerizada;Conteinerizada;2,2;Desembarcados;BRSC011;BRSSZ
1555887;Cabotagem;1;Carga Conteinerizada;Conteinerizada;2,2;Desembarcados;BRSC011;BRSSZ
1555887;Cabotagem;1;Carga Conteinerizada;Conteinerizada;2,2;Desembarcados;BRSC011;BRSSZ
1555887;Cabotagem;1;Carga Conteinerizada;Conteinerizada;2,2;Desembarcados;BRSC011;BRSSZ
1555887;Cabotagem;1;Carga Conteinerizada;Conteinerizada;2,2;Desembarcados;BRSC011;BRSSZ
1555887;Cabotagem;1;Carga Conteinerizada;Conteinerizada;2,2;Desembarcados;BRSC011;BRSSZ
1555887;Cabotagem;1;Carga Conteinerizada;Conteinerizada;2,2;Desembarcados;BRSC011;BRSSZ
1555887;Cabotagem;1;Carga Conteinerizada;Conteinerizada;2,2;Desembarcados;BRSC011;BRSSZ
1555887;Cabotagem;1;Carga Conteinerizada;Conteinerizada;2,2;Desembarcados;BRSC011;BRSSZ
1555887;Cabotagem;1;Carga Conteinerizada;Conteinerizada;2,2;Desembarcados;BRSC011;BRSSZ
1555887;Cabotagem;1;Carga Conteinerizada;Conteinerizada;2,2;Desembarcados;BRSC011;BRSSZ
1555887;Cabotagem;1;Carga Conteinerizada;Conteinerizada;2,2;Desembarcados;BRSC011;BRSSZ
1555887;Cabotagem;1;Carga Conteinerizada;Conteinerizada;2,2;Desembarcados;BRSC011;BRSSZ
1555887;Cabotagem;1;Carga Conteinerizada;Conteinerizada;2,2;Desembarcados;BRSC011;BRSSZ
1555887;Cabotagem;1;Carga Conteinerizada;Conteinerizada;2,2;Desembarcados;BRSC011;BRSSZ
1555887;Cabotagem;1;Carga Conteinerizada;Conteinerizada;2,2;Desembarcados;BRSC011;BRSSZ
1555887;Cabotagem;1;Carga Conteinerizada;Conteinerizada;2,2;Desembarcados;BRSC011;BRSSZ
1555887;Cabotagem;1;Carga Conteinerizada;Conteinerizada;2,2;Desembarcados;BRSC011;BRSSZ
1555887;Cabotagem;1;Carga Conteinerizada;Conteinerizada;2,2;Desembarcados;BRSC011;BRSSZ
1555887;Cabotagem;1;Carga Conteinerizada;Conteinerizada;2,2;Desembarcados;BRSC011;BRSSZ
1555887;Cabotagem;1;Carga Conteinerizada;Conteinerizada;2,2;Desembarcados;BRSC011;BRSSZ
1555887;Cabotagem;1;Carga Conteinerizada;Conteinerizada;2,2;Desembarcados;BRSC011;BRSSZ
1555887;Cabotagem;1;Carga Conteinerizada;Conteinerizada;2,2;Desembarcados;BRSC011;BRSSZ
1555887;Cabotagem;1;Carga Conteinerizada;Conteinerizada;2,2;Desembarcados;BRSC011;BRSSZ
1555887;Cabotagem;1;Carga Conteinerizada;Conteinerizada;2,2;Desembarcados;BRSC011;BRSSZ
1555887;Cabotagem;1;Carga Conteinerizada;Conteinerizada;2,2;Desembarcados;BRSC011;BRSSZ
1555887;Cabotagem;1;Carga Conteinerizada;Conteinerizada;2,2;Desembarcados;BRSC011;BRSSZ
1555887;Cabotagem;1;Carga Conteinerizada;Conteinerizada;2,2;Desembarcados;BRSC011;BRSSZ
1555887;Cabotagem;1;Carga Conteinerizada;Conteinerizada;2,2;Desembarcados;BRSC011;BRSSZ
1555887;Cabotagem;1;Carga Conteinerizada;Conteinerizada;2,2;Desembarcados;BRSC011;BRSSZ
1555887;Cabotagem;1;Carga Conteinerizada;Conteinerizada;2,2;Desembarcados;BRSC011;BRSSZ
1555887;Cabotagem;1;Carga Conteinerizada;Conteinerizada;2,2;Desembarcados;BRSC011;BRSSZ
1555887;Cabotagem;1;Carga Conteinerizada;Conteinerizada;2,2;Desembarcados;BRSC011;BRSSZ
1555887;Cabotagem;2;Carga Conteinerizada;Conteinerizada;3,8;Desembarcados;BRSC011;BRSSZ
1555887;Cabotagem;2;Carga Conteinerizada;Conteinerizada;3,8;Desembarcados;BRSC011;BRSSZ
1555887;Cabotagem;2;Carga Conteinerizada;Conteinerizada;3,8;Desembarcados;BRSC011;BRSSZ
1555887;Cabotagem;2;Carga Conteinerizada;Conteinerizada;3,8;Desembarcados;BRSC011;BRSSZ
1555887;Cabotagem;2;Carga Conteinerizada;Conteinerizada;3,8;Desembarcados;BRSC011;BRSSZ
1555887;Cabotagem;2;Carga Conteinerizada;Conteinerizada;3,8;Desembarcados;BRSC011;BRSSZ
1555887;Cabotagem;1;Carga Conteinerizada;Conteinerizada;2,2;Desembarcados;BRCE001;BRSSZ
1555887;Cabotagem;1;Carga Conteinerizada;Conteinerizada;2,2;Desembarcados;BRCE001;BRSSZ
1555887;Cabotagem;1;Carga Conteinerizada;Conteinerizada;2,2;Desembarcados;BRCE001;BRSSZ
1555887;Cabotagem;1;Carga Conteinerizada;Conteinerizada;2,2;Desembarcados;BRCE001;BRSSZ
1555887;Cabotagem;1;Carga Conteinerizada;Conteinerizada;2,2;Desembarcados;BRCE001;BRSSZ
1555887;Cabotagem;1;Carga Conteinerizada;Conteinerizada;2,2;Desembarcados;BRCE001;BRSSZ
1555887;Cabotagem;1;Carga Conteinerizada;Conteinerizada;2,2;Desembarcados;BRCE001;BRSSZ
1555887;Cabotagem;1;Carga Conteinerizada;Conteinerizada;2,2;Desembarcados;BRCE001;BRSSZ
1555887;Cabotagem;1;Carga Conteinerizada;Conteinerizada;2,2;Desembarcados;BRCE001;BRSSZ
1555887;Cabotagem;1;Carga Conteinerizada;Conteinerizada;2,2;Desembarcados;BRCE001;BRSSZ
1555887;Cabotagem;1;Carga Conteinerizada;Conteinerizada;2,2;Desembarcados;BRCE001;BRSSZ
1555887;Cabotagem;1;Carga Conteinerizada;Conteinerizada;2,2;Desembarcados;BRCE001;BRSSZ
1555887;Cabotagem;2;Carga Conteinerizada;Conteinerizada;3,8;Desembarcados;BRCE001;BRSSZ
1555887;Cabotagem;2;Carga Conteinerizada;Conteinerizada;3,8;Desembarcados;BRCE001;BRSSZ
1555887;Cabotagem;2;Carga Conteinerizada;Conteinerizada;3,8;Desembarcados;BRCE001;BRSSZ
1555887;Cabotagem;2;Carga Conteinerizada;Conteinerizada;3,8;Desembarcados;BRCE001;BRSSZ
1555887;Cabotagem;2;Carga Conteinerizada;Conteinerizada;3,8;Desembarcados;BRCE001;BRSSZ
1555887;Cabotagem;2;Carga Conteinerizada;Conteinerizada;3,8;Desembarcados;BRCE001;BRSSZ
1555887;Cabotagem;2;Carga Conteinerizada;Conteinerizada;3,8;Desembarcados;BRCE001;BRSSZ
1555887;Cabotagem;2;Carga Conteinerizada;Conteinerizada;3,8;Desembarcados;BRCE001;BRSSZ
1555887;Cabotagem;2;Carga Conteinerizada;Conteinerizada;3,8;Desembarcados;BRCE001;BRSSZ
1555887;Cabotagem;2;Carga Conteinerizada;Conteinerizada;3,8;Desembarcados;BRCE001;BRSSZ
1555887;Cabotagem;2;Carga Conteinerizada;Conteinerizada;3,8;Desembarcados;BRCE001;BRSSZ
1555887;Cabotagem;2;Carga Conteinerizada;Conteinerizada;3,8;Desembarcados;BRCE001;BRSSZ
1555887;Cabotagem;2;Carga Conteinerizada;Conteinerizada;3,8;Desembarcados;BRCE001;BRSSZ
1555887;Cabotagem;2;Carga Conteinerizada;Conteinerizada;3,8;Desembarcados;BRCE001;BRSSZ
1555887;Cabotagem;2;Carga Conteinerizada;Conteinerizada;3,8;Desembarcados;BRCE001;BRSSZ
1555887;Cabotagem;2;Carga Conteinerizada;Conteinerizada;3,8;Desembarcados;BRCE001;BRSSZ
1555887;Cabotagem;2;Carga Conteinerizada;Conteinerizada;3,8;Desembarcados;BRCE001;BRSSZ
1555887;Cabotagem;2;Carga Conteinerizada;Conteinerizada;3,8;Desembarcados;BRCE001;BRSSZ
1555887;Cabotagem;2;Carga Conteinerizada;Conteinerizada;3,8;Desembarcados;BRCE001;BRSSZ
1555887;Cabotagem;2;Carga Conteinerizada;Conteinerizada;3,8;Desembarcados;BRCE001;BRSSZ
1555887;Cabotagem;2;Carga Conteinerizada;Conteinerizada;3,8;Desembarcados;BRCE001;BRSSZ
1555887;Cabotagem;2;Carga Conteinerizada;Conteinerizada;3,8;Desembarcados;BRCE001;BRSSZ
1555887;Cabotagem;2;Carga Conteinerizada;Conteinerizada;3,8;Desembarcados;BRCE001;BRSSZ
1555887;Cabotagem;2;Carga Conteinerizada;Conteinerizada;3,8;Desembarcados;BRCE001;BRSSZ
1555887;Cabotagem;2;Carga Conteinerizada;Conteinerizada;3,8;Desembarcados;BRCE001;BRSSZ
1555887;Cabotagem;2;Carga Conteinerizada;Conteinerizada;3,8;Desembarcados;BRCE001;BRSSZ
1555887;Cabotagem;2;Carga Conteinerizada;Conteinerizada;3,8;Desembarcados;BRCE001;BRSSZ
1555887;Cabotagem;2;Carga Conteinerizada;Conteinerizada;3,8;Desembarcados;BRCE001;BRSSZ
1555887;Cabotagem;2;Carga Conteinerizada;Conteinerizada;3,8;Desembarcados;BRCE001;BRSSZ
1555887;Cabotagem;2;Carga Conteinerizada;Conteinerizada;3,8;Desembarcados;BRCE001;BRSSZ
1555887;Cabotagem;2;Carga Conteinerizada;Conteinerizada;3,8;Desembarcados;BRCE001;BRSSZ
1555887;Cabotagem;2;Carga Conteinerizada;Conteinerizada;3,8;Desembarcados;BRCE001;BRSSZ
1555887;Cabotagem;2;Carga Conteinerizada;Conteinerizada;3,8;Desembarcados;BRCE001;BRSSZ
1555887;Cabotagem;2;Carga Conteinerizada;Conteinerizada;3,8;Desembarcados;BRCE001;BRSSZ
1555887;Cabotagem;2;Carga Conteinerizada;Conteinerizada;3,8;Desembarcados;BRCE001;BRSSZ
1555887;Cabotagem;2;Carga Conteinerizada;Conteinerizada;3,8;Desembarcados;BRCE001;BRSSZ
1555887;Cabotagem;2;Carga Conteinerizada;Conteinerizada;3,8;Desembarcados;BRCE001;BRSSZ
1555887;Cabotagem;2;Carga Conteinerizada;Conteinerizada;3,8;Desembarcados;BRCE001;BRSSZ
1555887;Cabotagem;2;Carga Conteinerizada;Conteinerizada;3,8;Desembarcados;BRCE001;BRSSZ
1555887;Cabotagem;2;Carga Conteinerizada;Conteinerizada;3,8;Desembarcados;BRCE001;BRSSZ
1555887;Cabotagem;2;Carga Conteinerizada;Conteinerizada;3,8;Desembarcados;BRCE001;BRSSZ
1555887;Cabotagem;2;Carga Conteinerizada;Conteinerizada;3,8;Desembarcados;BRCE001;BRSSZ
1555887;Cabotagem;2;Carga Conteinerizada;Conteinerizada;3,8;Desembarcados;BRCE001;BRSSZ
1555887;Cabotagem;2;Carga Conteinerizada;Conteinerizada;3,8;Desembarcados;BRCE001;BRSSZ
1555887;Cabotagem;2;Carga Conteinerizada;Conteinerizada;3,8;Desembarcados;BRCE001;BRSSZ
1555887;Cabotagem;2;Carga Conteinerizada;Conteinerizada;3,8;Desembarcados;BRCE001;BRSSZ
1555887;Cabotagem;2;Carga Conteinerizada;Conteinerizada;3,8;Desembarcados;BRCE001;BRSSZ
1555887;Cabotagem;2;Carga Conteinerizada;Conteinerizada;3,8;Desembarcados;BRCE001;BRSSZ
1555887;Cabotagem;2;Carga Conteinerizada;Conteinerizada;3,8;Desembarcados;BRCE001;BRSSZ
1555887;Cabotagem;2;Carga Conteinerizada;Conteinerizada;3,8;Desembarcados;BRCE001;BRSSZ
1555887;Cabotagem;2;Carga Conteinerizada;Conteinerizada;3,8;Desembarcados;BRCE001;BRSSZ
1555887;Cabotagem;2;Carga Conteinerizada;Conteinerizada;3,8;Desembarcados;BRCE001;BRSSZ
1555887;Cabotagem;2;Carga Conteinerizada;Conteinerizada;3,8;Desembarcados;BRCE001;BRSSZ
1555887;Cabotagem;2;Carga Conteinerizada;Conteinerizada;3,8;Desembarcados;BRCE001;BRSSZ
1555887;Cabotagem;2;Carga Conteinerizada;Conteinerizada;3,8;Desembarcados;BRCE001;BRSSZ
1555887;Cabotagem;2;Carga Conteinerizada;Conteinerizada;3,8;Desembarcados;BRCE001;BRSSZ
1555887;Cabotagem;2;Carga Conteinerizada;Conteinerizada;3,8;Desembarcados;BRCE001;BRSSZ
1555887;Cabotagem;2;Carga Conteinerizada;Conteinerizada;3,8;Desembarcados;BRCE001;BRSSZ
1555887;Cabotagem;2;Carga Conteinerizada;Conteinerizada;3,8;Desembarcados;BRCE001;BRSSZ
1555887;Cabotagem;2;Carga Conteinerizada;Conteinerizada;3,8;Desembarcados;BRCE001;BRSSZ
1555887;Cabotagem;2;Carga Conteinerizada;Conteinerizada;3,8;Desembarcados;BRCE001;BRSSZ
1555887;Cabotagem;2;Carga Conteinerizada;Conteinerizada;3,8;Desembarcados;BRCE001;BRSSZ
1555887;Cabotagem;2;Carga Conteinerizada;Conteinerizada;3,8;Desembarcados;BRCE001;BRSSZ
1555887;Cabotagem;2;Carga Conteinerizada;Conteinerizada;3,8;Desembarcados;BRCE001;BRSSZ
1555887;Cabotagem;2;Carga Conteinerizada;Conteinerizada;3,8;Desembarcados;BRCE001;BRSSZ
1555887;Cabotagem;2;Carga Conteinerizada;Conteinerizada;3,8;Desembarcados;BRCE001;BRSSZ
1555887;Cabotagem;2;Carga Conteinerizada;Conteinerizada;3,8;Desembarcados;BRCE001;BRSSZ
1555887;Cabotagem;2;Carga Conteinerizada;Conteinerizada;3,8;Desembarcados;BRCE001;BRSSZ
1555887;Cabotagem;2;Carga Conteinerizada;Conteinerizada;3,8;Desembarcados;BRCE001;BRSSZ
1555887;Cabotagem;2;Carga Conteinerizada;Conteinerizada;3,8;Desembarcados;BRCE001;BRSSZ
1555887;Cabotagem;2;Carga Conteinerizada;Conteinerizada;3,8;Desembarcados;BRCE001;BRSSZ
1555887;Cabotagem;2;Carga Conteinerizada;Conteinerizada;3,8;Desembarcados;BRCE001;BRSSZ
1555887;Cabotagem;2;Carga Conteinerizada;Conteinerizada;3,8;Desembarcados;BRCE001;BRSSZ
1555887;Cabotagem;2;Carga Conteinerizada;Conteinerizada;3,8;Desembarcados;BRCE001;BRSSZ
1555887;Cabotagem;2;Carga Conteinerizada;Conteinerizada;3,8;Desembarcados;BRCE001;BRSSZ
1555887;Cabotagem;2;Carga Conteinerizada;Conteinerizada;3,8;Desembarcados;BRCE001;BRSSZ
1555887;Cabotagem;2;Carga Conteinerizada;Conteinerizada;3,8;Desembarcados;BRCE001;BRSSZ
1555887;Cabotagem;2;Carga Conteinerizada;Conteinerizada;3,8;Desembarcados;BRCE001;BRSSZ
1555887;Cabotagem;2;Carga Conteinerizada;Conteinerizada;3,8;Desembarcados;BRCE001;BRSSZ
1555887;Cabotagem;2;Carga Conteinerizada;Conteinerizada;3,8;Desembarcados;BRCE001;BRSSZ
1555887;Cabotagem;2;Carga Conteinerizada;Conteinerizada;3,8;Desembarcados;BRCE001;BRSSZ
1555887;Cabotagem;2;Carga Conteinerizada;Conteinerizada;3,8;Desembarcados;BRCE001;BRSSZ
1555887;Cabotagem;2;Carga Conteinerizada;Conteinerizada;3,8;Desembarcados;BRCE001;BRSSZ
1555887;Cabotagem;2;Carga Conteinerizada;Conteinerizada;3,8;Desembarcados;BRCE001;BRSSZ
1555887;Cabotagem;2;Carga Conteinerizada;Conteinerizada;3,8;Desembarcados;BRCE001;BRSSZ
1555887;Cabotagem;2;Carga Conteinerizada;Conteinerizada;3,8;Desembarcados;BRCE001;BRSSZ
1555887;Cabotagem;2;Carga Conteinerizada;Conteinerizada;3,8;Desembarcados;BRCE001;BRSSZ
1555887;Cabotagem;2;Carga Conteinerizada;Conteinerizada;3,8;Desembarcados;BRCE001;BRSSZ
1555887;Cabotagem;2;Carga Conteinerizada;Conteinerizada;3,8;Desembarcados;BRCE001;BRSSZ
1555887;Cabotagem;2;Carga Conteinerizada;Conteinerizada;3,8;Desembarcados;BRCE001;BRSSZ
1555887;Cabotagem;2;Carga Conteinerizada;Conteinerizada;3,8;Desembarcados;BRCE001;BRSSZ
1555887;Cabotagem;2;Carga Conteinerizada;Conteinerizada;3,8;Desembarcados;BRCE001;BRSSZ
1555887;Cabotagem;2;Carga Conteinerizada;Conteinerizada;3,8;Desembarcados;BRCE001;BRSSZ
1555887;Cabotagem;2;Carga Conteinerizada;Conteinerizada;3,8;Desembarcados;BRCE001;BRSSZ
1555887;Cabotagem;2;Carga Conteinerizada;Conteinerizada;3,8;Desembarcados;BRCE001;BRSSZ
1555887;Cabotagem;2;Carga Conteinerizada;Conteinerizada;3,8;Desembarcados;BRCE001;BRSSZ
1555887;Cabotagem;2;Carga Conteinerizada;Conteinerizada;3,8;Desembarcados;BRCE001;BRSSZ
1555887;Cabotagem;2;Carga Conteinerizada;Conteinerizada;3,8;Desembarcados;BRCE001;BRSSZ
1555887;Cabotagem;2;Carga Conteinerizada;Conteinerizada;3,8;Desembarcados;BRCE001;BRSSZ
1555887;Cabotagem;2;Carga Conteinerizada;Conteinerizada;3,8;Desembarcados;BRCE001;BRSSZ
1555887;Cabotagem;2;Carga Conteinerizada;Conteinerizada;3,8;Desembarcados;BRCE001;BRSSZ
1555887;Cabotagem;2;Carga Conteinerizada;Conteinerizada;3,8;Desembarcados;BRCE001;BRSSZ
1555887;Cabotagem;2;Carga Conteinerizada;Conteinerizada;3,8;Desembarcados;BRCE001;BRSSZ
1555887;Cabotagem;2;Carga Conteinerizada;Conteinerizada;3,8;Desembarcados;BRCE001;BRSSZ
1555887;Cabotagem;2;Carga Conteinerizada;Conteinerizada;3,8;Desembarcados;BRCE001;BRSSZ
1555887;Cabotagem;2;Carga Conteinerizada;Conteinerizada;3,8;Desembarcados;BRCE001;BRSSZ
1555887;Cabotagem;2;Carga Conteinerizada;Conteinerizada;3,8;Desembarcados;BRCE001;BRSSZ
1555887;Cabotagem;2;Carga Conteinerizada;Conteinerizada;3,8;Desembarcados;BRCE001;BRSSZ
1555887;Cabotagem;2;Carga Conteinerizada;Conteinerizada;3,8;Desembarcados;BRCE001;BRSSZ
1555887;Cabotagem;2;Carga Conteinerizada;Conteinerizada;3,8;Desembarcados;BRCE001;BRSSZ
1555887;Cabotagem;2;Carga Conteinerizada;Conteinerizada;3,8;Desembarcados;BRCE001;BRSSZ
1555887;Cabotagem;2;Carga Conteinerizada;Conteinerizada;3,8;Desembarcados;BRCE001;BRSSZ
1555887;Cabotagem;2;Carga Conteinerizada;Conteinerizada;3,8;Desembarcados;BRCE001;BRSSZ
1555887;Cabotagem;2;Carga Conteinerizada;Conteinerizada;3,8;Desembarcados;BRCE001;BRSSZ
1555887;Cabotagem;2;Carga Conteinerizada;Conteinerizada;3,8;Desembarcados;BRCE001;BRSSZ
1555887;Cabotagem;2;Carga Conteinerizada;Conteinerizada;3,8;Desembarcados;BRCE001;BRSSZ
1555887;Cabotagem;2;Carga Conteinerizada;Conteinerizada;3,8;Desembarcados;BRCE001;BRSSZ
1555887;Cabotagem;2;Carga Conteinerizada;Conteinerizada;3,8;Desembarcados;BRCE001;BRSSZ
1555887;Cabotagem;2;Carga Conteinerizada;Conteinerizada;3,8;Desembarcados;BRCE001;BRSSZ
1555887;Cabotagem;2;Carga Conteinerizada;Conteinerizada;3,8;Desembarcados;BRCE001;BRSSZ
1555887;Cabotagem;2;Carga Conteinerizada;Conteinerizada;3,8;Desembarcados;BRCE001;BRSSZ
1555887;Cabotagem;2;Carga Conteinerizada;Conteinerizada;3,8;Desembarcados;BRCE001;BRSSZ
1555887;Cabotagem;2;Carga Conteinerizada;Conteinerizada;3,8;Desembarcados;BRCE001;BRSSZ
1555887;Cabotagem;2;Carga Conteinerizada;Conteinerizada;3,8;Desembarcados;BRCE001;BRSSZ
1555887;Cabotagem;2;Carga Conteinerizada;Conteinerizada;3,8;Desembarcados;BRCE001;BRSSZ
1555887;Cabotagem;2;Carga Conteinerizada;Conteinerizada;3,8;Desembarcados;BRCE001;BRSSZ
1555887;Cabotagem;2;Carga Conteinerizada;Conteinerizada;3,8;Desembarcados;BRCE001;BRSSZ
1555887;Cabotagem;2;Carga Conteinerizada;Conteinerizada;3,8;Desembarcados;BRCE001;BRSSZ
1555887;Cabotagem;2;Carga Conteinerizada;Conteinerizada;3,8;Desembarcados;BRCE001;BRSSZ
1555887;Cabotagem;2;Carga Conteinerizada;Conteinerizada;3,8;Desembarcados;BRCE001;BRSSZ
1555887;Cabotagem;2;Carga Conteinerizada;Conteinerizada;3,8;Desembarcados;BRCE001;BRSSZ
1555887;Cabotagem;2;Carga Conteinerizada;Conteinerizada;3,8;Desembarcados;BRCE001;BRSSZ
1555887;Cabotagem;2;Carga Conteinerizada;Conteinerizada;3,8;Desembarcados;BRCE001;BRSSZ
1555887;Cabotagem;2;Carga Conteinerizada;Conteinerizada;3,8;Desembarcados;BRCE001;BRSSZ
1555887;Cabotagem;2;Carga Conteinerizada;Conteinerizada;3,8;Desembarcados;BRCE001;BRSSZ
1555887;Cabotagem;2;Carga Conteinerizada;Conteinerizada;3,8;Desembarcados;BRCE001;BRSSZ
1555887;Cabotagem;2;Carga Conteinerizada;Conteinerizada;3,8;Desembarcados;BRCE001;BRSSZ
1555887;Cabotagem;2;Carga Conteinerizada;Conteinerizada;3,8;Desembarcados;BRCE001;BRSSZ
1555887;Cabotagem;2;Carga Conteinerizada;Conteinerizada;3,8;Desembarcados;BRCE001;BRSSZ
1555887;Cabotagem;2;Carga Conteinerizada;Conteinerizada;3,8;Desembarcados;BRCE001;BRSSZ
1555887;Cabotagem;2;Carga Conteinerizada;Conteinerizada;3,8;Desembarcados;BRCE001;BRSSZ
1555887;Cabotagem;2;Carga Conteinerizada;Conteinerizada;3,8;Desembarcados;BRCE001;BRSSZ
1555887;Cabotagem;2;Carga Conteinerizada;Conteinerizada;3,8;Desembarcados;BRCE001;BRSSZ
1555887;Cabotagem;2;Carga Conteinerizada;Conteinerizada;3,8;Desembarcados;BRCE001;BRSSZ
1555887;Cabotagem;2;Carga Conteinerizada;Conteinerizada;3,8;Desembarcados;BRCE001;BRSSZ
1555887;Cabotagem;2;Carga Conteinerizada;Conteinerizada;3,8;Desembarcados;BRCE001;BRSSZ
1555887;Cabotagem;2;Carga Conteinerizada;Conteinerizada;3,8;Desembarcados;BRCE001;BRSSZ
1555887;Cabotagem;2;Carga Conteinerizada;Conteinerizada;3,8;Desembarcados;BRCE001;BRSSZ
1555887;Cabotagem;2;Carga Conteinerizada;Conteinerizada;3,8;Desembarcados;BRCE001;BRSSZ
1555887;Cabotagem;2;Carga Conteinerizada;Conteinerizada;3,8;Desembarcados;BRCE001;BRSSZ
1555887;Cabotagem;2;Carga Conteinerizada;Conteinerizada;3,8;Desembarcados;BRCE001;BRSSZ
1555887;Cabotagem;2;Carga Conteinerizada;Conteinerizada;3,8;Desembarcados;BRCE001;BRSSZ
1555887;Cabotagem;2;Carga Conteinerizada;Conteinerizada;3,8;Desembarcados;BRCE001;BRSSZ
1555887;Cabotagem;2;Carga Conteinerizada;Conteinerizada;3,8;Desembarcados;BRCE001;BRSSZ
1555887;Cabotagem;2;Carga Conteinerizada;Conteinerizada;3,8;Desembarcados;BRCE001;BRSSZ
1555887;Cabotagem;2;Carga Conteinerizada;Conteinerizada;3,8;Desembarcados;BRCE001;BRSSZ
1555887;Cabotagem;2;Carga Conteinerizada;Conteinerizada;3,8;Desembarcados;BRCE001;BRSSZ
1555887;Cabotagem;2;Carga Conteinerizada;Conteinerizada;3,8;Desembarcados;BRCE001;BRSSZ
1555887;Cabotagem;2;Carga Conteinerizada;Conteinerizada;3,8;Desembarcados;BRCE001;BRSSZ
1555887;Cabotagem;2;Carga Conteinerizada;Conteinerizada;3,8;Desembarcados;BRCE001;BRSSZ
1555887;Cabotagem;2;Carga Conteinerizada;Conteinerizada;3,8;Desembarcados;BRCE001;BRSSZ
1555887;Cabotagem;2;Carga Conteinerizada;Conteinerizada;3,8;Desembarcados;BRCE001;BRSSZ
1555887;Cabotagem;2;Carga Conteinerizada;Conteinerizada;3,8;Desembarcados;BRCE001;BRSSZ
1555887;Cabotagem;2;Carga Conteinerizada;Conteinerizada;3,8;Desembarcados;BRCE001;BRSSZ
1555887;Cabotagem;2;Carga Conteinerizada;Conteinerizada;3,8;Desembarcados;BRCE001;BRSSZ
1555887;Cabotagem;2;Carga Conteinerizada;Conteinerizada;3,8;Desembarcados;BRCE001;BRSSZ
1555887;Cabotagem;2;Carga Conteinerizada;Conteinerizada;3,8;Desembarcados;BRCE001;BRSSZ
1555887;Cabotagem;2;Carga Conteinerizada;Conteinerizada;3,8;Desembarcados;BRCE001;BRSSZ
1555887;Cabotagem;2;Carga Conteinerizada;Conteinerizada;3,8;Desembarcados;BRCE001;BRSSZ
1555887;Cabotagem;2;Carga Conteinerizada;Conteinerizada;3,8;Desembarcados;BRCE001;BRSSZ
1555887;Cabotagem;2;Carga Conteinerizada;Conteinerizada;3,8;Desembarcados;BRCE001;BRSSZ
1555887;Cabotagem;2;Carga Conteinerizada;Conteinerizada;3,8;Desembarcados;BRCE001;BRSSZ
1555887;Cabotagem;2;Carga Conteinerizada;Conteinerizada;3,8;Desembarcados;BRCE001;BRSSZ
1555887;Cabotagem;2;Carga Conteinerizada;Conteinerizada;3,8;Desembarcados;BRCE001;BRSSZ
1555887;Cabotagem;2;Carga Conteinerizada;Conteinerizada;3,8;Desembarcados;BRCE001;BRSSZ
1555887;Cabotagem;2;Carga Conteinerizada;Conteinerizada;3,8;Desembarcados;BRCE001;BRSSZ
1555887;Cabotagem;2;Carga Conteinerizada;Conteinerizada;3,8;Desembarcados;BRCE001;BRSSZ
1555887;Cabotagem;2;Carga Conteinerizada;Conteinerizada;3,8;Desembarcados;BRCE001;BRSSZ
1555887;Cabotagem;2;Carga Conteinerizada;Conteinerizada;3,8;Desembarcados;BRCE001;BRSSZ
1555887;Cabotagem;2;Carga Conteinerizada;Conteinerizada;3,8;Desembarcados;BRCE001;BRSSZ
1555887;Cabotagem;2;Carga Conteinerizada;Conteinerizada;3,8;Desembarcados;BRCE001;BRSSZ
1555887;Cabotagem;2;Carga Conteinerizada;Conteinerizada;3,8;Desembarcados;BRCE001;BRSSZ
1555887;Cabotagem;2;Carga Conteinerizada;Conteinerizada;3,8;Desembarcados;BRCE001;BRSSZ
1555887;Cabotagem;2;Carga Conteinerizada;Conteinerizada;3,8;Desembarcados;BRCE001;BRSSZ
1555887;Cabotagem;2;Carga Conteinerizada;Conteinerizada;3,8;Desembarcados;BRCE001;BRSSZ
1555887;Cabotagem;2;Carga Conteinerizada;Conteinerizada;3,8;Desembarcados;BRCE001;BRSSZ
1555887;Cabotagem;2;Carga Conteinerizada;Conteinerizada;3,8;Desembarcados;BRCE001;BRSSZ
1555887;Cabotagem;2;Carga Conteinerizada;Conteinerizada;3,8;Desembarcados;BRCE001;BRSSZ
1555887;Cabotagem;2;Carga Conteinerizada;Conteinerizada;3,8;Desembarcados;BRCE001;BRSSZ
1555887;Cabotagem;2;Carga Conteinerizada;Conteinerizada;3,8;Desembarcados;BRCE001;BRSSZ
1555887;Cabotagem;2;Carga Conteinerizada;Conteinerizada;3,8;Desembarcados;BRCE001;BRSSZ
1555887;Cabotagem;2;Carga Conteinerizada;Conteinerizada;3,8;Desembarcados;BRCE001;BRSSZ
1555887;Cabotagem;2;Carga Conteinerizada;Conteinerizada;3,8;Desembarcados;BRCE001;BRSSZ
1555887;Cabotagem;2;Carga Conteinerizada;Conteinerizada;3,8;Desembarcados;BRCE001;BRSSZ
1555887;Cabotagem;2;Carga Conteinerizada;Conteinerizada;3,8;Desembarcados;BRCE001;BRSSZ
1555887;Cabotagem;2;Carga Conteinerizada;Conteinerizada;3,8;Desembarcados;BRCE001;BRSSZ
1555887;Cabotagem;2;Carga Conteinerizada;Conteinerizada;3,8;Desembarcados;BRCE001;BRSSZ
1555887;Cabotagem;2;Carga Conteinerizada;Conteinerizada;3,8;Desembarcados;BRCE001;BRSSZ
1555887;Cabotagem;2;Carga Conteinerizada;Conteinerizada;3,8;Desembarcados;BRCE001;BRSSZ
1555887;Cabotagem;2;Carga Conteinerizada;Conteinerizada;3,8;Desembarcados;BRCE001;BRSSZ
1555887;Cabotagem;2;Carga Conteinerizada;Conteinerizada;3,8;Desembarcados;BRCE001;BRSSZ
1555887;Cabotagem;2;Carga Conteinerizada;Conteinerizada;3,8;Desembarcados;BRCE001;BRSSZ
1555887;Cabotagem;2;Carga Conteinerizada;Conteinerizada;3,8;Desembarcados;BRCE001;BRSSZ
1555887;Cabotagem;2;Carga Conteinerizada;Conteinerizada;3,8;Desembarcados;BRCE001;BRSSZ
1555887;Cabotagem;2;Carga Conteinerizada;Conteinerizada;3,8;Desembarcados;BRCE001;BRSSZ
1555887;Cabotagem;2;Carga Conteinerizada;Conteinerizada;3,8;Desembarcados;BRCE001;BRSSZ
1555887;Cabotagem;2;Carga Conteinerizada;Conteinerizada;3,8;Desembarcados;BRCE001;BRSSZ
1555887;Cabotagem;2;Carga Conteinerizada;Conteinerizada;3,8;Desembarcados;BRCE001;BRSSZ
1555887;Cabotagem;2;Carga Conteinerizada;Conteinerizada;3,8;Desembarcados;BRCE001;BRSSZ
1555887;Cabotagem;2;Carga Conteinerizada;Conteinerizada;3,8;Desembarcados;BRCE001;BRSSZ
1555887;Cabotagem;2;Carga Conteinerizada;Conteinerizada;3,8;Desembarcados;BRCE001;BRSSZ
1555887;Cabotagem;2;Carga Conteinerizada;Conteinerizada;3,8;Desembarcados;BRCE001;BRSSZ
1555887;Cabotagem;2;Carga Conteinerizada;Conteinerizada;3,8;Desembarcados;BRCE001;BRSSZ
1555887;Cabotagem;2;Carga Conteinerizada;Conteinerizada;3,8;Desembarcados;BRCE001;BRSSZ
1555887;Cabotagem;2;Carga Conteinerizada;Conteinerizada;3,8;Desembarcados;BRCE001;BRSSZ
1555887;Cabotagem;2;Carga Conteinerizada;Conteinerizada;3,8;Desembarcados;BRCE001;BRSSZ
1555887;Cabotagem;2;Carga Conteinerizada;Conteinerizada;3,8;Desembarcados;BRCE001;BRSSZ
1555887;Cabotagem;2;Carga Conteinerizada;Conteinerizada;3,8;Desembarcados;BRCE001;BRSSZ
1555887;Cabotagem;2;Carga Conteinerizada;Conteinerizada;3,8;Desembarcados;BRCE001;BRSSZ
1555887;Cabotagem;2;Carga Conteinerizada;Conteinerizada;3,8;Desembarcados;BRCE001;BRSSZ
1555887;Cabotagem;2;Carga Conteinerizada;Conteinerizada;3,8;Desembarcados;BRCE001;BRSSZ
1555887;Cabotagem;2;Carga Conteinerizada;Conteinerizada;3,8;Desembarcados;BRCE001;BRSSZ
1555887;Cabotagem;2;Carga Conteinerizada;Conteinerizada;3,8;Desembarcados;BRCE001;BRSSZ
1555887;Cabotagem;2;Carga Conteinerizada;Conteinerizada;3,8;Desembarcados;BRCE001;BRSSZ
1555887;Cabotagem;2;Carga Conteinerizada;Conteinerizada;3,8;Desembarcados;BRCE001;BRSSZ
1555887;Cabotagem;2;Carga Conteinerizada;Conteinerizada;3,8;Desembarcados;BRCE001;BRSSZ
1555887;Cabotagem;2;Carga Conteinerizada;Conteinerizada;3,8;Desembarcados;BRCE001;BRSSZ
1555887;Cabotagem;2;Carga Conteinerizada;Conteinerizada;3,8;Desembarcados;BRCE001;BRSSZ
1555887;Cabotagem;2;Carga Conteinerizada;Conteinerizada;3,8;Desembarcados;BRCE001;BRSSZ
1555887;Cabotagem;2;Carga Conteinerizada;Conteinerizada;3,8;Desembarcados;BRCE001;BRSSZ
1555887;Cabotagem;2;Carga Conteinerizada;Conteinerizada;3,8;Desembarcados;BRCE001;BRSSZ
1555887;Cabotagem;2;Carga Conteinerizada;Conteinerizada;3,8;Desembarcados;BRCE001;BRSSZ
1555887;Cabotagem;2;Carga Conteinerizada;Conteinerizada;3,8;Desembarcados;BRCE001;BRSSZ
1555887;Cabotagem;2;Carga Conteinerizada;Conteinerizada;3,8;Desembarcados;BRCE001;BRSSZ
1555887;Cabotagem;2;Carga Conteinerizada;Conteinerizada;3,8;Desembarcados;BRCE001;BRSSZ
1555887;Cabotagem;2;Carga Conteinerizada;Conteinerizada;3,8;Desembarcados;BRCE001;BRSSZ
1555887;Cabotagem;2;Carga Conteinerizada;Conteinerizada;3,8;Desembarcados;BRCE001;BRSSZ
1555887;Cabotagem;2;Carga Conteinerizada;Conteinerizada;3,8;Desembarcados;BRCE001;BRSSZ
1555887;Cabotagem;2;Carga Conteinerizada;Conteinerizada;3,8;Desembarcados;BRCE001;BRSSZ
1555887;Cabotagem;2;Carga Conteinerizada;Conteinerizada;3,8;Desembarcados;BRCE001;BRSSZ
1555887;Cabotagem;2;Carga Conteinerizada;Conteinerizada;3,8;Desembarcados;BRCE001;BRSSZ
1555887;Cabotagem;2;Carga Conteinerizada;Conteinerizada;3,8;Desembarcados;BRCE001;BRSSZ
1555887;Cabotagem;2;Carga Conteinerizada;Conteinerizada;3,8;Desembarcados;BRCE001;BRSSZ
1555887;Cabotagem;2;Carga Conteinerizada;Conteinerizada;3,8;Desembarcados;BRCE001;BRSSZ
1555887;Cabotagem;2;Carga Conteinerizada;Conteinerizada;3,8;Desembarcados;BRCE001;BRSSZ
1555887;Cabotagem;2;Carga Conteinerizada;Conteinerizada;3,8;Desembarcados;BRCE001;BRSSZ
1555887;Cabotagem;2;Carga Conteinerizada;Conteinerizada;3,8;Desembarcados;BRCE001;BRSSZ
1555887;Cabotagem;2;Carga Conteinerizada;Conteinerizada;3,8;Desembarcados;BRCE001;BRSSZ
1555887;Cabotagem;2;Carga Conteinerizada;Conteinerizada;3,8;Desembarcados;BRCE001;BRSSZ
1555887;Cabotagem;2;Carga Conteinerizada;Conteinerizada;3,8;Desembarcados;BRCE001;BRSSZ
1555887;Cabotagem;2;Carga Conteinerizada;Conteinerizada;3,8;Desembarcados;BRCE001;BRSSZ
1555887;Cabotagem;2;Carga Conteinerizada;Conteinerizada;3,8;Desembarcados;BRCE001;BRSSZ
1555887;Cabotagem;2;Carga Conteinerizada;Conteinerizada;3,8;Desembarcados;BRCE001;BRSSZ
1555887;Cabotagem;2;Carga Conteinerizada;Conteinerizada;3,8;Desembarcados;BRCE001;BRSSZ
1555887;Cabotagem;2;Carga Conteinerizada;Conteinerizada;3,8;Desembarcados;BRCE001;BRSSZ
1555887;Cabotagem;2;Carga Conteinerizada;Conteinerizada;3,8;Desembarcados;BRCE001;BRSSZ
1555887;Cabotagem;2;Carga Conteinerizada;Conteinerizada;3,8;Desembarcados;BRCE001;BRSSZ
1555887;Cabotagem;2;Carga Conteinerizada;Conteinerizada;3,8;Desembarcados;BRCE001;BRSSZ
1555887;Cabotagem;2;Carga Conteinerizada;Conteinerizada;3,8;Desembarcados;BRCE001;BRSSZ
1555887;Cabotagem;2;Carga Conteinerizada;Conteinerizada;3,8;Desembarcados;BRCE001;BRSSZ
1555887;Cabotagem;2;Carga Conteinerizada;Conteinerizada;3,8;Desembarcados;BRCE001;BRSSZ
1555887;Cabotagem;2;Carga Conteinerizada;Conteinerizada;3,8;Desembarcados;BRCE001;BRSSZ
1555887;Cabotagem;2;Carga Conteinerizada;Conteinerizada;3,8;Desembarcados;BRCE001;BRSSZ
1555887;Cabotagem;2;Carga Conteinerizada;Conteinerizada;3,8;Desembarcados;BRCE001;BRSSZ
1555887;Cabotagem;2;Carga Conteinerizada;Conteinerizada;3,8;Desembarcados;BRCE001;BRSSZ
1555887;Cabotagem;2;Carga Conteinerizada;Conteinerizada;3,8;Desembarcados;BRCE001;BRSSZ
1555887;Cabotagem;2;Carga Conteinerizada;Conteinerizada;3,8;Desembarcados;BRCE001;BRSSZ
1555887;Cabotagem;2;Carga Conteinerizada;Conteinerizada;3,8;Desembarcados;BRCE001;BRSSZ
1555887;Cabotagem;2;Carga Conteinerizada;Conteinerizada;3,8;Desembarcados;BRCE001;BRSSZ
1555887;Cabotagem;2;Carga Conteinerizada;Conteinerizada;3,8;Desembarcados;BRCE001;BRSSZ
1555887;Cabotagem;2;Carga Conteinerizada;Conteinerizada;3,8;Desembarcados;BRCE001;BRSSZ
1555887;Cabotagem;2;Carga Conteinerizada;Conteinerizada;3,8;Desembarcados;BRCE001;BRSSZ
1555887;Cabotagem;2;Carga Conteinerizada;Conteinerizada;3,8;Desembarcados;BRCE001;BRSSZ
1555887;Cabotagem;2;Carga Conteinerizada;Conteinerizada;3,8;Desembarcados;BRCE001;BRSSZ
1555887;Cabotagem;2;Carga Conteinerizada;Conteinerizada;3,8;Desembarcados;BRCE001;BRSSZ
1555887;Cabotagem;2;Carga Conteinerizada;Conteinerizada;3,8;Desembarcados;BRCE001;BRSSZ
1555887;Cabotagem;2;Carga Conteinerizada;Conteinerizada;3,8;Desembarcados;BRCE001;BRSSZ
1555887;Cabotagem;2;Carga Conteinerizada;Conteinerizada;3,8;Desembarcados;BRCE001;BRSSZ
1555887;Cabotagem;2;Carga Conteinerizada;Conteinerizada;3,8;Desembarcados;BRCE001;BRSSZ
1555887;Cabotagem;2;Carga Conteinerizada;Conteinerizada;3,8;Desembarcados;BRCE001;BRSSZ
1555887;Cabotagem;2;Carga Conteinerizada;Conteinerizada;3,8;Desembarcados;BRCE001;BRSSZ
1555887;Cabotagem;2;Carga Conteinerizada;Conteinerizada;3,8;Desembarcados;BRCE001;BRSSZ
1555887;Cabotagem;2;Carga Conteinerizada;Conteinerizada;3,8;Desembarcados;BRCE001;BRSSZ
1555887;Cabotagem;2;Carga Conteinerizada;Conteinerizada;3,8;Desembarcados;BRCE001;BRSSZ
1555887;Cabotagem;2;Carga Conteinerizada;Conteinerizada;3,8;Desembarcados;BRCE001;BRSSZ
1555887;Cabotagem;2;Carga Conteinerizada;Conteinerizada;3,8;Desembarcados;BRCE001;BRSSZ
1555887;Cabotagem;2;Carga Conteinerizada;Conteinerizada;3,8;Desembarcados;BRCE001;BRSSZ
1555887;Cabotagem;2;Carga Conteinerizada;Conteinerizada;3,8;Desembarcados;BRCE001;BRSSZ
1555887;Cabotagem;2;Carga Conteinerizada;Conteinerizada;3,8;Desembarcados;BRCE001;BRSSZ
1555887;Cabotagem;2;Carga Conteinerizada;Conteinerizada;3,8;Desembarcados;BRCE001;BRSSZ
1555887;Cabotagem;2;Carga Conteinerizada;Conteinerizada;3,8;Desembarcados;BRCE001;BRSSZ
1555887;Cabotagem;2;Carga Conteinerizada;Conteinerizada;3,8;Desembarcados;BRCE001;BRSSZ
1555887;Cabotagem;2;Carga Conteinerizada;Conteinerizada;3,8;Desembarcados;BRCE001;BRSSZ
1555887;Cabotagem;2;Carga Conteinerizada;Conteinerizada;3,8;Desembarcados;BRCE001;BRSSZ
1555887;Cabotagem;2;Carga Conteinerizada;Conteinerizada;3,8;Desembarcados;BRCE001;BRSSZ
1555887;Cabotagem;2;Carga Conteinerizada;Conteinerizada;3,8;Desembarcados;BRCE001;BRSSZ
1555887;Cabotagem;2;Carga Conteinerizada;Conteinerizada;3,8;Desembarcados;BRCE001;BRSSZ
1555887;Cabotagem;2;Carga Conteinerizada;Conteinerizada;3,8;Desembarcados;BRCE001;BRSSZ
1555887;Cabotagem;2;Carga Conteinerizada;Conteinerizada;3,8;Desembarcados;BRCE001;BRSSZ
1555887;Cabotagem;2;Carga Conteinerizada;Conteinerizada;3,8;Desembarcados;BRCE001;BRSSZ
1555887;Cabotagem;2;Carga Conteinerizada;Conteinerizada;3,8;Desembarcados;BRCE001;BRSSZ
1555887;Cabotagem;2;Carga Conteinerizada;Conteinerizada;3,8;Desembarcados;BRCE001;BRSSZ
1555887;Cabotagem;2;Carga Conteinerizada;Conteinerizada;3,8;Desembarcados;BRCE001;BRSSZ
1555887;Cabotagem;2;Carga Conteinerizada;Conteinerizada;3,8;Desembarcados;BRCE001;BRSSZ
1555887;Cabotagem;2;Carga Conteinerizada;Conteinerizada;3,8;Desembarcados;BRCE001;BRSSZ
1555887;Cabotagem;2;Carga Conteinerizada;Conteinerizada;3,8;Desembarcados;BRCE001;BRSSZ
1555887;Cabotagem;2;Carga Conteinerizada;Conteinerizada;3,8;Desembarcados;BRCE001;BRSSZ
1555887;Cabotagem;2;Carga Conteinerizada;Conteinerizada;3,8;Desembarcados;BRCE001;BRSSZ
1555887;Cabotagem;2;Carga Conteinerizada;Conteinerizada;3,8;Desembarcados;BRCE001;BRSSZ
1555887;Cabotagem;2;Carga Conteinerizada;Conteinerizada;3,8;Desembarcados;BRCE001;BRSSZ
1555887;Cabotagem;2;Carga Conteinerizada;Conteinerizada;3,8;Desembarcados;BRCE001;BRSSZ
1555887;Cabotagem;2;Carga Conteinerizada;Conteinerizada;3,8;Desembarcados;BRCE001;BRSSZ
1555887;Cabotagem;2;Carga Conteinerizada;Conteinerizada;3,8;Desembarcados;BRCE001;BRSSZ
1555887;Cabotagem;2;Carga Conteinerizada;Conteinerizada;3,8;Desembarcados;BRCE001;BRSSZ
1555887;Cabotagem;2;Carga Conteinerizada;Conteinerizada;3,8;Desembarcados;BRCE001;BRSSZ
1555887;Cabotagem;2;Carga Conteinerizada;Conteinerizada;3,8;Desembarcados;BRCE001;BRSSZ
1555887;Cabotagem;2;Carga Conteinerizada;Conteinerizada;3,8;Desembarcados;BRCE001;BRSSZ
1555887;Cabotagem;2;Carga Conteinerizada;Conteinerizada;3,8;Desembarcados;BRCE001;BRSSZ
1555887;Cabotagem;2;Carga Conteinerizada;Conteinerizada;3,8;Desembarcados;BRCE001;BRSSZ
1555887;Cabotagem;2;Carga Conteinerizada;Conteinerizada;3,8;Desembarcados;BRCE001;BRSSZ
1555887;Cabotagem;2;Carga Conteinerizada;Conteinerizada;3,8;Desembarcados;BRCE001;BRSSZ
1555887;Cabotagem;2;Carga Conteinerizada;Conteinerizada;3,8;Desembarcados;BRCE001;BRSSZ
1555887;Cabotagem;2;Carga Conteinerizada;Conteinerizada;3,8;Desembarcados;BRCE001;BRSSZ
1555887;Cabotagem;2;Carga Conteinerizada;Conteinerizada;3,8;Desembarcados;BRCE001;BRSSZ
1555887;Cabotagem;2;Carga Conteinerizada;Conteinerizada;3,8;Desembarcados;BRCE001;BRSSZ
1555887;Cabotagem;2;Carga Conteinerizada;Conteinerizada;3,8;Desembarcados;BRCE001;BRSSZ
1555887;Cabotagem;2;Carga Conteinerizada;Conteinerizada;3,8;Desembarcados;BRCE001;BRSSZ
1555887;Cabotagem;2;Carga Conteinerizada;Conteinerizada;3,8;Desembarcados;BRCE001;BRSSZ
1555887;Cabotagem;2;Carga Conteinerizada;Conteinerizada;3,8;Desembarcados;BRCE001;BRSSZ
1555887;Cabotagem;2;Carga Conteinerizada;Conteinerizada;3,8;Desembarcados;BRCE001;BRSSZ
1555887;Cabotagem;2;Carga Conteinerizada;Conteinerizada;3,8;Desembarcados;BRCE001;BRSSZ
1555887;Cabotagem;2;Carga Conteinerizada;Conteinerizada;3,8;Desembarcados;BRCE001;BRSSZ
1555887;Cabotagem;2;Carga Conteinerizada;Conteinerizada;3,8;Desembarcados;BRCE001;BRSSZ
1555887;Cabotagem;2;Carga Conteinerizada;Conteinerizada;3,8;Desembarcados;BRCE001;BRSSZ
1555887;Cabotagem;2;Carga Conteinerizada;Conteinerizada;3,8;Desembarcados;BRCE001;BRSSZ
1555887;Cabotagem;2;Carga Conteinerizada;Conteinerizada;3,8;Desembarcados;BRCE001;BRSSZ
1555887;Cabotagem;2;Carga Conteinerizada;Conteinerizada;3,8;Desembarcados;BRCE001;BRSSZ
1555887;Cabotagem;2;Carga Conteinerizada;Conteinerizada;3,8;Desembarcados;BRCE001;BRSSZ
1555887;Cabotagem;2;Carga Conteinerizada;Conteinerizada;3,8;Desembarcados;BRCE001;BRSSZ
1555887;Cabotagem;2;Carga Conteinerizada;Conteinerizada;3,8;Desembarcados;BRCE001;BRSSZ
1555887;Cabotagem;2;Carga Conteinerizada;Conteinerizada;3,8;Desembarcados;BRCE001;BRSSZ
1555887;Cabotagem;2;Carga Conteinerizada;Conteinerizada;3,8;Desembarcados;BRCE001;BRSSZ
1555887;Cabotagem;2;Carga Conteinerizada;Conteinerizada;3,8;Desembarcados;BRCE001;BRSSZ
1555887;Cabotagem;2;Carga Conteinerizada;Conteinerizada;3,8;Desembarcados;BRCE001;BRSSZ
1555887;Cabotagem;2;Carga Conteinerizada;Conteinerizada;3,8;Desembarcados;BRCE001;BRSSZ
1555887;Cabotagem;2;Carga Conteinerizada;Conteinerizada;3,8;Desembarcados;BRCE001;BRSSZ
1555887;Cabotagem;2;Carga Conteinerizada;Conteinerizada;3,8;Desembarcados;BRCE001;BRSSZ
1555887;Cabotagem;2;Carga Conteinerizada;Conteinerizada;3,8;Desembarcados;BRCE001;BRSSZ
1555887;Cabotagem;2;Carga Conteinerizada;Conteinerizada;3,8;Desembarcados;BRCE001;BRSSZ
1555887;Cabotagem;2;Carga Conteinerizada;Conteinerizada;3,8;Desembarcados;BRCE001;BRSSZ
1555887;Cabotagem;2;Carga Conteinerizada;Conteinerizada;3,8;Desembarcados;BRCE001;BRSSZ
1555887;Cabotagem;2;Carga Conteinerizada;Conteinerizada;3,8;Desembarcados;BRCE001;BRSSZ
1555887;Cabotagem;2;Carga Conteinerizada;Conteinerizada;3,8;Desembarcados;BRCE001;BRSSZ
1555887;Cabotagem;2;Carga Conteinerizada;Conteinerizada;3,8;Desembarcados;BRCE001;BRSSZ
1555887;Cabotagem;2;Carga Conteinerizada;Conteinerizada;3,8;Desembarcados;BRCE001;BRSSZ
1555887;Cabotagem;2;Carga Conteinerizada;Conteinerizada;3,8;Desembarcados;BRCE001;BRSSZ
1555887;Cabotagem;2;Carga Conteinerizada;Conteinerizada;3,8;Desembarcados;BRCE001;BRSSZ
1555887;Cabotagem;2;Carga Conteinerizada;Conteinerizada;3,8;Desembarcados;BRCE001;BRSSZ
1555887;Cabotagem;2;Carga Conteinerizada;Conteinerizada;3,8;Desembarcados;BRCE001;BRSSZ
1555887;Cabotagem;2;Carga Conteinerizada;Conteinerizada;3,8;Desembarcados;BRCE001;BRSSZ
1555887;Cabotagem;2;Carga Conteinerizada;Conteinerizada;3,8;Desembarcados;BRCE001;BRSSZ
1555887;Cabotagem;2;Carga Conteinerizada;Conteinerizada;3,8;Desembarcados;BRCE001;BRSSZ
1555887;Cabotagem;2;Carga Conteinerizada;Conteinerizada;3,8;Desembarcados;BRCE001;BRSSZ
1555887;Cabotagem;2;Carga Conteinerizada;Conteinerizada;3,8;Desembarcados;BRCE001;BRSSZ
1555887;Cabotagem;2;Carga Conteinerizada;Conteinerizada;3,8;Desembarcados;BRCE001;BRSSZ
1555887;Cabotagem;2;Carga Conteinerizada;Conteinerizada;3,8;Desembarcados;BRCE001;BRSSZ
1555887;Cabotagem;2;Carga Conteinerizada;Conteinerizada;3,8;Desembarcados;BRCE001;BRSSZ
1555887;Cabotagem;2;Carga Conteinerizada;Conteinerizada;3,8;Desembarcados;BRCE001;BRSSZ
1555887;Cabotagem;2;Carga Conteinerizada;Conteinerizada;3,8;Desembarcados;BRCE001;BRSSZ
1555887;Cabotagem;2;Carga Conteinerizada;Conteinerizada;3,8;Desembarcados;BRCE001;BRSSZ
1555887;Cabotagem;2;Carga Conteinerizada;Conteinerizada;3,8;Desembarcados;BRCE001;BRSSZ
1555887;Cabotagem;2;Carga Conteinerizada;Conteinerizada;3,8;Desembarcados;BRCE001;BRSSZ
1555887;Cabotagem;2;Carga Conteinerizada;Conteinerizada;3,8;Desembarcados;BRCE001;BRSSZ
1555887;Cabotagem;2;Carga Conteinerizada;Conteinerizada;3,8;Desembarcados;BRCE001;BRSSZ
1555887;Cabotagem;2;Carga Conteinerizada;Conteinerizada;3,8;Desembarcados;BRCE001;BRSSZ
1555887;Cabotagem;2;Carga Conteinerizada;Conteinerizada;3,8;Desembarcados;BRCE001;BRSSZ
1555887;Cabotagem;2;Carga Conteinerizada;Conteinerizada;3,8;Desembarcados;BRCE001;BRSSZ
1555887;Cabotagem;2;Carga Conteinerizada;Conteinerizada;3,8;Desembarcados;BRCE001;BRSSZ
1555887;Cabotagem;2;Carga Conteinerizada;Conteinerizada;3,8;Desembarcados;BRCE001;BRSSZ
1555887;Cabotagem;2;Carga Conteinerizada;Conteinerizada;3,8;Desembarcados;BRCE001;BRSSZ
1555887;Cabotagem;2;Carga Conteinerizada;Conteinerizada;3,8;Desembarcados;BRCE001;BRSSZ
1555887;Cabotagem;2;Carga Conteinerizada;Conteinerizada;3,8;Desembarcados;BRCE001;BRSSZ
1555887;Cabotagem;2;Carga Conteinerizada;Conteinerizada;3,8;Desembarcados;BRCE001;BRSSZ
1555887;Cabotagem;2;Carga Conteinerizada;Conteinerizada;3,8;Desembarcados;BRCE001;BRSSZ
1555887;Cabotagem;2;Carga Conteinerizada;Conteinerizada;3,8;Desembarcados;BRCE001;BRSSZ
1555887;Cabotagem;2;Carga Conteinerizada;Conteinerizada;3,8;Desembarcados;BRCE001;BRSSZ
1555887;Cabotagem;2;Carga Conteinerizada;Conteinerizada;3,8;Desembarcados;BRCE001;BRSSZ
1555887;Cabotagem;2;Carga Conteinerizada;Conteinerizada;3,8;Desembarcados;BRCE001;BRSSZ
1555887;Cabotagem;2;Carga Conteinerizada;Conteinerizada;3,8;Desembarcados;BRCE001;BRSSZ
1555887;Cabotagem;2;Carga Conteinerizada;Conteinerizada;3,8;Desembarcados;BRCE001;BRSSZ
1555887;Cabotagem;2;Carga Conteinerizada;Conteinerizada;3,8;Desembarcados;BRCE001;BRSSZ
1555887;Cabotagem;2;Carga Conteinerizada;Conteinerizada;3,8;Desembarcados;BRCE001;BRSSZ
1555887;Cabotagem;2;Carga Conteinerizada;Conteinerizada;3,8;Desembarcados;BRCE001;BRSSZ
1555887;Cabotagem;2;Carga Conteinerizada;Conteinerizada;3,8;Desembarcados;BRCE001;BRSSZ
1555887;Cabotagem;2;Carga Conteinerizada;Conteinerizada;3,8;Desembarcados;BRCE001;BRSSZ
1555887;Cabotagem;2;Carga Conteinerizada;Conteinerizada;3,8;Desembarcados;BRCE001;BRSSZ
1555887;Cabotagem;2;Carga Conteinerizada;Conteinerizada;3,8;Desembarcados;BRCE001;BRSSZ
1555887;Cabotagem;2;Carga Conteinerizada;Conteinerizada;3,8;Desembarcados;BRCE001;BRSSZ
1555887;Cabotagem;2;Carga Conteinerizada;Conteinerizada;3,8;Desembarcados;BRCE001;BRSSZ
1555887;Cabotagem;2;Carga Conteinerizada;Conteinerizada;3,8;Desembarcados;BRCE001;BRSSZ
1555887;Cabotagem;2;Carga Conteinerizada;Conteinerizada;3,8;Desembarcados;BRCE001;BRSSZ
1555887;Cabotagem;2;Carga Conteinerizada;Conteinerizada;3,8;Desembarcados;BRCE001;BRSSZ
1555887;Cabotagem;2;Carga Conteinerizada;Conteinerizada;3,8;Desembarcados;BRCE001;BRSSZ
1555887;Cabotagem;2;Carga Conteinerizada;Conteinerizada;3,8;Desembarcados;BRCE001;BRSSZ
1555887;Cabotagem;2;Carga Conteinerizada;Conteinerizada;3,8;Desembarcados;BRCE001;BRSSZ
1555887;Cabotagem;2;Carga Conteinerizada;Conteinerizada;3,8;Desembarcados;BRCE001;BRSSZ
1555887;Cabotagem;2;Carga Conteinerizada;Conteinerizada;3,8;Desembarcados;BRCE001;BRSSZ
1555887;Cabotagem;2;Carga Conteinerizada;Conteinerizada;3,8;Desembarcados;BRCE001;BRSSZ
1555887;Cabotagem;2;Carga Conteinerizada;Conteinerizada;3,8;Desembarcados;BRCE001;BRSSZ
1555887;Cabotagem;2;Carga Conteinerizada;Conteinerizada;3,8;Desembarcados;BRCE001;BRSSZ
1555887;Cabotagem;2;Carga Conteinerizada;Conteinerizada;3,8;Desembarcados;BRCE001;BRSSZ
1555887;Cabotagem;2;Carga Conteinerizada;Conteinerizada;3,8;Desembarcados;BRCE001;BRSSZ
1555887;Cabotagem;2;Carga Conteinerizada;Conteinerizada;3,8;Desembarcados;BRCE001;BRSSZ
1555887;Cabotagem;2;Carga Conteinerizada;Conteinerizada;3,8;Desembarcados;BRCE001;BRSSZ
1555887;Cabotagem;2;Carga Conteinerizada;Conteinerizada;3,8;Desembarcados;BRCE001;BRSSZ
1555887;Cabotagem;2;Carga Conteinerizada;Conteinerizada;3,8;Desembarcados;BRCE001;BRSSZ
1555887;Cabotagem;2;Carga Conteinerizada;Conteinerizada;3,8;Desembarcados;BRCE001;BRSSZ
1555887;Cabotagem;2;Carga Conteinerizada;Conteinerizada;3,8;Desembarcados;BRCE001;BRSSZ
1555887;Cabotagem;2;Carga Conteinerizada;Conteinerizada;3,8;Desembarcados;BRCE001;BRSSZ
1555887;Cabotagem;2;Carga Conteinerizada;Conteinerizada;3,8;Desembarcados;BRCE001;BRSSZ
1555887;Cabotagem;2;Carga Conteinerizada;Conteinerizada;3,8;Desembarcados;BRCE001;BRSSZ
1555887;Cabotagem;2;Carga Conteinerizada;Conteinerizada;3,8;Desembarcados;BRCE001;BRSSZ
1555887;Cabotagem;2;Carga Conteinerizada;Conteinerizada;3,8;Desembarcados;BRCE001;BRSSZ
1555887;Cabotagem;2;Carga Conteinerizada;Conteinerizada;3,8;Desembarcados;BRCE001;BRSSZ
1555887;Cabotagem;2;Carga Conteinerizada;Conteinerizada;3,8;Desembarcados;BRCE001;BRSSZ
1555887;Cabotagem;2;Carga Conteinerizada;Conteinerizada;3,8;Desembarcados;BRCE001;BRSSZ
1555887;Cabotagem;2;Carga Conteinerizada;Conteinerizada;3,8;Desembarcados;BRCE001;BRSSZ
1555887;Cabotagem;2;Carga Conteinerizada;Conteinerizada;3,8;Desembarcados;BRCE001;BRSSZ
1555887;Cabotagem;2;Carga Conteinerizada;Conteinerizada;3,8;Desembarcados;BRCE001;BRSSZ
1555887;Cabotagem;2;Carga Conteinerizada;Conteinerizada;3,8;Desembarcados;BRCE001;BRSSZ
1555887;Cabotagem;2;Carga Conteinerizada;Conteinerizada;3,8;Desembarcados;BRCE001;BRSSZ
1555887;Cabotagem;2;Carga Conteinerizada;Conteinerizada;3,8;Desembarcados;BRCE001;BRSSZ
1555887;Cabotagem;2;Carga Conteinerizada;Conteinerizada;3,8;Desembarcados;BRCE001;BRSSZ
1555887;Cabotagem;2;Carga Conteinerizada;Conteinerizada;3,8;Desembarcados;BRCE001;BRSSZ
1555887;Cabotagem;2;Carga Conteinerizada;Conteinerizada;3,8;Desembarcados;BRCE001;BRSSZ
1555887;Cabotagem;2;Carga Conteinerizada;Conteinerizada;3,8;Desembarcados;BRCE001;BRSSZ
1555887;Cabotagem;2;Carga Conteinerizada;Conteinerizada;3,8;Desembarcados;BRCE001;BRSSZ
1555887;Cabotagem;2;Carga Conteinerizada;Conteinerizada;3,8;Desembarcados;BRCE001;BRSSZ
1555887;Cabotagem;2;Carga Conteinerizada;Conteinerizada;3,8;Desembarcados;BRCE001;BRSSZ
1555887;Cabotagem;2;Carga Conteinerizada;Conteinerizada;3,8;Desembarcados;BRCE001;BRSSZ
1555887;Cabotagem;2;Carga Conteinerizada;Conteinerizada;3,8;Desembarcados;BRCE001;BRSSZ
1555887;Cabotagem;2;Carga Conteinerizada;Conteinerizada;3,8;Desembarcados;BRCE001;BRSSZ
1555887;Cabotagem;2;Carga Conteinerizada;Conteinerizada;3,8;Desembarcados;BRCE001;BRSSZ
1555887;Cabotagem;2;Carga Conteinerizada;Conteinerizada;3,8;Desembarcados;BRCE001;BRSSZ
1555887;Cabotagem;2;Carga Conteinerizada;Conteinerizada;3,8;Desembarcados;BRCE001;BRSSZ
1555887;Cabotagem;2;Carga Conteinerizada;Conteinerizada;3,8;Desembarcados;BRCE001;BRSSZ
1555887;Cabotagem;2;Carga Conteinerizada;Conteinerizada;3,8;Desembarcados;BRCE001;BRSSZ
1555887;Cabotagem;2;Carga Conteinerizada;Conteinerizada;3,8;Desembarcados;BRCE001;BRSSZ
1555887;Cabotagem;2;Carga Conteinerizada;Conteinerizada;3,8;Desembarcados;BRCE001;BRSSZ
1555887;Cabotagem;2;Carga Conteinerizada;Conteinerizada;3,8;Desembarcados;BRCE001;BRSSZ
1555887;Cabotagem;2;Carga Conteinerizada;Conteinerizada;3,8;Desembarcados;BRCE001;BRSSZ
1555887;Cabotagem;2;Carga Conteinerizada;Conteinerizada;3,8;Desembarcados;BRCE001;BRSSZ
1555887;Cabotagem;2;Carga Conteinerizada;Conteinerizada;3,8;Desembarcados;BRCE001;BRSSZ
1555887;Cabotagem;2;Carga Conteinerizada;Conteinerizada;3,8;Desembarcados;BRCE001;BRSSZ
1555887;Cabotagem;2;Carga Conteinerizada;Conteinerizada;3,8;Desembarcados;BRCE001;BRSSZ
1555887;Cabotagem;2;Carga Conteinerizada;Conteinerizada;3,8;Desembarcados;BRCE001;BRSSZ
1555887;Cabotagem;2;Carga Conteinerizada;Conteinerizada;3,8;Desembarcados;BRCE001;BRSSZ
1555887;Cabotagem;2;Carga Conteinerizada;Conteinerizada;3,8;Desembarcados;BRCE001;BRSSZ
1555887;Cabotagem;2;Carga Conteinerizada;Conteinerizada;3,8;Desembarcados;BRCE001;BRSSZ
1555887;Cabotagem;2;Carga Conteinerizada;Conteinerizada;3,8;Desembarcados;BRCE001;BRSSZ
1555887;Cabotagem;2;Carga Conteinerizada;Conteinerizada;3,8;Desembarcados;BRCE001;BRSSZ
1555887;Cabotagem;2;Carga Conteinerizada;Conteinerizada;3,8;Desembarcados;BRCE001;BRSSZ
1555887;Cabotagem;2;Carga Conteinerizada;Conteinerizada;3,8;Desembarcados;BRCE001;BRSSZ
1555887;Cabotagem;2;Carga Conteinerizada;Conteinerizada;3,8;Desembarcados;BRCE001;BRSSZ
1555887;Cabotagem;2;Carga Conteinerizada;Conteinerizada;3,8;Desembarcados;BRCE001;BRSSZ
1555887;Cabotagem;2;Carga Conteinerizada;Conteinerizada;3,8;Desembarcados;BRCE001;BRSSZ
1555887;Cabotagem;2;Carga Conteinerizada;Conteinerizada;3,8;Desembarcados;BRCE001;BRSSZ
1555887;Cabotagem;2;Carga Conteinerizada;Conteinerizada;3,8;Desembarcados;BRCE001;BRSSZ
1555887;Cabotagem;2;Carga Conteinerizada;Conteinerizada;3,8;Desembarcados;BRCE001;BRSSZ
1555887;Cabotagem;2;Carga Conteinerizada;Conteinerizada;3,8;Desembarcados;BRCE001;BRSSZ
1555887;Cabotagem;2;Carga Conteinerizada;Conteinerizada;3,8;Desembarcados;BRCE001;BRSSZ
1555887;Cabotagem;2;Carga Conteinerizada;Conteinerizada;3,8;Desembarcados;BRCE001;BRSSZ
1555887;Cabotagem;2;Carga Conteinerizada;Conteinerizada;3,8;Desembarcados;BRCE001;BRSSZ
1555887;Cabotagem;2;Carga Conteinerizada;Conteinerizada;3,8;Desembarcados;BRCE001;BRSSZ
1555887;Cabotagem;2;Carga Conteinerizada;Conteinerizada;3,8;Desembarcados;BRCE001;BRSSZ
1555887;Cabotagem;2;Carga Conteinerizada;Conteinerizada;3,8;Desembarcados;BRCE001;BRSSZ
1555887;Cabotagem;2;Carga Conteinerizada;Conteinerizada;3,8;Desembarcados;BRCE001;BRSSZ
1555887;Cabotagem;2;Carga Conteinerizada;Conteinerizada;3,8;Desembarcados;BRCE001;BRSSZ
1555887;Cabotagem;2;Carga Conteinerizada;Conteinerizada;3,8;Desembarcados;BRCE001;BRSSZ
1555887;Cabotagem;2;Carga Conteinerizada;Conteinerizada;3,8;Desembarcados;BRCE001;BRSSZ
1555887;Cabotagem;2;Carga Conteinerizada;Conteinerizada;3,8;Desembarcados;BRCE001;BRSSZ
1555887;Cabotagem;2;Carga Conteinerizada;Conteinerizada;3,8;Desembarcados;BRCE001;BRSSZ
1555887;Cabotagem;2;Carga Conteinerizada;Conteinerizada;3,8;Desembarcados;BRCE001;BRSSZ
1555887;Cabotagem;2;Carga Conteinerizada;Conteinerizada;3,8;Desembarcados;BRCE001;BRSSZ
1555887;Cabotagem;2;Carga Conteinerizada;Conteinerizada;3,8;Desembarcados;BRCE001;BRSSZ
1555887;Cabotagem;2;Carga Conteinerizada;Conteinerizada;3,8;Desembarcados;BRCE001;BRSSZ
1555887;Cabotagem;2;Carga Conteinerizada;Conteinerizada;3,8;Desembarcados;BRCE001;BRSSZ
1555887;Cabotagem;2;Carga Conteinerizada;Conteinerizada;3,8;Desembarcados;BRCE001;BRSSZ
1555887;Cabotagem;2;Carga Conteinerizada;Conteinerizada;3,8;Desembarcados;BRCE001;BRSSZ
1555887;Cabotagem;2;Carga Conteinerizada;Conteinerizada;3,8;Desembarcados;BRCE001;BRSSZ
1555887;Cabotagem;2;Carga Conteinerizada;Conteinerizada;3,8;Desembarcados;BRCE001;BRSSZ
1555887;Cabotagem;2;Carga Conteinerizada;Conteinerizada;3,8;Desembarcados;BRCE001;BRSSZ
1555887;Cabotagem;2;Carga Conteinerizada;Conteinerizada;3,8;Desembarcados;BRCE001;BRSSZ
1555887;Cabotagem;2;Carga Conteinerizada;Conteinerizada;3,8;Desembarcados;BRCE001;BRSSZ
1555887;Cabotagem;2;Carga Conteinerizada;Conteinerizada;3,8;Desembarcados;BRCE001;BRSSZ
1555887;Cabotagem;2;Carga Conteinerizada;Conteinerizada;3,8;Desembarcados;BRCE001;BRSSZ
1555887;Cabotagem;2;Carga Conteinerizada;Conteinerizada;3,8;Desembarcados;BRCE001;BRSSZ
1555887;Cabotagem;2;Carga Conteinerizada;Conteinerizada;3,8;Desembarcados;BRCE001;BRSSZ
1555887;Cabotagem;2;Carga Conteinerizada;Conteinerizada;3,8;Desembarcados;BRCE001;BRSSZ
1555887;Cabotagem;2;Carga Conteinerizada;Conteinerizada;3,8;Desembarcados;BRCE001;BRSSZ
1555887;Cabotagem;2;Carga Conteinerizada;Conteinerizada;3,8;Desembarcados;BRCE001;BRSSZ
1555887;Cabotagem;2;Carga Conteinerizada;Conteinerizada;3,8;Desembarcados;BRCE001;BRSSZ
1555887;Cabotagem;2;Carga Conteinerizada;Conteinerizada;3,8;Desembarcados;BRCE001;BRSSZ
1555887;Cabotagem;2;Carga Conteinerizada;Conteinerizada;3,8;Desembarcados;BRCE001;BRSSZ
1555887;Cabotagem;2;Carga Conteinerizada;Conteinerizada;3,8;Desembarcados;BRCE001;BRSSZ
1555887;Cabotagem;2;Carga Conteinerizada;Conteinerizada;3,8;Desembarcados;BRCE001;BRSSZ
1555887;Cabotagem;2;Carga Conteinerizada;Conteinerizada;3,8;Desembarcados;BRCE001;BRSSZ
1555887;Cabotagem;2;Carga Conteinerizada;Conteinerizada;3,8;Desembarcados;BRCE001;BRSSZ
1555887;Cabotagem;2;Carga Conteinerizada;Conteinerizada;3,8;Desembarcados;BRCE001;BRSSZ
1555887;Cabotagem;2;Carga Conteinerizada;Conteinerizada;3,8;Desembarcados;BRCE001;BRSSZ
1555887;Cabotagem;2;Carga Conteinerizada;Conteinerizada;3,8;Desembarcados;BRCE001;BRSSZ
1555887;Cabotagem;2;Carga Conteinerizada;Conteinerizada;3,8;Desembarcados;BRCE001;BRSSZ
1555887;Cabotagem;2;Carga Conteinerizada;Conteinerizada;3,8;Desembarcados;BRCE001;BRSSZ
1555887;Cabotagem;2;Carga Conteinerizada;Conteinerizada;3,8;Desembarcados;BRCE001;BRSSZ
1555887;Cabotagem;2;Carga Conteinerizada;Conteinerizada;3,8;Desembarcados;BRCE001;BRSSZ
1555887;Cabotagem;2;Carga Conteinerizada;Conteinerizada;3,8;Desembarcados;BRCE001;BRSSZ
1555887;Cabotagem;2;Carga Conteinerizada;Conteinerizada;3,8;Desembarcados;BRCE001;BRSSZ
1555887;Cabotagem;2;Carga Conteinerizada;Conteinerizada;3,8;Desembarcados;BRCE001;BRSSZ
1555887;Cabotagem;2;Carga Conteinerizada;Conteinerizada;3,8;Desembarcados;BRCE001;BRSSZ
1555887;Cabotagem;2;Carga Conteinerizada;Conteinerizada;3,8;Desembarcados;BRCE001;BRSSZ
1555887;Cabotagem;2;Carga Conteinerizada;Conteinerizada;3,8;Desembarcados;BRCE001;BRSSZ
1555887;Cabotagem;2;Carga Conteinerizada;Conteinerizada;3,8;Desembarcados;BRCE001;BRSSZ
1555887;Cabotagem;2;Carga Conteinerizada;Conteinerizada;3,8;Desembarcados;BRCE001;BRSSZ
1555887;Cabotagem;2;Carga Conteinerizada;Conteinerizada;3,8;Desembarcados;BRCE001;BRSSZ
1555887;Cabotagem;2;Carga Conteinerizada;Conteinerizada;3,8;Desembarcados;BRCE001;BRSSZ
1555887;Cabotagem;2;Carga Conteinerizada;Conteinerizada;3,8;Desembarcados;BRCE001;BRSSZ
1555887;Cabotagem;2;Carga Conteinerizada;Conteinerizada;3,8;Desembarcados;BRCE001;BRSSZ
1555887;Cabotagem;2;Carga Conteinerizada;Conteinerizada;3,8;Desembarcados;BRCE001;BRSSZ
1555887;Cabotagem;2;Carga Conteinerizada;Conteinerizada;3,8;Desembarcados;BRCE001;BRSSZ
1555887;Cabotagem;2;Carga Conteinerizada;Conteinerizada;3,8;Desembarcados;BRCE001;BRSSZ
1555887;Cabotagem;2;Carga Conteinerizada;Conteinerizada;3,8;Desembarcados;BRCE001;BRSSZ
1555887;Cabotagem;2;Carga Conteinerizada;Conteinerizada;3,8;Desembarcados;BRCE001;BRSSZ
1555887;Cabotagem;2;Carga Conteinerizada;Conteinerizada;3,8;Desembarcados;BRCE001;BRSSZ
1555887;Cabotagem;2;Carga Conteinerizada;Conteinerizada;3,8;Desembarcados;BRCE001;BRSSZ
1555887;Cabotagem;2;Carga Conteinerizada;Conteinerizada;3,8;Desembarcados;BRCE001;BRSSZ
1555887;Cabotagem;2;Carga Conteinerizada;Conteinerizada;3,8;Desembarcados;BRCE001;BRSSZ
1555887;Cabotagem;2;Carga Conteinerizada;Conteinerizada;3,8;Desembarcados;BRCE001;BRSSZ
1555887;Cabotagem;2;Carga Conteinerizada;Conteinerizada;3,8;Desembarcados;BRCE001;BRSSZ
1555887;Cabotagem;2;Carga Conteinerizada;Conteinerizada;3,8;Desembarcados;BRCE001;BRSSZ
1555887;Cabotagem;2;Carga Conteinerizada;Conteinerizada;3,8;Desembarcados;BRCE001;BRSSZ
1555887;Cabotagem;2;Carga Conteinerizada;Conteinerizada;3,8;Desembarcados;BRCE001;BRSSZ
1555887;Cabotagem;2;Carga Conteinerizada;Conteinerizada;3,8;Desembarcados;BRCE001;BRSSZ
1555887;Cabotagem;2;Carga Conteinerizada;Conteinerizada;3,8;Desembarcados;BRCE001;BRSSZ
1555887;Cabotagem;2;Carga Conteinerizada;Conteinerizada;3,8;Desembarcados;BRCE001;BRSSZ
1555887;Cabotagem;2;Carga Conteinerizada;Conteinerizada;3,8;Desembarcados;BRCE001;BRSSZ
1555887;Cabotagem;2;Carga Conteinerizada;Conteinerizada;3,8;Desembarcados;BRCE001;BRSSZ
1555887;Cabotagem;2;Carga Conteinerizada;Conteinerizada;3,8;Desembarcados;BRCE001;BRSSZ
1555887;Cabotagem;2;Carga Conteinerizada;Conteinerizada;3,8;Desembarcados;BRCE001;BRSSZ
1555887;Cabotagem;2;Carga Conteinerizada;Conteinerizada;3,8;Desembarcados;BRCE001;BRSSZ
1555887;Cabotagem;2;Carga Conteinerizada;Conteinerizada;3,8;Desembarcados;BRCE001;BRSSZ
1555887;Cabotagem;2;Carga Conteinerizada;Conteinerizada;3,8;Desembarcados;BRCE001;BRSSZ
1555887;Cabotagem;2;Carga Conteinerizada;Conteinerizada;3,8;Desembarcados;BRCE001;BRSSZ
1555887;Cabotagem;2;Carga Conteinerizada;Conteinerizada;3,8;Desembarcados;BRCE001;BRSSZ
1555887;Cabotagem;2;Carga Conteinerizada;Conteinerizada;3,8;Desembarcados;BRCE001;BRSSZ
1555887;Cabotagem;2;Carga Conteinerizada;Conteinerizada;3,8;Desembarcados;BRCE001;BRSSZ
1555887;Cabotagem;2;Carga Conteinerizada;Conteinerizada;3,8;Desembarcados;BRCE001;BRSSZ
1555887;Cabotagem;2;Carga Conteinerizada;Conteinerizada;3,8;Desembarcados;BRCE001;BRSSZ
1555887;Cabotagem;2;Carga Conteinerizada;Conteinerizada;3,8;Desembarcados;BRCE001;BRSSZ
1555887;Cabotagem;2;Carga Conteinerizada;Conteinerizada;3,8;Desembarcados;BRCE001;BRSSZ
1555887;Cabotagem;2;Carga Conteinerizada;Conteinerizada;3,8;Desembarcados;BRCE001;BRSSZ
1555887;Cabotagem;2;Carga Conteinerizada;Conteinerizada;3,8;Desembarcados;BRCE001;BRSSZ
1555887;Cabotagem;2;Carga Conteinerizada;Conteinerizada;3,8;Desembarcados;BRCE001;BRSSZ
1555887;Cabotagem;2;Carga Conteinerizada;Conteinerizada;3,8;Desembarcados;BRCE001;BRSSZ
1555887;Cabotagem;2;Carga Conteinerizada;Conteinerizada;3,8;Desembarcados;BRCE001;BRSSZ
1555887;Cabotagem;2;Carga Conteinerizada;Conteinerizada;3,8;Desembarcados;BRCE001;BRSSZ
1555887;Cabotagem;2;Carga Conteinerizada;Conteinerizada;3,8;Desembarcados;BRCE001;BRSSZ
1555887;Cabotagem;2;Carga Conteinerizada;Conteinerizada;3,8;Desembarcados;BRCE001;BRSSZ
1555887;Cabotagem;2;Carga Conteinerizada;Conteinerizada;3,8;Desembarcados;BRCE001;BRSSZ
1555887;Cabotagem;2;Carga Conteinerizada;Conteinerizada;3,8;Desembarcados;BRSC011;BRSSZ
1555887;Cabotagem;2;Carga Conteinerizada;Conteinerizada;3,8;Desembarcados;BRSC011;BRSSZ
1555887;Cabotagem;2;Carga Conteinerizada;Conteinerizada;3,8;Desembarcados;BRSC011;BRSSZ
1555887;Cabotagem;2;Carga Conteinerizada;Conteinerizada;3,8;Desembarcados;BRSC011;BRSSZ
1555887;Cabotagem;2;Carga Conteinerizada;Conteinerizada;3,8;Desembarcados;BRSC011;BRSSZ
1555887;Cabotagem;2;Carga Conteinerizada;Conteinerizada;3,8;Desembarcados;BRSC011;BRSSZ
1555887;Cabotagem;2;Carga Conteinerizada;Conteinerizada;3,8;Desembarcados;BRSC011;BRSSZ
1555887;Cabotagem;2;Carga Conteinerizada;Conteinerizada;3,8;Desembarcados;BRSC011;BRSSZ
1555887;Cabotagem;2;Carga Conteinerizada;Conteinerizada;3,8;Desembarcados;BRSC011;BRSSZ
1555887;Cabotagem;2;Carga Conteinerizada;Conteinerizada;3,8;Desembarcados;BRCE001;BRSSZ
1555887;Cabotagem;2;Carga Conteinerizada;Conteinerizada;3,8;Desembarcados;BRCE001;BRSSZ
1555887;Cabotagem;2;Carga Conteinerizada;Conteinerizada;3,8;Desembarcados;BRCE001;BRSSZ
1555887;Cabotagem;2;Carga Conteinerizada;Conteinerizada;3,8;Desembarcados;BRCE001;BRSSZ
1555887;Cabotagem;2;Carga Conteinerizada;Conteinerizada;3,8;Desembarcados;BRCE001;BRSSZ
1555887;Cabotagem;2;Carga Conteinerizada;Conteinerizada;3,8;Desembarcados;BRCE001;BRSSZ
1553850;Cabotagem;8;Carga Conteinerizada;Conteinerizada;97,833;Desembarcados;BRSSZ;BRSC011
1553850;Cabotagem;8;Carga Conteinerizada;Conteinerizada;105,277;Desembarcados;BRSSZ;BRSC011
1553850;Cabotagem;952;Carga Conteinerizada;Conteinerizada;13031,471;Desembarcados;BRSSZ;BRSC011
1561996;Cabotagem;2;Carga Conteinerizada;Conteinerizada;24,13;Desembarcados;BRSC011;BRPNG
1561996;Cabotagem;1;Carga Conteinerizada;Conteinerizada;22,68;Embarcados;BRPNG;BRSSZ
1570775;Cabotagem;162;Carga Conteinerizada;Conteinerizada;365,715;Embarcados;BRSUA;BRSSZ
1570775;Cabotagem;4;Carga Conteinerizada;Conteinerizada;8,84;Embarcados;BRSUA;BRSSZ
1570775;Cabotagem;4;Carga Conteinerizada;Conteinerizada;6,168;Embarcados;BRSUA;BRSSZ
1570775;Cabotagem;196;Carga Conteinerizada;Conteinerizada;349,58;Embarcados;BRSUA;BRSSZ
1570775;Cabotagem;12;Carga Conteinerizada;Conteinerizada;22,5;Embarcados;BRSUA;BRSSZ
1570775;Cabotagem;12;Carga Conteinerizada;Conteinerizada;18,504;Embarcados;BRSUA;BRSSZ
1572239;Cabotagem;23;Carga Conteinerizada;Conteinerizada;51,9;Embarcados;BRAM006;BRSC011
1572239;Cabotagem;80;Carga Conteinerizada;Conteinerizada;161,8;Embarcados;BRAM006;BRSC011
1572239;Cabotagem;60;Carga Conteinerizada;Conteinerizada;109,38;Embarcados;BRAM006;BRSC011
1572239;Cabotagem;6;Carga Conteinerizada;Conteinerizada;15,4;Embarcados;BRAM006;BRSC011
1572239;Cabotagem;4;Carga Conteinerizada;Conteinerizada;10,15;Embarcados;BRAM006;BRSC011
1572239;Cabotagem;300;Carga Conteinerizada;Conteinerizada;655,217;Embarcados;BRAM006;BRSC011
1572239;Cabotagem;404;Carga Conteinerizada;Conteinerizada;779,344;Embarcados;BRAM006;BRSC011
1572239;Cabotagem;2;Carga Conteinerizada;Conteinerizada;4,06;Embarcados;BRAM006;BRSC011
